类型,RemakeText,RemakeSpeaker,RemakeChar,RemakeScene,RemakeFunc,RemakeBlock,RemakeFuncType,Remake前驱,Remake后继,MatchType,MyVoiceId,MyCandidates,GtVoiceId,GtText,GtScene,GtFunc,GtBlock,Gt前驱,Gt后继
错配,うう……そうなんだけどさぁ……,0,001,mp0000_ev,EV_00_38_01,Loc_161,非TK,_entry:jump;Loc_160:next,,唯一,0010001532,0010001532,0010001538,うう……そうなんだけどさぁ……,T0401,Function_21,loc_188C,loc_1316:switch,loc_1A26:jump
错配,ありがとう。今回は本当に助かったよ。,10036,091,mp0000_ev,EV_00_38_03,_entry,非TK,,,唯一,0910001614,0910001614,0910001623,ありがとう。今回は本当に助かったよ。,T0410,Function_11,Function_11_11DA,,
错配,必ずお邪魔させてもらいます。,1,002,mp0000_ev,EV_00_38_03,_entry,非TK,,,唯一,0020001622,0020001622,0020001630,必ずお邪魔させてもらいます。,T0410,Function_11,Function_11_11DA,,
错配,ひっ……,116,015,mp0000_ev,EV_00_59_00,_entry,非TK,,,唯一,0150010692,0150010692,0150010641,ひっ……,C0403,Function_8,Function_8_26C7,,
错配,あれぇ、そういえば……ヨシュア君はどうしたの～？,123,028,mp0000_ev,EV_00_61_00,_entry,非TK,,,唯一,0280010771,0280010771,0280010772,あれぇ、そういえば……ヨシュア君はどうしたの〜？,,,,,
错配,やあ、ご苦労さん。ボースまで行くつもりかい？,10041,112,mp0000_ev,EV_01_02_00,_entry,非TK,,Loc_180:next,唯一,1120020299,1120020299,1120020287,やあ、ご苦労さん。ボースまで行くつもりかい？,T0500,Function_7,loc_DF9,Function_7_662:cond_true,loc_111D:cond_true;loc_11C4:jump;loc_111D:cond_false
错配,そうだ、この関所でも一応通行規制が行われているんだ。,10041,112,mp0000_ev,EV_01_02_00,_entry,非TK,,Loc_180:next,唯一,1120020308,1120020308,1120020296,そうだ、この関所でも一応通行規制が行われているんだ。,T0500,Function_7,loc_DF9,Function_7_662:cond_true,loc_111D:cond_true;loc_11C4:jump;loc_111D:cond_false
错配,通りたいんだったら、隣の受付で隊長から通行許可証を貰ってくれ。,10041,112,mp0000,TK_SCOTT,Loc_896,TK,,Loc_898:cond_false;Loc_897:jump,唯一,1120020309,1120020309,1120020297,通りたいんだったら、隣の受付で隊長から通行許可証を貰ってくれ。,T0500,Function_7,loc_DF9,Function_7_662:cond_true,loc_111D:cond_true;loc_11C4:jump;loc_111D:cond_false
错配,何かが排水溝の底に落ちてるみたいだね。,1,002,mp0000_ev,QS000_01_00,Loc_189,非TK,Loc_187:jump;Loc_188:cond_false;Loc_188:next,,唯一,0020150034,0020150034,0020150040,何かが排水溝の底に落ちてるみたいだね。,T0100_1,Function_4,loc_3EB1,loc_3D3E:cond_true;loc_3D3E:cond_false,loc_4085:next
错配,あのキノコの光にも同じ効果があるみたいだね。,1,002,mp0000_ev,QS001_02_00,Loc_242,非TK,Loc_241:cond_false;Loc_241:next,Loc_243:cond_false;Loc_243:next,唯一,0020150203,0020150203,0020150211,あのキノコの光にも同じ効果があるみたいですね。,R0302_1,Function_1,loc_108F,loc_EB7:cond_true;loc_EB7:cond_false,loc_1112:next
错配,あの子はもしかして……,1,002,mp0000_ev,QS005_03_00,_entry,非TK,,,唯一,0020150721,0020150721,0020150715,あの子はもしかして……,T0100_1,Function_31,loc_5130,loc_5052:jump;loc_5111:cond_true;loc_5111:cond_false,loc_52E8:jump
错配,そうか……,1,002,mp0000,TK_LOOK,Loc_298,TK,Loc_296:jump;Loc_297:next,Loc_299:jump,唯一,0020170215,0020170215,0050441805|0060060751|0130031747|0490061523|0520051069|0520060902|0540091133|0600030135|1180021563|1180021577|2630121361,そうか……|そうか……|そうか……|そうか……|そうか……|そうか……|そうか……|そうか……|そうか……|そうか……|そうか……,T3130,Function_13,loc_109C,loc_1026:cond_true;loc_1026:cond_false,loc_13F9:next
错配,そうか……,1,002,mp0000,TK_LOOK,Loc_298,TK,Loc_296:jump;Loc_297:next,Loc_299:jump,唯一,0020170215,0020170215,0050441805|0060060751|0130031747|0490061523|0520051069|0520060902|0540091133|0600030135|1180021563|1180021577|2630121361,そうか……|そうか……|そうか……|そうか……|そうか……|そうか……|そうか……|そうか……|そうか……|そうか……|そうか……,T3130,Function_13,loc_109C,loc_1026:cond_true;loc_1026:cond_false,loc_13F9:next
错配,ああ、待ってるよ。,10020,087,mp0010_04,TK_RINON,Loc_34,TK,Loc_32:jump;Loc_33:next,Loc_35:jump,唯一,0870000795,0870000795,0570080593,ああ、待ってるよ。,T3200,Function_20,Function_20_2BC0,,
错配,ああ、待ってるよ。,10020,087,mp0010_04,TK_RINON,Loc_34,TK,Loc_32:jump;Loc_33:next,Loc_35:jump,唯一,0870000795,0870000795,0570080593,ああ、待ってるよ。,T3200,Function_20,Function_20_2BC0,,
错配,お疲れさま。無事に目的を達成できたみたいね。,133,035,mp0010_05,EV_00_18_00,_entry,非TK,,,唯一,0350000634,0350000634,0350000648,お疲れさま。無事に目的を達成できたみたいね。,T0121_1,Function_2,loc_87D,Function_2_2ED:cond_true;Function_2_2ED:cond_false,loc_923:cond_true;loc_9AA:jump;loc_923:cond_false
错配,よろしく頼んだよ。,124,034,mp0010_08,EV_00_40_00,_entry,非TK,,,唯一,0340010066,0340010066,0340010062|0550070756,よろしく頼んだよ。|よろしく頼んだよ。,T3115,Function_15,Function_15_76AA,,
错配,……………………,1,002,mp0000,TK_CHEL,Loc_860,TK,Loc_858:jump;Loc_859:next,Loc_861:cond_false;Loc_862:jump,唯一,0020020001,0020020001,0010000175|0010000593|0010001076|0010001094|0010001205|0010001413|0010020202|0010051263|0010130995|0020000595|0020000698|0020001078|0020001550|0020010160|0020150486|0020170356|0020170368|0020170826|0020170871|0030020020|0030031129|0040040002|0060050429|0070180771|0280010601|0350000909|0890001539|1060150070|1080150274|1120150354|2050180265|2530151379,……………………|……………………|……………………|……………………|……………………|……………………|……………………|……………………|………ヨシュア……………|……………………|……………………|……………………|……………………|……………………|……………………|……………………|……………………|……………………|……………………|……………………|……………………（ジー）|……………………|……………………|……………………|……………………|……………………|……………………|……………………|……………………|……………………|……………………|……………………,T0311,Function_5,Function_5_D07,,
错配,あ、あっち行けよ、おまえら～！！,10007,085,mp0051_01,EV_00_24_00,Loc_50,非TK,Loc_86:jump;Loc_49:next,Loc_51:cond_false;Loc_51:next,唯一,0850000951,0850000951,0850000966,あ、あっち行けよ、おまえら〜！！,C0412,Function_3,loc_105E,Function_3_358:switch,loc_1860:switch;loc_1865:switch
错配,うわわあああん。来ないでよ、バカぁあああっ。,10005,086,mp0051_01,EV_00_24_00,Loc_50,非TK,Loc_86:jump;Loc_49:next,Loc_51:cond_false;Loc_51:next,唯一,0860000952,0860000952,0860000967,うわわあああん。来ないでよ、バカぁあああっ。,C0412,Function_3,loc_105E,Function_3_358:switch,loc_1860:switch;loc_1865:switch
错配,まったく……,10502,002,mp1000,TK_MINA,Loc_134,TK,Loc_130:cond_false,Loc_135:next,唯一,0020151017,0020151017,0020170181|0340120307|0360030581,まったく……|まったく……|まったく……,T4262,Function_9,loc_2325,loc_22CB:jump;loc_22F4:jump;loc_230A:jump;loc_2320:next,loc_23DF:next
错配,そんな事で見つかるくらいなら軍がとっくに発見してるはずだし。,0,001,mp1000_ev,EV_01_19_00,_entry,非TK,,,唯一,0010021240,0010021240,0010021218,そんな事で見つかるくらいなら軍がとっくに発見してるはずだし。,T1101,Function_23,loc_66A4,Function_23_644B:cond_true;Function_23_644B:cond_false,loc_6C47:next
错配,…………………………,1,003,mp0000,LP_1st_Clock_Tower,_entry,非TK,,Loc_1030:cond_false;Loc_1030:next,唯一,0030021220,0030021220,0010000504|0010001482|0010001576|0010001592|0010010752|0010011313|0010020101|0010020130|0010020136|0010020174|0010020183|0010021677|0010030168|0010031061|0010031896|0010031911|0010031962|0010040658|0010040661|0010051215|0010060631|0010061462|0010070359|0010080476|0010080548|0010091212|0010091232|0010100384|0010110533|0010110896|0010111343|0010120924|0010140767|0010141289|0010160180|0010180685|0010181387|0020000064|0020000068|0020000080|0020000104|0020000107|0020001042|0020001087|0020001229|0020001245|0020001251|0020001261|0020001468|0020001483|0020001565|0020001586|0020001589|0020001593|0020001601|0020010636|0020010948|0020021178|0020021241|0020031025|0020031045|0020031059|0020031897|0020031945|0020041024|0020050361|0020060314|0020061854|0020070351|0020070694|0020071459|0020081311|0020091059|0020091233|0020091254|0020100238|0020110534|0020111344|0020111424|0020111614|0020120894|0030010980|0030020141|0030031162|0040040005|0040040008|0040040027|0050021485|0050021505|0050050697|0050061316|0050070082|0050080776|0050081045|0050090512|0050090718|0060050262|0060050406|0060050458|0060050464|0060050487|0060050504|0060050567|0060050914|0060060338|0060061690|0060061839|0060061847|0060070307|0060100018|0070080230|0070080410|0070080978|0070081028|0070081039|0070081229|0070090636|0070090641|0070091596|0080080644|0090031232|0090031646|0090110889|0100140852|0140070046|0160001228|0270010473|0270021420|0270041512|0270150216|0290031214|0290031645|0290110888|0300110887|0320130121|0330130158|0340010945|0350011363|0390050425|0390050444|0400040876|0400050796|0400061027|0450061180|0450110106|0460061204|0460110107|0470061201|0470110108|0490061607|0530051030|0540071251|0540071284|0550091587|0600020869|0600020889|0620090270|0630121121|0650121089|1120150365|2000081584|2000181225|2030181038|2040180077,…………………………|…………………………|…………………………|…………………………|…………………………|…………………………|…………………………|…………………………|…………………………|…………………………|…………………………|…………………………|…………………………|…………………………|…………………………|…………………………|…………………………|…………………………|…………………………|…………………………|…………………………|……………………………|…………………………|…………………………|…………………………|…………………………|…………………………|…………………………|…………………………|…………………………|…………………………|…………………………|…………………………|…………………………|…………………………|…………………………|…………………………|…………………………|…………………………|…………………………|…………………………|…………………………|…………………………|…………………………|…………………………|…………………………|…………………………|…………………………|…………………………|…………………………|…………………………|…………………………|…………………………|…………………………|…………………………|…………………………|…………………………|…………………………|…………………………|…………………………|…………………………|…………………………|…………………………|…………………………|…………………………|…………………………|…………………………|…………………………|…………………………|…………………………|…………………………|…………………………|…………………………|…………………………|…………………………|…………………………|…………………………|…………………………|…………………………|…………………………|…………………………|…………………………|…………………………|…………………………|……………………|……………………|…………………………|…………………………|…………………………|…………………………|…………………………|…………………………|…………………………|…………………………|…………………………|…………………………|…………………………|…………………………|…………………………|…………………………|…………………………|…………………………|…………………………|…………………………|…………………………|…………………………|…………………………|…………………………|…………………………|…………………………|…………………………|…………………………|…………………………|…………………………|…………………………|…………………………|…………………………|…………………………|…………………………|…………………………|…………………………|…………………………|…………………………|…………………………|…………………………|…………………………|…………………………|…………………………|…………………………|…………………………|…………………………|…………………………|…………………………|…………………………|…………………………|…………………………|…………………………|…………………………|…………………………|…………………………|…………………………|…………………………|…………………………|…………………………|…………………………|…………………………|…………………………|…………………………|…………………………|…………………………|…………………………|…………………………|…………………………|…………………………|…………………………|…………………………|…………………………|…………………………|…………………………|…………………………|…………………………|…………………………|…………………………|…………………………,T0100,Function_27,Function_27_6DB3,,
错配,ん、どうしたの２人とも？,0,001,mp1000_ev,EV_01_19_00,_entry,非TK,,,唯一,0010021243,0010021243,0010021221,ん、どうしたの２人とも？,T1101,Function_23,loc_66A4,Function_23_644B:cond_true;Function_23_644B:cond_false,loc_6C47:next
错配,エステル、成長したね……,1,002,mp1000_ev,EV_01_19_00,_entry,非TK,,,唯一,0020021244,0020021244,0020021222,エステル、成長したね……,T1101,Function_23,loc_66A4,Function_23_644B:cond_true;Function_23_644B:cond_false,loc_6C47:next
错配,これまでの君だったら『しらみ潰しに探せばいーのよ』とか言ってそうなところだけど……,1,002,mp1000_ev,EV_01_19_00,_entry,非TK,,,唯一,0020021245,0020021245,0020021223,これまでの君だったら『しらみ潰しに探せばいーのよ』とか言ってそうなところだけど……,T1101,Function_23,loc_66A4,Function_23_644B:cond_true;Function_23_644B:cond_false,loc_6C47:next
错配,まさかエステルの口からそんな言葉が聞けるだなんて……,2,003,mp1000_ev,EV_01_19_00,_entry,非TK,,,唯一,0030021246,0030021246,0030021224,まさかエステルの口からそんな言葉が聞けるだなんて……,T1101,Function_23,loc_66A4,Function_23_644B:cond_true;Function_23_644B:cond_false,loc_6C47:next
错配,おねーさん、感無量だわ……,2,003,mp1000_ev,EV_01_19_00,_entry,非TK,,,唯一,0030021247,0030021247,0030021225,おねーさん、感無量だわ……,T1101,Function_23,loc_66A4,Function_23_644B:cond_true;Function_23_644B:cond_false,loc_6C47:next
错配,どーいうイミよっ！まったく失礼しちゃうわね！,0,001,mp1000_ev,EV_01_19_00,_entry,非TK,,,唯一,0010021248,0010021248,0010021226,どーいうイミよっ！まったく失礼しちゃうわね！,T1101,Function_23,loc_66A4,Function_23_644B:cond_true;Function_23_644B:cond_false,loc_6C47:next
错配,はは、誉めてるんだってば。,1,002,mp1000_ev,EV_01_19_00,_entry,非TK,,,唯一,0020021249,0020021249,0020021227,はは、誉めてるんだってば。,T1101,Function_23,loc_66A4,Function_23_644B:cond_true;Function_23_644B:cond_false,loc_6C47:next
错配,確かに、ロレントとは違ってボース地方はかなりの広さよ。,2,003,mp1000_ev,EV_01_19_00,_entry,非TK,,,唯一,0030021250,0030021250,0030021228,確かに、ロレントとは違ってボース地方はかなりの広さよ。,T1101,Function_23,loc_66A4,Function_23_644B:cond_true;Function_23_644B:cond_false,loc_6C47:next
错配,何か手掛かりが欲しいところね。,2,003,mp1000_ev,EV_01_19_00,_entry,非TK,,,唯一,0030021251,0030021251,0030021229,何か手掛かりが欲しいところね。,T1101,Function_23,loc_66A4,Function_23_644B:cond_true;Function_23_644B:cond_false,loc_6C47:next
错配,手掛かりかぁ……,0,001,mp1000_ev,EV_01_19_00,_entry,非TK,,,唯一,0010021252,0010021252,0010021230,手掛かりかぁ……,T1101,Function_23,loc_66A4,Function_23_644B:cond_true;Function_23_644B:cond_false,loc_6C47:next
错配,そうだ、さっき市長邸の前でナイアルたちを見かけたよね？,0,001,mp1000_ev,EV_01_19_00,_entry,非TK,,,唯一,0010021253,0010021253,0010021231,そうだ、さっき市長邸の前でナイアルたちを見かけたよね？,T1101,Function_23,loc_66A4,Function_23_644B:cond_true;Function_23_644B:cond_false,loc_6C47:next
错配,記事のネタには困ってたみたいだけど……何か知ってる可能性ないかな？,0,001,mp1000_ev,EV_01_19_00,_entry,非TK,,,唯一,0010021254,0010021254,0010021232,記事のネタには困ってたみたいだけど……何か知ってる可能性ないかな？,T1101,Function_23,loc_66A4,Function_23_644B:cond_true;Function_23_644B:cond_false,loc_6C47:next
错配,確かに、僕たちより一足先にボース入りしているはずだからね。,1,002,mp1000_ev,EV_01_19_00,_entry,非TK,,,唯一,0020021255,0020021255,0020021233,確かに、僕たちより一足先にボース入りしているはずだからね。,T1101,Function_23,loc_66A4,Function_23_644B:cond_true;Function_23_644B:cond_false,loc_6C47:next
错配,聞いてみる価値はあると思うよ。,1,002,mp1000_ev,EV_01_19_00,_entry,非TK,,,唯一,0020021256,0020021256,0020021234,聞いてみる価値はあると思うよ。,T1101,Function_23,loc_66A4,Function_23_644B:cond_true;Function_23_644B:cond_false,loc_6C47:next
错配,あの２人、どこ行ったのかなぁ？,0,001,mp1000_ev,EV_01_19_00,_entry,非TK,,,唯一,0010021257,0010021257,0010021235,あの２人、どこ行ったのかなぁ？,T1101,Function_23,loc_66A4,Function_23_644B:cond_true;Function_23_644B:cond_false,loc_6C47:next
错配,…………………………,1,002,mp0000,LP_1st_Clock_Tower,_entry,非TK,,Loc_1030:cond_false;Loc_1030:next,唯一,0020021219,0020021219,0010000504|0010001482|0010001576|0010001592|0010010752|0010011313|0010020101|0010020130|0010020136|0010020174|0010020183|0010021677|0010030168|0010031061|0010031896|0010031911|0010031962|0010040658|0010040661|0010051215|0010060631|0010061462|0010070359|0010080476|0010080548|0010091212|0010091232|0010100384|0010110533|0010110896|0010111343|0010120924|0010140767|0010141289|0010160180|0010180685|0010181387|0020000064|0020000068|0020000080|0020000104|0020000107|0020001042|0020001087|0020001229|0020001245|0020001251|0020001261|0020001468|0020001483|0020001565|0020001586|0020001589|0020001593|0020001601|0020010636|0020010948|0020021178|0020021241|0020031025|0020031045|0020031059|0020031897|0020031945|0020041024|0020050361|0020060314|0020061854|0020070351|0020070694|0020071459|0020081311|0020091059|0020091233|0020091254|0020100238|0020110534|0020111344|0020111424|0020111614|0020120894|0030010980|0030020141|0030031162|0040040005|0040040008|0040040027|0050021485|0050021505|0050050697|0050061316|0050070082|0050080776|0050081045|0050090512|0050090718|0060050262|0060050406|0060050458|0060050464|0060050487|0060050504|0060050567|0060050914|0060060338|0060061690|0060061839|0060061847|0060070307|0060100018|0070080230|0070080410|0070080978|0070081028|0070081039|0070081229|0070090636|0070090641|0070091596|0080080644|0090031232|0090031646|0090110889|0100140852|0140070046|0160001228|0270010473|0270021420|0270041512|0270150216|0290031214|0290031645|0290110888|0300110887|0320130121|0330130158|0340010945|0350011363|0390050425|0390050444|0400040876|0400050796|0400061027|0450061180|0450110106|0460061204|0460110107|0470061201|0470110108|0490061607|0530051030|0540071251|0540071284|0550091587|0600020869|0600020889|0620090270|0630121121|0650121089|1120150365|2000081584|2000181225|2030181038|2040180077,…………………………|…………………………|…………………………|…………………………|…………………………|…………………………|…………………………|…………………………|…………………………|…………………………|…………………………|…………………………|…………………………|…………………………|…………………………|…………………………|…………………………|…………………………|…………………………|…………………………|…………………………|……………………………|…………………………|…………………………|…………………………|…………………………|…………………………|…………………………|…………………………|…………………………|…………………………|…………………………|…………………………|…………………………|…………………………|…………………………|…………………………|…………………………|…………………………|…………………………|…………………………|…………………………|…………………………|…………………………|…………………………|…………………………|…………………………|…………………………|…………………………|…………………………|…………………………|…………………………|…………………………|…………………………|…………………………|…………………………|…………………………|…………………………|…………………………|…………………………|…………………………|…………………………|…………………………|…………………………|…………………………|…………………………|…………………………|…………………………|…………………………|…………………………|…………………………|…………………………|…………………………|…………………………|…………………………|…………………………|…………………………|…………………………|…………………………|…………………………|…………………………|…………………………|…………………………|…………………………|……………………|……………………|…………………………|…………………………|…………………………|…………………………|…………………………|…………………………|…………………………|…………………………|…………………………|…………………………|…………………………|…………………………|…………………………|…………………………|…………………………|…………………………|…………………………|…………………………|…………………………|…………………………|…………………………|…………………………|…………………………|…………………………|…………………………|…………………………|…………………………|…………………………|…………………………|…………………………|…………………………|…………………………|…………………………|…………………………|…………………………|…………………………|…………………………|…………………………|…………………………|…………………………|…………………………|…………………………|…………………………|…………………………|…………………………|…………………………|…………………………|…………………………|…………………………|…………………………|…………………………|…………………………|…………………………|…………………………|…………………………|…………………………|…………………………|…………………………|…………………………|…………………………|…………………………|…………………………|…………………………|…………………………|…………………………|…………………………|…………………………|…………………………|…………………………|…………………………|…………………………|…………………………|…………………………|…………………………|…………………………|…………………………|…………………………|…………………………,T0100,Function_27,Function_27_6DB3,,
错配,…………………………,1,003,mp0000,LP_1st_Clock_Tower,_entry,非TK,,Loc_1030:cond_false;Loc_1030:next,唯一,0030021220,0030021220,0010000504|0010001482|0010001576|0010001592|0010010752|0010011313|0010020101|0010020130|0010020136|0010020174|0010020183|0010021677|0010030168|0010031061|0010031896|0010031911|0010031962|0010040658|0010040661|0010051215|0010060631|0010061462|0010070359|0010080476|0010080548|0010091212|0010091232|0010100384|0010110533|0010110896|0010111343|0010120924|0010140767|0010141289|0010160180|0010180685|0010181387|0020000064|0020000068|0020000080|0020000104|0020000107|0020001042|0020001087|0020001229|0020001245|0020001251|0020001261|0020001468|0020001483|0020001565|0020001586|0020001589|0020001593|0020001601|0020010636|0020010948|0020021178|0020021241|0020031025|0020031045|0020031059|0020031897|0020031945|0020041024|0020050361|0020060314|0020061854|0020070351|0020070694|0020071459|0020081311|0020091059|0020091233|0020091254|0020100238|0020110534|0020111344|0020111424|0020111614|0020120894|0030010980|0030020141|0030031162|0040040005|0040040008|0040040027|0050021485|0050021505|0050050697|0050061316|0050070082|0050080776|0050081045|0050090512|0050090718|0060050262|0060050406|0060050458|0060050464|0060050487|0060050504|0060050567|0060050914|0060060338|0060061690|0060061839|0060061847|0060070307|0060100018|0070080230|0070080410|0070080978|0070081028|0070081039|0070081229|0070090636|0070090641|0070091596|0080080644|0090031232|0090031646|0090110889|0100140852|0140070046|0160001228|0270010473|0270021420|0270041512|0270150216|0290031214|0290031645|0290110888|0300110887|0320130121|0330130158|0340010945|0350011363|0390050425|0390050444|0400040876|0400050796|0400061027|0450061180|0450110106|0460061204|0460110107|0470061201|0470110108|0490061607|0530051030|0540071251|0540071284|0550091587|0600020869|0600020889|0620090270|0630121121|0650121089|1120150365|2000081584|2000181225|2030181038|2040180077,…………………………|…………………………|…………………………|…………………………|…………………………|…………………………|…………………………|…………………………|…………………………|…………………………|…………………………|…………………………|…………………………|…………………………|…………………………|…………………………|…………………………|…………………………|…………………………|…………………………|…………………………|……………………………|…………………………|…………………………|…………………………|…………………………|…………………………|…………………………|…………………………|…………………………|…………………………|…………………………|…………………………|…………………………|…………………………|…………………………|…………………………|…………………………|…………………………|…………………………|…………………………|…………………………|…………………………|…………………………|…………………………|…………………………|…………………………|…………………………|…………………………|…………………………|…………………………|…………………………|…………………………|…………………………|…………………………|…………………………|…………………………|…………………………|…………………………|…………………………|…………………………|…………………………|…………………………|…………………………|…………………………|…………………………|…………………………|…………………………|…………………………|…………………………|…………………………|…………………………|…………………………|…………………………|…………………………|…………………………|…………………………|…………………………|…………………………|…………………………|…………………………|…………………………|…………………………|…………………………|……………………|……………………|…………………………|…………………………|…………………………|…………………………|…………………………|…………………………|…………………………|…………………………|…………………………|…………………………|…………………………|…………………………|…………………………|…………………………|…………………………|…………………………|…………………………|…………………………|…………………………|…………………………|…………………………|…………………………|…………………………|…………………………|…………………………|…………………………|…………………………|…………………………|…………………………|…………………………|…………………………|…………………………|…………………………|…………………………|…………………………|…………………………|…………………………|…………………………|…………………………|…………………………|…………………………|…………………………|…………………………|…………………………|…………………………|…………………………|…………………………|…………………………|…………………………|…………………………|…………………………|…………………………|…………………………|…………………………|…………………………|…………………………|…………………………|…………………………|…………………………|…………………………|…………………………|…………………………|…………………………|…………………………|…………………………|…………………………|…………………………|…………………………|…………………………|…………………………|…………………………|…………………………|…………………………|…………………………|…………………………|…………………………|…………………………|…………………………,T0100,Function_27,Function_27_6DB3,,
错配,いきなりだと不審に思われるよ。,1,002,mp1000_ev,EV_01_24_00,_entry,非TK,,Loc_67:jump,唯一,0020021545,0020021545,0020021551,いきなりだと不審に思われるよ。,T1200,Function_19,Function_19_589D,,
错配,まずは、ここの村長さんに話を聞いてみた方がいいと思う。,1,002,mp1000_ev,EV_01_24_00,_entry,非TK,,Loc_67:jump,唯一,0020021546,0020021546,0020021552,まずは、ここの村長さんに話を聞いてみた方がいいと思う。,T1200,Function_19,Function_19_589D,,
错配,ん、わかった。,0,001,mp0000_ev,EV_00_30_03,_entry,非TK,,,唯一,0010021553,0010021553,0010001458|0010021213|0010021547|0010040314|0010071465|0010100304,ん、わかった。|ん、わかった。|ん、わかった。|ん、わかった。|ん、わかった。|ん、わかった。,T0401,Function_9,Function_9_643,,
错配,（…………………………）,1,002,mp1000_ev,EV_01_50_00,_entry,非TK,,,唯一,0020031276,0020031276,0060041006,（…………………………）,T2101,Function_3,Function_3_8CA,,loc_AC8:cond_true;loc_B06:jump;loc_AC8:cond_false
错配,でも参ったな……もうすぐ日が暮れる。,1,002,mp1000_ev,EV_02_02_00,Loc_208,非TK,_entry:jump;Loc_207:next,,唯一,0020040110,0020040110,0020040098,でも参ったな……もうすぐ日が暮れる。,T1300,Function_7,loc_1D46,Function_7_1B49:cond_true;Function_7_1B49:cond_false,loc_1E75:next
错配,今日はここに泊めてもらった方がいいかもしれない。,1,002,mp1000_ev,EV_02_02_00,Loc_208,非TK,_entry:jump;Loc_207:next,,唯一,0020040111,0020040111,0020040099,今日はここに泊めてもらった方がいいかもしれない。,T1300,Function_7,loc_1D46,Function_7_1B49:cond_true;Function_7_1B49:cond_false,loc_1E75:next
错配,ちょっと待て。,10588,247,mp1000_ev,EV_01_10_00,_entry,非TK,,Loc_49:jump,唯一,2470020339,2470020339,2470020683,ちょっと待て。,R1300,Function_5,loc_32B,Function_5_321:cond_true;Function_5_321:cond_false,loc_8C9:cond_true;loc_48C:cond_true;loc_521:jump;loc_48C:cond_false
错配,ま、あたしの棒術にかかれば魔獣なんてイチコロよ。,0,001,mp1000_ev,QS102_03_02,_entry,非TK,,Loc_245:cond_false;Loc_245:next,唯一,0010151232,0010151232,0010151233,ま、あたしの棒術にかかれば魔獣なんてイチコロよ。,,,,,
错配,………………………………………………………………,0,001,mp0041_01,EV_00_26_00,Loc_42,非TK,Loc_41:cond_false;Loc_41:next,,唯一,0010190016,0010190016,0050081385|0050081386|0080120185|0160001141|0270110558|0270110579|0330130206|0540070792|1230030665,………………………………………………………………|………………………………………………………………|………………………………………………………………|………………………………………………………………|………………………………………………………………|………………………………………………………………|………………………………………………………………|………………………………………………………………|………………………………………………………………,T3118,Function_5,Function_5_641,,loc_65C:cond_true;loc_67D:jump;loc_65C:cond_false
错配,………………………………………………………………,0,001,mp0041_01,EV_00_26_00,Loc_42,非TK,Loc_41:cond_false;Loc_41:next,,唯一,0010190016,0010190016,0050081385|0050081386|0080120185|0160001141|0270110558|0270110579|0330130206|0540070792|1230030665,………………………………………………………………|………………………………………………………………|………………………………………………………………|………………………………………………………………|………………………………………………………………|………………………………………………………………|………………………………………………………………|………………………………………………………………|………………………………………………………………,T3118,Function_5,Function_5_641,,loc_65C:cond_true;loc_67D:jump;loc_65C:cond_false
错配,うちの薬はよく効きますぞ。,10519,136,mp1010_01,TK_SPENCE,Loc_104,TK,Loc_101:cond_false,Loc_86:cond_false;Loc_111:cond_false;Loc_112:cond_false;Loc_113:jump,唯一,1360150960,1360150960,1360150936,うちの薬はよく効きますぞ。,T1122_1,Function_1,loc_8A5,loc_83B:jump;loc_885:cond_true;loc_885:cond_false,loc_A63:cond_true;loc_A63:cond_false
错配,おお、遊撃士の方々でしたか。,10519,136,mp1010_01,QS105_00_00,Loc_375,非TK,Loc_374:cond_false;Loc_374:next,Loc_376:cond_false;Loc_377:cond_false;Loc_378:jump,唯一,1360150963,1360150963,1360150939,おお、ブレイサーの方々でしたか。,T1122_1,Function_1,loc_8A5,loc_83B:jump;loc_885:cond_true;loc_885:cond_false,loc_A63:cond_true;loc_A63:cond_false
错配,では失礼します。,1,002,mp1010_01,QS105_00_00,Loc_385,非TK,Loc_376:jump;Loc_384:next,Loc_383:next,唯一,0020151075,0020151075,0020071179|0020150989|0020160435|0020180072|0020180345|0020180746|0020180848|0020181439,では失礼します。|では失礼します。|では失礼します。|では失礼します。|では失礼します。|では失礼します。|では失礼します。|では失礼します。,T3120,Function_9,loc_18CE,loc_17C8:jump;loc_183B:next,loc_19A1:next
错配,ここはクローゼさんの通う学園だね。,1,002,mp2000,LP_School_Door,Loc_817,非TK,Loc_813:cond_false,Loc_818:next,唯一,0020050281,0020050281,0020050153,ここはクローゼさんの通う学園だね。,T2500,Function_51,loc_5BDA,loc_5974:cond_true,loc_5E8E:cond_true;loc_5C58:cond_true;loc_5E8B:jump;loc_5C58:cond_false
错配,ここが王立学園……おっきいわねー。,0,001,mp2000,LP_School_Door,Loc_820,非TK,Loc_816:cond_false,Loc_819:next,唯一,0010050289,0010050289,0010040913|0010050283,ここが王立学園……おっきいわねー。|ここが王立学園……おっきいわねー。,T2500,Function_51,loc_6017,loc_5E8E:cond_true;loc_5E8E:cond_false,loc_604E:next
错配,このあたりに漂う匂い……これは可燃性の高い油の匂いだ。,1,002,mp2000_ev,EV_02_33_00,Loc_79,非TK,_entry:jump;Loc_78:jump;Loc_80:next,,唯一,0020050238,0020050238,0020050248,このあたりに漂う匂い……これは可燃性の高い油の匂いだ。,T2401,Function_14,loc_1D42,Function_14_1676:switch,loc_1EC2:jump
错配,多分、このあたりにぶちまけてから火を付けたんだろう。,1,002,mp2000_ev,EV_02_33_00,Loc_79,非TK,_entry:jump;Loc_78:jump;Loc_80:next,,唯一,0020050239,0020050239,0020050249,多分、このあたりにぶちまけてから火を付けたんだろう。,T2401,Function_14,loc_1D42,Function_14_1676:switch,loc_1EC2:jump
错配,己の無力さに打ちのめされたことがある……,118,014,mp2000_ev,EV_03_00_00,Loc_690,非TK,Loc_689:next,,唯一,0141070002,0141070002,0140070057,己（おのれ）の無力さに打ちのめされたことがある……,R2412,Function_2,Function_2_206,,
错配,そんな瞳をしているぞ。,118,014,mp2000_ev,EV_03_00_00,Loc_690,非TK,Loc_689:next,,唯一,0141070003,0141070003,0140070058,そんな瞳（め）をしているぞ。,R2412,Function_2,Function_2_206,,
错配,う～ん、そうよね。,0,001,mp2000_ev,QS202_01_00,Loc_148,非TK,Loc_146:jump;Loc_153:jump;Loc_149:next,Loc_155:cond_false;Loc_156:jump,唯一,0010170466,0010170466,0010170462,う〜ん、そうよね。,T2101_1,Function_7,loc_2F71,loc_2ED1:cond_true;loc_2ED1:cond_false,loc_2FEE:next
错配,うん、大丈夫よ。,0,001,mp2000_ev,QS203_00_00,Loc_222,非TK,Loc_221:cond_false;Loc_221:next,Loc_223:cond_false;Loc_223:next,唯一,0010170028,0010170028,0010160091,うん、大丈夫よ。,T2210_1,Function_0,loc_775,loc_232:jump;loc_510:cond_true;loc_510:cond_false;loc_510:next,
错配,ねえ、エステルさん。,4,006,mp2000_ev,QS206_01_01,Loc_337,非TK,Loc_332:jump;Loc_336:jump;Loc_338:next,,唯一,0060160617,0060160617,0060160691,ねえ、エステルさん。,C1501_1,Function_1,loc_1B10,loc_126D:cond_true,loc_21C3:next
错配,ジャンさん、おっはよー！,0,001,mp2010_04,EV_02_31_00,_entry,非TK,,,唯一,0010050106,0010050106,0010050075,ジャンさん、おっはよー！,T2120,Function_21,Function_21_732D,,
错配,ええ、そうだと思います。,4,006,mp2000_ev,QS205_02_00,Loc_290,非TK,Loc_288:cond_false;Loc_288:next,Loc_291:cond_false;Loc_291:next,唯一,0060160923,0060160923,0060160921,ええ、そうだと思います。,T2521_1,Function_0,loc_57E,loc_4B7:cond_true;loc_4B7:cond_false,loc_8DB:cond_true;loc_82A:cond_true;loc_733:cond_true;loc_733:cond_false;loc_733:next
错配,………………………………,11105,002,mp0000_ev,EV_00_74_00,_entry,非TK,,,唯一,0020051167,0020051167,0010051168|0010080419|0010080442|0010100353|0010111226|0010120293|0010140959|0010141154|0010141401|0010141411|0020001451|0020031040|0020040469|0020060499|0020060675|0020070892|0020111189|0020111212|0020111238|0020120072|0020120294|0020121026|0020130039|0020140603|0020140988|0020141049|0020141091|0020141100|0020141350|0030011217|0040140690|0050040201|0050070059|0050081323|0050081620|0050090506|0060051169|0060060680|0060061621|0060070271|0070081623|0080111792|0130140489|0140100048|0140111833|0140131330|0150141126|0160000195|0160001140|0460070151|0500050118|0510051170|0540091690|0540091694|0580070578|0590100678|0610081004|0620090259|0630131425|0640131208|0650120996|1260031417|1730160151|1950070635|2140100412|2300120997,………………………………|………………………………|………………………………|………………………………|………………………………|………………………………|………………………………|………………………………|………………………………|………………………………|………………………………|………………………………|………………………………|………………………………|………………………………|………………………………|………………………………|………………………………|………………………………|………………………………|………………………………|………………………………|………………………………|………………………………|………………………………|………………………………|………………………………|………………………………|………………………………|………………………………|………………………………|………………………………|………………………………|………………………………|………………………………|………………………………|………………………………|………………………………|………………………………|………………………………|………………………………|………………………………|………………………………|………………………………|………………………………|………………………………|………………………………|………………………………|………………………………|………………………………|………………………………|………………………………|………………………………|………………………………|………………………………|………………………………|………………………………|………………………………|………………………………|………………………………|………………………………|………………………………|………………………………|………………………………|………………………………|………………………………,T2533,Function_28,Function_28_1A30,,
错配,では、失礼します。,1,002,mp1061_01,EV_01_16_00,Loc_65,非TK,_entry:jump;Loc_64:cond_false;Loc_64:next,,唯一,0020170906,0020170906,0020151075|0020180811|0030020835,では失礼します。|では失礼します。|では、失礼します。,T1122_1,Function_2,loc_126F,loc_10DA:cond_true;loc_10DA:cond_false,
错配,それでは失礼します。,1,002,mp0000_ev,QS001_03_00,Loc_258,非TK,Loc_257:cond_false;Loc_257:next,,唯一,0020071390,0020071390,0020031997|0020041416|0020070760|0020081425|0020091364|0020110429|0020120136|0020150258|0020160150,それでは失礼します。|それでは失礼します。|それでは失礼します。|それでは失礼します。|それでは失礼します。|それでは失礼します。|それでは失礼します。|それでは失礼します。|それでは失礼します。,T1111,Function_5,loc_3D3,Function_5_393:jump;loc_3B8:jump;loc_3CE:next,loc_7A7:cond_true;loc_778:cond_true;loc_7A4:jump;loc_778:cond_false
错配,独立した敷地内にあるし、博士の才能を利用しているならうってつけの場所ですから。,1,002,mp3000_ev,EV_03_73_01,Loc_126,非TK,Loc_124:cond_false,Loc_127:cond_false;Loc_125:jump,唯一,0020090929,0020090929,0020090939,独立した敷地内にあるし、博士の才能を利用しているならうってつけの場所のはずです。,C3106,Function_2,loc_10DD,Function_2_226:switch,loc_15AA:jump
错配,そうか……,1,002,mp0000,TK_LOOK,Loc_298,TK,Loc_296:jump;Loc_297:next,Loc_299:jump,唯一,0020170215,0020170215,0050441805|0060060751|0130031747|0490061523|0520051069|0520060902|0540091133|0600030135|1180021563|1180021577|2630121361,そうか……|そうか……|そうか……|そうか……|そうか……|そうか……|そうか……|そうか……|そうか……|そうか……|そうか……,T3130,Function_13,loc_109C,loc_1026:cond_true;loc_1026:cond_false,loc_13F9:next
错配,ううん、気にしないで。,11510,212,mp2000_ev,QS212_01_00,Loc_454,非TK,Loc_452:jump;Loc_453:next,Loc_455:cond_false;Loc_455:next,唯一,2120181540,2120181540,0010171091,ううん、気にしないで。,T2500_1,Function_3,loc_1EDA,loc_1E53:cond_true;loc_1E53:cond_false,loc_2004:cond_true;loc_2004:cond_false;loc_2004:next
错配,わかりました。,1,002,mp0000_ev,EV_00_21_00,_entry,非TK,,,唯一,0020091280,0020091280,0020000913|0020011127|0020091136|0020100196|0020150334|0060070327|0060131078|0060131093|0590130516|0590130518,わかりました。|わかりました。|わかりました。|わかりました。|わかりました。|わかりました。|わかりました。|わかりました。|わかりました。|わかりました。,T0100,Function_44,Function_44_9988,,
错配,ええい、時間が惜しい！急いで王立競技場に向かうぞ！,120,064,mp4000_ev,EV_04_11_00,_entry,非TK,,,唯一,0641110001,0641110001,0640100823,ええい、時間が惜しい！急いで王立競技場（グランアリーナ）に向かうぞ！,T4200,Function_13,Function_13_23D9,,
错配,あ……！,0,001,mp1110,EV_01_56_02,Loc_153,非TK,Loc_152:next,,唯一,0010111253,0010111253,0010031674|0010050375|0010090967|0010120811|0010121480|0010130443|0010140258|0020081544|0070081302|0070081375|0070131494,あ……！|あ……！|あ……！|あ……！|あ……！|あ……！|あ……！|あ……！|あ……！|あ……！|あ……！,C1303,Function_3,loc_1871,loc_3F3:switch;loc_186E:next,loc_27E1:cond_true;loc_27E1:cond_false
错配,あ……,0,001,mp0010_06,TK_DEVINE,Loc_55,TK,Loc_53:jump;Loc_54:next,Loc_56:cond_false;Loc_57:jump,唯一,0010120381,0010120381,0010020321|0010031957|0010040574|0010040938|0010061410|0010070529|0010070974|0010071428|0010080210|0010101256|0010110754|0010110918|0010111200|0010111418|0010111729|0010120441|0010121104|0010130045|0010141439|0020020055|0020060646|0020110319|0020140978|0060050872|0060051342|0060060795|0060070285|0060131451|0070070380|0070070556|0070081035|0070081215|0070081302|0070090471|0070090526|0400050740|0400061011,あれ……|あ……|あ……|あ……|あ……|あ……|あ……|あ……|あ……|あ……|あ……|あ……|あ……|あ……|あ……|あ……|あ……|あ……|あ……|あ……|あ……|あ……|あ……|あ……|あ……|あ……|あ……|あ……|あ……|あ……|あ……|あ……|あ……！|あ……|あ……|あ……|あ……,R1101,Function_3,loc_298,Function_3_275:cond_true;Function_3_275:cond_false,loc_AE4:next
错配,ここが女王宮みたいだね……,1,002,mp4000_ev,EV_04_65_00,_entry,非TK,,,唯一,0020120382,0020120382,0020120442,ここが女王宮みたいだね……,T4204,Function_4,loc_C0C,Function_4_C04:cond_true;Function_4_C04:cond_false,
错配,おい……こいつら……,12252,263,mp4000_ev,EV_04_65_00,_entry,非TK,,,唯一,2630120384,2630120384,2630120444,おい……こいつら……,T4204,Function_4,loc_C0C,Function_4_C04:cond_true;Function_4_C04:cond_false,
错配,えっと……,0,001,mp1010_01,TK_LIRUL,_entry,TK,,Loc_215:jump,唯一,0010120385,0010120385,0010050304|0010100625|0010120445|0010121490|2160120022,えっと……|えっと……|えっと……|えっと……|えっと……,T2331,Function_16,Function_16_266D,,
错配,……その通りだ。,12252,263,mp4000_ev,EV_04_65_00,_entry,非TK,,,唯一,2630120388,2630120388,2630120448,……その通りだ。,T4204,Function_4,loc_C0C,Function_4_C04:cond_true;Function_4_C04:cond_false,
错配,や、やだな～。そんな大それたこと考えてないわよ。,0,001,mp4000_ev,EV_04_65_00,_entry,非TK,,,唯一,0010120391,0010120391,0010120451,や、やだな〜。そんな大それたこと考えてないわよ。,T4204,Function_4,loc_C0C,Function_4_C04:cond_true;Function_4_C04:cond_false,
错配,……おい。,12252,263,mp4000_ev,EV_04_65_00,_entry,非TK,,,唯一,2630120395,2630120395,2630120455,……おい。,T4204,Function_4,loc_C0C,Function_4_C04:cond_true;Function_4_C04:cond_false,
错配,……こんな所で何をなさっているのですか？,121,065,mp4000_ev,EV_04_65_00,_entry,非TK,,,唯一,0650120398,0650120398,0650120458,……こんな所で何をなさっているのですか？,T4204,Function_4,loc_C0C,Function_4_C04:cond_true;Function_4_C04:cond_false,
错配,夫人……,12251,262,mp4000_ev,EV_04_65_00,_entry,非TK,,,唯一,2620120399,2620120399,2620120459,夫人……,T4204,Function_4,loc_C0C,Function_4_C04:cond_true;Function_4_C04:cond_false,
错配,もうお帰りかな？,12252,263,mp4000_ev,EV_04_65_00,_entry,非TK,,,唯一,2630120400,2630120400,2630120460,もうお帰りかな？,T4204,Function_4,loc_C0C,Function_4_C04:cond_true;Function_4_C04:cond_false,
错配,武術大会で優勝したチームの者です。,12251,262,mp4000_ev,EV_04_65_00,_entry,非TK,,,唯一,2620120403,2620120403,2620120463,武術大会で優勝したチームの者です。,T4204,Function_4,loc_C0C,Function_4_C04:cond_true;Function_4_C04:cond_false,
错配,たかが遊撃士の身分ですが一応、招待客とは言えるでしょうな。,12251,262,mp4000_ev,EV_04_65_00,_entry,非TK,,,唯一,2620120404,2620120404,2620120464,たかが遊撃士の身分ですが一応、招待客とは言えるでしょうな。,T4204,Function_4,loc_C0C,Function_4_C04:cond_true;Function_4_C04:cond_false,
错配,ムッ、たかが遊撃士って……！,0,001,mp4000_ev,EV_04_65_00,_entry,非TK,,,唯一,0010120405,0010120405,0010120465,ムッ、たかが遊撃士って……！,T4204,Function_4,loc_C0C,Function_4_C04:cond_true;Function_4_C04:cond_false,
错配,無礼者っ！,121,065,mp4000_ev,EV_04_65_00,_entry,非TK,,,唯一,0650120406,0650120406,0650120466,無礼者っ！,T4204,Function_4,loc_C0C,Function_4_C04:cond_true;Function_4_C04:cond_false,
错配,あなた方は、王城の招待客を侮辱するおつもりですか！,121,065,mp4000_ev,EV_04_65_00,_entry,非TK,,,唯一,0650120407,0650120407,0650120467,あなた方は、王城の招待客を侮辱するおつもりですか！,T4204,Function_4,loc_C0C,Function_4_C04:cond_true;Function_4_C04:cond_false,
错配,たとえ招かれたのが公爵閣下でも城を来訪された方は、陛下のお客様！,121,065,mp4000_ev,EV_04_65_00,_entry,非TK,,,唯一,0650120409,0650120409,0650120469,たとえ招かれたのが公爵閣下でも城を来訪された方は、陛下のお客様！,T4204,Function_4,loc_C0C,Function_4_C04:cond_true;Function_4_C04:cond_false,
错配,……その事は聞き飽きました。,121,065,mp4000_ev,EV_04_65_00,_entry,非TK,,,唯一,0650120416,0650120416,0650120476,……その事は聞き飽きました。,T4204,Function_4,loc_C0C,Function_4_C04:cond_true;Function_4_C04:cond_false,
错配,申しわけありません、お客様。,121,065,mp4000_ev,EV_04_65_00,_entry,非TK,,,唯一,0650120417,0650120417,0650120477,申しわけありません、お客様。,T4204,Function_4,loc_C0C,Function_4_C04:cond_true;Function_4_C04:cond_false,
错配,警備上の理由で、女王宮の付近に近づくことは禁じられています。,121,065,mp4000_ev,EV_04_65_00,_entry,非TK,,,唯一,0650120418,0650120418,0650120478,警備上の理由で、女王宮の付近に近づくことは禁じられています。,T4204,Function_4,loc_C0C,Function_4_C04:cond_true;Function_4_C04:cond_false,
错配,あ……は、はい。,0,001,mp4000_ev,EV_04_65_00,_entry,非TK,,,唯一,0010120420,0010120420,0010120480,あ……は、はい。,T4204,Function_4,loc_C0C,Function_4_C04:cond_true;Function_4_C04:cond_false,
错配,どうやら彼は《輝く環》を手に入れるつもりのようなのです。,119,063,mp4000_ev,EV_04_105_01,Loc_503,非TK,Loc_502:next,,唯一,0631160002,0631160002,0630131418,どうやら彼は《輝く環（オーリオール）》を手に入れるつもりのようなのです。,T4202,Function_2,loc_1AA5,loc_142D:jump;loc_18C1:jump,
错配,『我ら、人として生きるがために  昏き闇の狭間にこれを封じん……』,119,063,mp4000_ev,EV_04_105_01,Loc_503,非TK,Loc_502:next,,唯一,0631160004,0631160004,0630131431,『我ら、人として生きるがために昏（くら）き闇の狭間にこれを封じん……』,T4202,Function_2,loc_1AA5,loc_142D:jump;loc_18C1:jump,
错配,うん、大丈夫よ。,0,001,mp2000_ev,QS203_00_00,Loc_222,非TK,Loc_221:cond_false;Loc_221:next,Loc_223:cond_false;Loc_223:next,唯一,0010170028,0010170028,0010160091,うん、大丈夫よ。,T2210_1,Function_0,loc_775,loc_232:jump;loc_510:cond_true;loc_510:cond_false;loc_510:next,
错配,そうですか……,1,002,mp2010_06,EV_02_27_03,_entry,非TK,,,唯一,0020181215,0020181215,0020120160|0020121145|0020130381|0150141650|0630131410|0650120943|1490041417,そうですか……|そうですか……|そうですか……|そうですか……|そうですか……|そうですか……|そうですか……,T4262,Function_12,Function_12_37BE,,
错配,戦いってのは拳を交える前からすでに始まっているもんだ。,7,008,mp4010_05,EV_04_23_00,_entry,非TK,,,唯一,0081040007,0081040007,0080101518,戦いってのは拳（コブシ）を交える前からすでに始まっているもんだ。,T4130,Function_8,Function_8_1FA6,,
错配,得物は導力銃だろ？,7,008,mp4010_05,EV_04_23_00,_entry,非TK,,,唯一,0081040009,0081040009,0080101566,得物（えもの）は導力銃だろ？,T4130,Function_8,Function_8_1FA6,,
错配,…………………………,126,037,mp0000,LP_1st_Clock_Tower,_entry,非TK,,Loc_1030:cond_false;Loc_1030:next,唯一,0370120268,0370120268,0010000504|0010001482|0010001576|0010001592|0010010752|0010011313|0010020101|0010020130|0010020136|0010020174|0010020183|0010021677|0010030168|0010031061|0010031896|0010031911|0010031962|0010040658|0010040661|0010051215|0010060631|0010061462|0010070359|0010080476|0010080548|0010091212|0010091232|0010100384|0010110533|0010110896|0010111343|0010120924|0010140767|0010141289|0010160180|0010180685|0010181387|0020000064|0020000068|0020000080|0020000104|0020000107|0020001042|0020001087|0020001229|0020001245|0020001251|0020001261|0020001468|0020001483|0020001565|0020001586|0020001589|0020001593|0020001601|0020010636|0020010948|0020021178|0020021241|0020031025|0020031045|0020031059|0020031897|0020031945|0020041024|0020050361|0020060314|0020061854|0020070351|0020070694|0020071459|0020081311|0020091059|0020091233|0020091254|0020100238|0020110534|0020111344|0020111424|0020111614|0020120894|0030010980|0030020141|0030031162|0040040005|0040040008|0040040027|0050021485|0050021505|0050050697|0050061316|0050070082|0050080776|0050081045|0050090512|0050090718|0060050262|0060050406|0060050458|0060050464|0060050487|0060050504|0060050567|0060050914|0060060338|0060061690|0060061839|0060061847|0060070307|0060100018|0070080230|0070080410|0070080978|0070081028|0070081039|0070081229|0070090636|0070090641|0070091596|0080080644|0090031232|0090031646|0090110889|0100140852|0140070046|0160001228|0270010473|0270021420|0270041512|0270150216|0290031214|0290031645|0290110888|0300110887|0320130121|0330130158|0340010945|0350011363|0390050425|0390050444|0400040876|0400050796|0400061027|0450061180|0450110106|0460061204|0460110107|0470061201|0470110108|0490061607|0530051030|0540071251|0540071284|0550091587|0600020869|0600020889|0620090270|0630121121|0650121089|1120150365|2000081584|2000181225|2030181038|2040180077,…………………………|…………………………|…………………………|…………………………|…………………………|…………………………|…………………………|…………………………|…………………………|…………………………|…………………………|…………………………|…………………………|…………………………|…………………………|…………………………|…………………………|…………………………|…………………………|…………………………|…………………………|……………………………|…………………………|…………………………|…………………………|…………………………|…………………………|…………………………|…………………………|…………………………|…………………………|…………………………|…………………………|…………………………|…………………………|…………………………|…………………………|…………………………|…………………………|…………………………|…………………………|…………………………|…………………………|…………………………|…………………………|…………………………|…………………………|…………………………|…………………………|…………………………|…………………………|…………………………|…………………………|…………………………|…………………………|…………………………|…………………………|…………………………|…………………………|…………………………|…………………………|…………………………|…………………………|…………………………|…………………………|…………………………|…………………………|…………………………|…………………………|…………………………|…………………………|…………………………|…………………………|…………………………|…………………………|…………………………|…………………………|…………………………|…………………………|…………………………|…………………………|…………………………|…………………………|…………………………|……………………|……………………|…………………………|…………………………|…………………………|…………………………|…………………………|…………………………|…………………………|…………………………|…………………………|…………………………|…………………………|…………………………|…………………………|…………………………|…………………………|…………………………|…………………………|…………………………|…………………………|…………………………|…………………………|…………………………|…………………………|…………………………|…………………………|…………………………|…………………………|…………………………|…………………………|…………………………|…………………………|…………………………|…………………………|…………………………|…………………………|…………………………|…………………………|…………………………|…………………………|…………………………|…………………………|…………………………|…………………………|…………………………|…………………………|…………………………|…………………………|…………………………|…………………………|…………………………|…………………………|…………………………|…………………………|…………………………|…………………………|…………………………|…………………………|…………………………|…………………………|…………………………|…………………………|…………………………|…………………………|…………………………|…………………………|…………………………|…………………………|…………………………|…………………………|…………………………|…………………………|…………………………|…………………………|…………………………|…………………………|…………………………|…………………………|…………………………,T0100,Function_27,Function_27_6DB3,,
错配,ふう、何もかもが急すぎて驚かずにはおれんわい。,124,034,mp4020_01,TK_CLAUS,Loc_81,TK,Loc_79:cond_false,Loc_82:next,唯一,0340120310,0340120310,0340120313,何もかもが急すぎて驚かずにはおれんわい。,T4262,Function_9,loc_21F9,loc_21A0:cond_true;loc_21A0:cond_false,loc_22C8:next
错配,王都に戻る前に、テレサ院長の所に立ち寄っているだけかもしれないが……,145,053,mp4020_01,TK_COLINZE,Loc_88,TK,Loc_87:cond_false,Loc_84:next,唯一,0530120326,0530120326,0530120324,王都に帰る前に、テレサ院長の所に立ち寄っているだけかもしれないが……,T4262,Function_8,loc_1457,loc_1395:cond_true;loc_1395:cond_false,loc_1617:next
错配,レナとやら！今夜の伽を申しつけるぞ！,120,064,mp4020_01,EV_04_73_00,Loc_239,非TK,_entry:jump;Loc_238:jump;Loc_240:next,Loc_241:cond_false;Loc_242:jump,唯一,0641110002,0641110002,0640121404,レナとやら！今夜の伽（とぎ）を申しつけるぞ！,T4261,Function_15,loc_4706,Function_15_4056:jump;loc_4590:jump;loc_464C:cond_true;loc_464C:cond_false;loc_464C:next,loc_4B58:cond_true;loc_4C18:jump;loc_4B58:cond_false
错配,シェラとやら！今夜の伽を申しつけるぞ！,120,064,mp4020_01,EV_04_73_00,Loc_241,非TK,Loc_239:cond_false,Loc_243:cond_false;Loc_242:jump,唯一,0641110003,0641110003,0640121405,シェラとやら！今夜の伽（とぎ）を申しつけるぞ！,T4261,Function_15,loc_4B58,loc_4706:cond_true;loc_4706:cond_false,loc_4BB9:cond_true;loc_4C18:jump;loc_4BB9:cond_false
错配,ドロシーとやら！今夜の伽を申しつけるぞ！,120,064,mp4020_01,EV_04_73_00,Loc_243,非TK,Loc_241:cond_false,Loc_242:next,唯一,0641110004,0641110004,0640121406,ドロシーとやら！今夜の伽（とぎ）を申しつけるぞ！,T4261,Function_15,loc_4BB9,loc_4B58:cond_true;loc_4B58:cond_false,loc_4C18:cond_true;loc_4C18:cond_false;loc_4C18:next
错配,もっとも今では、仕える方も立場も隔たっていますが……,121,065,mp4020_01,EV_04_73_00,Loc_245,非TK,Loc_242:jump;Loc_244:jump;Loc_246:next,,唯一,0650860013,0650860013,0650121448,もっとも今では、仕える方も立場も隔（へだ）たっていますが……,T4261,Function_15,loc_52BB,loc_4C18:jump;loc_5149:jump;loc_5203:cond_true;loc_5203:cond_false;loc_5203:next,
错配,だが、済んでしまったことをとやかく言っても詮無きことだ。,118,014,mp4020_01,EV_04_92_00,_entry,非TK,,Loc_301:next,唯一,0141070016,0141070016,0140130927,だが、済んでしまったことをとやかく言っても詮（せん）無きことだ。,T4260,Function_6,Function_6_93C,,
错配,名目は、王族を騙ったテロリスト集団の鎮圧です！,114,061,mp4020_01,EV_04_92_00,_entry,非TK,,Loc_301:next,唯一,0611100007,0611100007,0610130938,名目は、王族を騙（かた）ったテロリスト集団の鎮圧です！,T4260,Function_6,Function_6_93C,,
错配,小狡く、狭量で、ささいな事ですぐ目くじらを立てて……,120,064,mp4020_02,EV_04_104_00,_entry,非TK,,,唯一,0641110006,0641110006,0640131218,小狡（ずる）く、狭量で、ささいな事ですぐ目くじらを立てて……,T4230,Function_8,Function_8_449F,,loc_4DA8:switch;loc_4DAB:switch
错配,リシャール大佐……,0,001,mp2000_ev,EV_02_70_00,Loc_685,非TK,Loc_684:next,,唯一,0010140153,0010140153,0010120893|0020061826|0020120812,リシャール大佐……|リシャール大佐……|リシャール大佐……,T4261,Function_13,Function_13_2A4C,,
错配,あそこの鍵は、スペアがどこかに保管されているんだ。,12105,233,mp4061_01,TK_RAYMOND,Loc_52,TK,,Loc_54:cond_false;Loc_53:jump,唯一,2330130682,2330130682,2330130678,あそこの鍵は、スペアがどこかに保管されているんだ。,T4313,Function_3,loc_11AE,loc_958:cond_true;loc_958:cond_false,loc_1443:next
错配,あそこの鍵は、スペアがどこかに保管されているんだ。,12105,233,mp4061_01,TK_RAYMOND,Loc_52,TK,,Loc_54:cond_false;Loc_53:jump,唯一,2330130682,2330130682,2330130678,あそこの鍵は、スペアがどこかに保管されているんだ。,T4313,Function_3,loc_11AE,loc_958:cond_true;loc_958:cond_false,loc_1443:next
错配,あそこの鍵は、スペアがどこかに保管されているんだ。,12105,233,mp4061_01,TK_RAYMOND,Loc_52,TK,,Loc_54:cond_false;Loc_53:jump,唯一,2330130682,2330130682,2330130678,あそこの鍵は、スペアがどこかに保管されているんだ。,T4313,Function_3,loc_11AE,loc_958:cond_true;loc_958:cond_false,loc_1443:next
错配,あそこの鍵は、スペアがどこかに保管されているんだ。,12105,233,mp4061_01,TK_RAYMOND,Loc_52,TK,,Loc_54:cond_false;Loc_53:jump,唯一,2330130682,2330130682,2330130678,あそこの鍵は、スペアがどこかに保管されているんだ。,T4313,Function_3,loc_11AE,loc_958:cond_true;loc_958:cond_false,loc_1443:next
错配,だが、もっと知りたいのであれば所謂ピロートークというやつで……,3,004,mp8000,EV_02_00_00,_entry,非TK,,,唯一,0041050002,0041050002,0040040024,だが、もっと知りたいのであれば所謂（いわゆる）ピロートークというやつで……,E0000,Function_5,Function_5_1605,,
错配,帝国で出土した《古代遺物》さ。,3,004,mp8000,EV_02_00_00,_entry,非TK,,,唯一,0041050003,0041050003,0040040042,帝国で出土した《古代遺物（アーティファクト）》さ。,E0000,Function_5,Function_5_1605,,
少匹配,……ごろごろごろごろ。,10002,,mp0000,TK_IDA,Loc_496,TK,,Loc_498:cond_false;Loc_499:cond_false;Loc_500:cond_false;Loc_501:jump,无候选,,,1090150671,……ごろごろごろごろ。,T0100_1,Function_3,loc_2960,loc_2906:cond_true;loc_2906:cond_false,loc_29CF:cond_true;loc_2A14:jump;loc_29CF:cond_false
少匹配,………………（ギロッ）,121,065,mp0000,TK_LOOK,Loc_290,TK,,Loc_300:cond_false;Loc_301:jump,无候选,,,0010001434|0010160218|0020070334|0020150244|0030000264|0060060725|0650120485|1670061458,………………（じーっ）|………………|………………？|………………|………………|………………|………………（ギロッ）|………………（ポッ）,T0411,Function_10,Function_10_6CD,,
少匹配,『ホタル茸』は七耀石が豊富な土壌にしか生えないと言われている。,10073,107,mp0000,TK_OVID,Loc_702,TK,Loc_700:cond_false;Loc_700:next,Loc_703:cond_false;Loc_704:jump,无候选,,,1070150133,『ホタル茸』は七耀石（セプチウム）が豊富な土壌にしか生えないと言われている。,T0700,Function_17,loc_5DCD,loc_5D65:switch;loc_5D65:cond_false,loc_6049:jump
少匹配,要するに、マルガ山道の日陰の草むらで光るキノコを見つければいいってことね。,0,001,mp0000,TK_OVID,Loc_702,TK,Loc_700:cond_false;Loc_700:next,Loc_703:cond_false;Loc_704:jump,无候选,,,0010150138,要するに、マルガ山道の草むらで光るキノコを見つければいいってことね。,T0700,Function_17,loc_5DCD,loc_5D65:switch;loc_5D65:cond_false,loc_6049:jump
少匹配,あ～、ハラ減ったぜ、ハラ。,122,027,mp0000,TK_NIAL,Loc_961,TK,,Loc_964:cond_false;Loc_964:next,无候选,,,0270010455,あ〜、ハラ減ったぜ、ハラ。,T0131,Function_6,Function_6_188C,,loc_1A13:cond_true;loc_1977:cond_true;loc_1A10:jump;loc_1977:cond_false
少匹配,もしかしたら表紙を飾っちゃうかも❤,123,028,mp0000,TK_DROSI,_entry,TK,,Loc_965:jump,无候选,,,0280010786,もしかしたら表紙を飾っちゃうかも❤,,,,,
少匹配,ボース地方の《琥珀の塔》……,116,015,mp0000,TK_WEISMAN,_entry,TK,,Loc_967:jump,无候选,,,0150010824,ボース地方の《琥珀（こはく）の塔》……,C0403,Function_3,loc_BE5,Function_3_4A1:cond_true;Function_3_4A1:cond_false,loc_1006:cond_true;loc_10A9:jump;loc_1006:cond_false
少匹配,ルーアン地方の《紺碧の塔》……,116,015,mp0000,TK_WEISMAN,_entry,TK,,Loc_967:jump,无候选,,,0150010825,ルーアン地方の《紺碧（こんぺき）の塔》……,C0403,Function_3,loc_BE5,Function_3_4A1:cond_true;Function_3_4A1:cond_false,loc_1006:cond_true;loc_10A9:jump;loc_1006:cond_false
少匹配,ツァイス地方の《紅蓮の塔》……,116,015,mp0000,TK_WEISMAN,_entry,TK,,Loc_967:jump,无候选,,,0150010826,ツァイス地方の《紅蓮（ぐれん）の塔》……,C0403,Function_3,loc_BE5,Function_3_4A1:cond_true;Function_3_4A1:cond_false,loc_1006:cond_true;loc_10A9:jump;loc_1006:cond_false
少匹配,どの塔も、この《翡翠の塔》と同じ時代に建てられたそうですよ。,116,015,mp0000,TK_WEISMAN,_entry,TK,,Loc_967:jump,无候选,,,0150010827,どの塔も、この《翡翠（ひすい）の塔》と同じ時代に建てられたそうですよ。,C0403,Function_3,loc_BE5,Function_3_4A1:cond_true;Function_3_4A1:cond_false,loc_1006:cond_true;loc_10A9:jump;loc_1006:cond_false
少匹配,手すりについた引っかけたような跡か……,0,001,mp0000,LP_00_69_00,_entry,非TK,,,无候选,,,0010011075,手すりについた引っかけたような跡か……,T0200,Function_2,loc_2DA,Function_2_216:cond_true;Function_2_216:cond_false,loc_376:next
少匹配,遊撃士になるためにこんなに勉強させられるなんて夢にも思わなかったよ～……,0,001,mp0000_ev,EV_00_02_00,_entry,非TK,,,无候选,,,0010000235,遊撃士（ブレイサー）になるためにこんなに勉強させられるなんて夢にも思わなかったよ〜……,T0100,Function_33,Function_33_8685,,
少匹配,それじゃあ、すぐそこにある遊撃士協会に入ろうか。,1,002,mp0000_ev,EV_00_02_00,_entry,非TK,,,无候选,,,0020000242,それじゃあ、すぐそこにある遊撃士協会（ブレイサーギルド）に入ろうか。,T0100,Function_33,Function_33_8685,,
少匹配,ああ、空の女神さま……,0,001,mp0000_ev,EV_00_09_01,_entry,非TK,,Loc_63:cond_false;Loc_63:next,无候选,,,0010000516,ああ、空の女神（エイドス）さま……,T0100,Function_27,Function_27_6DB3,,
少匹配,えへへ、大丈夫だってば♪,0,001,mp0000_ev,EV_00_09_01,_entry,非TK,,Loc_63:cond_false;Loc_63:next,无候选,,,0010000526,えへへ、大丈夫だってば❤,T0100,Function_27,Function_27_6DB3,,
少匹配,さっ、早く試験しちゃいましょ！,0,001,mp0000_ev,EV_00_09_01,_entry,非TK,,Loc_63:cond_false;Loc_63:next,无候选,,,0010000527,さっ、早く試験しちゃいましょ！,,,,,
少匹配,そうだね。,1,002,mp0000_ev,EV_00_09_01,Loc_64,非TK,Loc_63:cond_false;Loc_63:next,,无候选,,,0020000544|0020010357|0020050320|0020080331|0020080565|0020151294|0020160555|0020170231|0020180298|0020980005|0090031186,そうだね。|そうだね。|そうだね。|そうだね。|そうだね。|そうだね。|そうだね。|そうだね。|そうだね。|そうだね。|そうだね。,T0100,Function_27,Function_27_6DB3,,
少匹配,２人して、北の郊外にある《翡翠の塔》に行ったらしいのよ。,133,035,mp0000_ev,EV_00_21_00,_entry,非TK,,,无候选,,,0350000899,２人して、北の郊外にある《翡翠（ひすい）の塔》に行ったらしいのよ。,T0100,Function_44,Function_44_9988,,
少匹配,了解ッ！,0,001,mp0000_ev,EV_00_21_00,_entry,非TK,,,无候选,,,0010000912|0010050631|0010130966,了解ッ！|了解ッ！|了解ッ！,T0100,Function_44,Function_44_9988,,
少匹配,王都方面行き定期飛行船、《リンデ号》、まもなく離陸します。,20700,,mp0000_ev,EV_00_26_03,_entry,非TK,,Loc_72:cond_false;Loc_73:jump,无候选,,,0880001278,王都方面行き定期飛行船、《リンデ号》、まもなく離陸します。,T0700,Function_11,Function_11_3C2E,,loc_434D:switch;loc_445B:switch;loc_45A8:switch
少匹配,ご利用の方はお急ぎください。,20700,,mp0000_ev,EV_00_26_03,_entry,非TK,,Loc_72:cond_false;Loc_73:jump,无候选,,,0880001279|0880032041|0880090011,ご利用の方はお急ぎください。|ご利用の方はお急ぎください。|ご利用の方はお急ぎください。,T0700,Function_11,Function_11_3C2E,,loc_434D:switch;loc_445B:switch;loc_45A8:switch
少匹配,ちょっと洒落た小物とか❤,0,001,mp0000_ev,EV_00_26_03,Loc_72,非TK,_entry:cond_false,Loc_73:next,无候选,,,0010001287,ちょっと洒落た小物とか❤,,,,,
少匹配,ちょっと得した気分かも♪,0,001,mp0000_ev,EV_00_32_00,Loc_85,非TK,Loc_83:jump;Loc_84:next,,无候选,,,0010001471,ちょっと得した気分かも❤,,,,,
少匹配,あっ、逃げたっ！,0,001,mp0000_ev,EV_00_34_00,Loc_100,非TK,Loc_98:jump;Loc_99:next,Loc_101:cond_false;Loc_102:jump,无候选,,,0010001496,あっ、逃げたっ！,T0401,Function_13,Function_13_C37,,loc_F15:cond_true;loc_F15:cond_false;loc_F15:next
少匹配,待ちなさいよ、こらあっ！,0,001,mp0000_ev,EV_00_34_00,Loc_100,非TK,Loc_98:jump;Loc_99:next,Loc_101:cond_false;Loc_102:jump,无候选,,,0010001497,待ちなさいよ、こらあっ！,T0401,Function_13,Function_13_C37,,loc_F15:cond_true;loc_F15:cond_false;loc_F15:next
少匹配,まだ気配は消えていない……,1,002,mp0000_ev,EV_00_34_00,Loc_100,非TK,Loc_98:jump;Loc_99:next,Loc_101:cond_false;Loc_102:jump,无候选,,,0020001498,まだ気配は消えていない……,T0401,Function_13,Function_13_C37,,loc_F15:cond_true;loc_F15:cond_false;loc_F15:next
少匹配,農園内に留まっているみたいだ。,1,002,mp0000_ev,EV_00_34_00,Loc_100,非TK,Loc_98:jump;Loc_99:next,Loc_101:cond_false;Loc_102:jump,无候选,,,0020001499,農園内に留まっているみたいだ。,T0401,Function_13,Function_13_C37,,loc_F15:cond_true;loc_F15:cond_false;loc_F15:next
少匹配,ふん、上等じゃない……,0,001,mp0000_ev,EV_00_34_00,Loc_102,非TK,Loc_100:jump;Loc_101:next,,无候选,,,0010001500,ふん、上等じゃない……,T0401,Function_13,Function_13_C37,,loc_F15:cond_true;loc_F15:cond_false;loc_F15:next
少匹配,絶対に捕まえてやるんだから！,0,001,mp0000_ev,EV_00_34_00,Loc_102,非TK,Loc_100:jump;Loc_101:next,,无候选,,,0010001501,絶対に捕まえてやるんだから！,T0401,Function_13,Function_13_C37,,loc_F15:cond_true;loc_F15:cond_false;loc_F15:next
少匹配,惜しかったね。,1,002,mp0000_ev,EV_00_35_00,Loc_121,非TK,Loc_118:cond_false,Loc_122:next,无候选,,,0020001515,惜しかったね。,T0401,Function_32,loc_25E0,Function_32_2534:cond_true;Function_32_2534:cond_false,loc_26AC:cond_true;loc_2A4C:jump;loc_26AC:cond_false
少匹配,とにかく飛び跳ねている時に背後から近づいて捕まえてみよう。,1,002,mp0000_ev,EV_00_35_00,Loc_121,非TK,Loc_118:cond_false,Loc_122:next,无候选,,,0020001516,とにかく飛び跳ねている時に背後から近づいて捕まえてみよう。,T0401,Function_32,loc_25E0,Function_32_2534:cond_true;Function_32_2534:cond_false,loc_26AC:cond_true;loc_2A4C:jump;loc_26AC:cond_false
少匹配,えっ……？,0,001,mp0000_ev,EV_00_53_01,_entry,非TK,,,无候选,,,0010061318|0010070276|0010110914|0020010373|0020020033,えっ……？|えっ……？|えっ……？|えっ……？|えっ……？,C2200,Function_5,Function_5_A48,,loc_E1F:switch;loc_EF7:switch;loc_FCF:switch
少匹配,今度会う時までに、気の利いた口説き文句を用意しとかなきゃね❤,0,001,mp0000_ev,EV_00_53_01,_entry,非TK,,,无候选,,,0010010378,今度会う時までに、気の利いた口説き文句を用意しとかなきゃね❤,,,,,
少匹配,その通りだが……なんで知ってやがるんだ？,122,027,mp0000_ev,EV_00_56_00,_entry,非TK,,,无候选,,,0270010458,その通りだが……なんで知ってやがるんだ？,T0131,Function_5,Function_5_718,,loc_1858:cond_true;loc_1888:jump;loc_1858:cond_false
少匹配,おお、ようやく来たか！ホント待ちくたびれちまったぜ。,122,027,mp0000_ev,EV_00_56_00,_entry,非TK,,,无候选,,,0270010462,おお、ようやく来たか！ホント待ちくたびれちまったぜ。,T0131,Function_5,Function_5_718,,loc_1858:cond_true;loc_1888:jump;loc_1858:cond_false
少匹配,な、なんだとぉ！？,122,027,mp0000_ev,EV_00_56_00,_entry,非TK,,,无候选,,,0270010467,な、なんだとぉ！？,T0131,Function_5,Function_5_718,,loc_1858:cond_true;loc_1888:jump;loc_1858:cond_false
少匹配,ち、仕方ねえな……今回はそれで手を打つか……,122,027,mp0000_ev,EV_00_56_00,_entry,非TK,,,无候选,,,0270010472,ち、仕方ねえな……今回はそれで手を打つか……,T0131,Function_5,Function_5_718,,loc_1858:cond_true;loc_1888:jump;loc_1858:cond_false
少匹配,そうじゃねえ！『代わりに務めさせてもらう』だ！,122,027,mp0000_ev,EV_00_56_00,_entry,非TK,,,无候选,,,0270010476,そうじゃねえ！『代わりに務めさせてもらう』だ！,T0131,Function_5,Function_5_718,,loc_1858:cond_true;loc_1888:jump;loc_1858:cond_false
少匹配,おいおい、冗談キツイぜ……,122,027,mp0000_ev,EV_00_56_00,_entry,非TK,,,无候选,,,0270010480,おいおい、冗談キツイぜ……,T0131,Function_5,Function_5_718,,loc_1858:cond_true;loc_1888:jump;loc_1858:cond_false
少匹配,なーにが乙女だ。色気のねぇ格好をしやがって。,122,027,mp0000_ev,EV_00_56_00,_entry,非TK,,,无候选,,,0270010483,なーにが乙女だ。色気のねぇ格好をしやがって。,T0131,Function_5,Function_5_718,,loc_1858:cond_true;loc_1888:jump;loc_1858:cond_false
少匹配,お、俺はまだ２０代だっ。オジサン呼ばわりするんじゃねぇ！,122,027,mp0000_ev,EV_00_56_00,_entry,非TK,,,无候选,,,0270010487,お、俺はまだ２０代だっ。オジサン呼ばわりするんじゃねぇ！,T0131,Function_5,Function_5_718,,loc_1858:cond_true;loc_1888:jump;loc_1858:cond_false
少匹配,う、うむむ……これ以上、締切は伸ばせねぇし……,122,027,mp0000_ev,EV_00_56_00,_entry,非TK,,,无候选,,,0270010491,う、うむむ……これ以上、締切は伸ばせねぇし……,T0131,Function_5,Function_5_718,,loc_1858:cond_true;loc_1888:jump;loc_1858:cond_false
少匹配,《翡翠の塔》って遺跡だ。名前ぐらい聞いたことあるだろう？,122,027,mp0000_ev,EV_00_56_00,_entry,非TK,,,无候选,,,0270010503,《翡翠（ ひすい）の塔》って遺跡だ。名前ぐらい聞いたことあるだろう？,T0131,Function_5,Function_5_718,,loc_1858:cond_true;loc_1888:jump;loc_1858:cond_false
少匹配,……………,11536,,mp0000_ev,EV_00_58_00,_entry,非TK,,Loc_165:cond_false;Loc_166:jump,无候选,,,0010001158|0280010602,……………|……………,T0311,Function_12,Function_12_2ABA,,loc_3738:switch;loc_3C0B:switch;loc_40E3:switch
少匹配,行きますよー、ハイ、チーズ❤,123,028,mp0000_ev,EV_00_58_00,Loc_166,非TK,_entry:jump;Loc_165:next,,无候选,,,0280010612,行きますよー、ハイ、チーズ❤,,,,,
少匹配,で、出て行きます！今すぐ出て行きますからっ！,116,015,mp0000_ev,EV_00_59_00,_entry,非TK,,,无候选,,,0150010642,で、出て行きます！今すぐ出て行きますからっ！,C0403,Function_8,Function_8_26C7,,
少匹配,すみません、ごめんなさいっ！,116,015,mp0000_ev,EV_00_59_00,_entry,非TK,,,无候选,,,0150010647,すみません、ごめんなさいっ！,C0403,Function_8,Function_8_26C7,,
少匹配,おお、それは遊撃士協会の……,116,015,mp0000_ev,EV_00_59_00,_entry,非TK,,,无候选,,,0150010651,おお、それは遊撃士協会の……,C0403,Function_8,Function_8_26C7,,
少匹配,はあ～～っ。もう、驚かさないでくださいよ……,116,015,mp0000_ev,EV_00_59_00,_entry,非TK,,,无候选,,,0150010657,はあ〜〜っ。もう、驚かさないでくださいよ……,C0403,Function_8,Function_8_26C7,,
少匹配,──その名も『輝く環』。,116,015,mp0000_ev,EV_00_59_00,_entry,非TK,,,无候选,,,0150010684,──その名も『輝く環（オーリオール）』。,C0403,Function_8,Function_8_26C7,,
少匹配,了解。,14,,mp0000_ev,EV_00_59_00,_entry,非TK,,,无候选,,,0020010729|0020061754|0020150467|0020150495,了解。|了解。|了解。|了解。,C0403,Function_8,Function_8_26C7,,
少匹配,エッヘン❤,123,028,mp0000_ev,EV_00_61_00,_entry,非TK,,,无候选,,,0280010771,エッヘン❤,C0403,Function_7,Function_7_1FAE,,loc_241F:cond_true;loc_26C3:jump;loc_241F:cond_false
少匹配,わ、すっごく良い絵が撮れそう❤,123,028,mp0000_ev,EV_00_61_00,_entry,非TK,,,无候选,,,0280010775,わ、すっごく良い絵が撮れそう❤,C0403,Function_7,Function_7_1FAE,,loc_241F:cond_true;loc_26C3:jump;loc_241F:cond_false
少匹配,頼んだら撮らせてくれるかなぁ？,123,028,mp0000_ev,EV_00_61_00,_entry,非TK,,,无候选,,,0280010776,頼んだら撮らせてくれるかなぁ？,,,,,
少匹配,俺が知ってる遊撃士と比べたらお前なんざヒヨっ子もいいところだ。,122,027,mp0000_ev,EV_00_63_01,_entry,非TK,,,无候选,,,0270010863,俺が知ってるブレイサーと較べたらお前なんざヒヨっ子もいいところだ。,T0100,Function_28,loc_7D0F,Function_28_7C20:cond_true;Function_28_7C20:cond_false,
少匹配,あれ、手すりに傷がある。,0,001,mp0000_ev,EV_00_69_00,_entry,非TK,,,无候选,,,0010011072,あれ、手すりに傷がある。,T0200,Function_2,Function_2_216,,loc_2DA:cond_true;loc_376:jump;loc_2DA:cond_false
少匹配,本当だ……しかもまだ新しいね。,1,002,mp0000_ev,EV_00_69_00,_entry,非TK,,,无候选,,,0020011073,本当だ……しかもまだ新しいね。,T0200,Function_2,Function_2_216,,loc_2DA:cond_true;loc_376:jump;loc_2DA:cond_false
少匹配,金属製の何かを引っかけたような跡みたいだ。,1,002,mp0000_ev,EV_00_69_00,_entry,非TK,,,无候选,,,0020011074,金属製の何かを引っかけたような跡みたいだ。,T0200,Function_2,Function_2_216,,loc_2DA:cond_true;loc_376:jump;loc_2DA:cond_false
少匹配,先輩、危ないですってばぁ。そんなに無理して走ったら……,123,028,mp0000_ev,EV_00_73_00,_entry,非TK,,,无候选,,,0280011197,先輩、危ないですってばぁ。そんなに無理して走ったら……,T0100,Function_20,loc_60D8,loc_5FF3:cond_true;loc_5FF3:cond_false,loc_6148:next
少匹配,こ、これが……走らずにいられるかってんだ！,122,027,mp0000_ev,EV_00_73_00,_entry,非TK,,,无候选,,,0270011198,こ、これが……走らずにいられるかってんだ！,T0100,Function_20,loc_60D8,loc_5FF3:cond_true;loc_5FF3:cond_false,loc_6148:next
少匹配,らじゃー！,20700,,mp0000_ev,EV_00_74_00,_entry,非TK,,,无候选,,,0010000038|0010011224,らじゃー！|らじゃ〜！,T0311,Function_14,Function_14_429A,,loc_5B7C:cond_true;loc_5B4E:cond_false
少匹配,了解しました。,1,002,mp0000_ev,EV_00_74_00,_entry,非TK,,,无候选,,,0020011225|0020020456|0020071199|0020090133|0020090382|0020110962|0020130946|0020160094|0610081009,了解しました。|了解しました。|了解しました。|了解しました。|了解しました。|了解しました。|了解しました。|了解しました。|了解しました。,C0300,Function_2,Function_2_299,,
少匹配,遊撃士だと！？,20851,,mp0000_ev,EV_00_75_00,Loc_174,非TK,Loc_421:jump;Loc_424:next,Loc_175:cond_false;Loc_176:jump,无候选,,,0990011259|2630101441,遊撃士だと！？|遊撃士だと！？,C0302,Function_2,loc_110A,Function_2_3B0:jump;loc_C4F:next,loc_1714:switch;loc_1719:switch
少匹配,大丈夫、優しくしてあげるから❤,2,003,mp0000_ev,EV_00_75_01,_entry,非TK,,,无候选,,,0030011291,大丈夫、優しくしてあげるから❤,,,,,
少匹配,エステル？,1,002,mp0000_ev,EV_01_01_00,_entry,非TK,,,无候选,,,0020000940|0020020131|0020040367|0020080551,エステル？|エステル？|エステル？|エステル？,C0411,Function_2,Function_2_248,,
少匹配,僕の胸でよかったらいくらでも貸してあげるから。,21000,220,mp0000_ev,EV_01_01_01,_entry,非TK,,,无候选,,,0020020181,僕の胸でよかったらいくらでも貸してあげるから。,T0133,Function_9,Function_9_10D1,,
少匹配,おねーさん、思わず赤面しちゃったわ❤,2,003,mp0000_ev,EV_01_01_02,_entry,非TK,,,无候选,,,0030020208,おねーさん、思わず赤面しちゃったわ❤,,,,,
少匹配,レナさんの加護は空の女神に匹敵するからね。,2,003,mp0000_ev,EV_01_01_02,_entry,非TK,,,无候选,,,0030020224,レナさんの加護は空の女神（エイドス）に匹敵するからね。,T0100,Function_72,Function_72_C2A0,,
少匹配,そうだったんですか……,4,006,mp0000_ev,EV_01_01_02,_entry,非TK,,,无候选,,,0020020235|0020121449|0060130758|2180110034,そうだったんですか……|そうだったんですか……|そうだったんですか……|そうだったんですか……,T0100,Function_72,Function_72_C2A0,,
少匹配,……あれ？,1,002,mp0000_ev,QS000_01_00,Loc_187,非TK,Loc_186:cond_false;Loc_186:next,Loc_188:cond_false;Loc_189:jump,无候选,,,0010040566|0010150030,……あれ？|……あれ？,T2301,Function_13,Function_13_20D2,,loc_301D:cond_true;loc_301D:cond_false;loc_301D:next
少匹配,七耀石が豊富な土壌にしか生えないと言われているものでね。,10073,107,mp0000_ev,QS001_00_00,Loc_215,非TK,Loc_214:cond_false;Loc_214:next,,无候选,,,1070150161,七耀石（セプチウム）が豊富な土壌にしか生えないと言われているものでね。,T0700,Function_18,Function_18_6739,,
少匹配,おうっ！,0,001,mp0000_ev,QS001_02_00,Loc_250,非TK,Loc_249:cond_false;Loc_249:next,,无候选,,,0010150205|0010170169|0010170221,おうっ！|おうっ！|おうっ！,R0302_1,Function_1,loc_12A1,loc_1112:cond_true;loc_1112:cond_false,loc_1325:next
少匹配,パネルにも『第１４街道灯』って書いてある。,1,002,mp0000_ev,QS002_01_00,_entry,非TK,,Loc_259:cond_false;Loc_260:jump,无候选,,,0020150456,パネルにも『第６街道灯』って書いてある。,R0201_1,Function_0,Function_0_66,,loc_591:next
少匹配,……え？,0,001,mp0000_ev,QS002_01_00,_entry,非TK,,Loc_259:cond_false;Loc_260:jump,无候选,,,0010000482|0010061371|0010130711|0010150460|0150151114,……え？|……え？|……え？|……え？|……え？,T0120,Function_20,Function_20_A177,,
少匹配,……………………………………,12066,,mp0000_ev,QS002_01_01,Loc_269,非TK,Loc_268:cond_false,Loc_271:cond_false;Loc_272:cond_false;Loc_273:jump,无候选,,,0010020123|0010150503|0020140980|0020141431|0320041210,……………………………………|……………………………………|……………………………………|……………………………………|……………………………………,T0210,Function_3,Function_3_661,,loc_AE3:cond_true;loc_A32:cond_true;loc_AE0:jump;loc_A32:cond_false
少匹配,むふふ㈱あたしってばアタマ良すぎ！,0,001,mp0000_ev,QS002_01_01,Loc_271,非TK,Loc_269:cond_false,Loc_270:next,无候选,,,0010150549,むふふあたしってばアタマ良すぎ！,R0201_1,Function_4,Function_4_1C6C,,
少匹配,お疲れ、エステル。,1,002,mp0000_ev,QS002_01_01,Loc_271,非TK,Loc_269:cond_false,Loc_270:next,无候选,,,0020150530,お疲れ、エステル。,R0201_1,Function_4,Function_4_1C6C,,
少匹配,あっ、あのネコ！,0,001,mp0000_ev,QS005_03_00,_entry,非TK,,,无候选,,,0010150713,あっ、あのネコ！,T0100_1,Function_25,loc_4D2E,Function_25_4D21:cond_true;Function_25_4D21:cond_false,loc_4F87:cond_true;loc_4F87:jump;loc_4F87:cond_false
少匹配,エステル、ちょっと待って。,1,002,mp0000_ev,QS005_03_00,_entry,非TK,,,无候选,,,0020150714,エステル、ちょっと待って。,T1101,Function_18,loc_41AB,Function_18_412E:cond_true;Function_18_412E:cond_false,loc_4292:cond_true;loc_436C:jump;loc_4292:cond_false
少匹配,あー、逃げちゃうよ！,0,001,mp0000_ev,QS005_03_00,_entry,非TK,,,无候选,,,0010150722,あー、逃げちゃうよ！,T0100_1,Function_31,loc_5130,loc_5052:jump;loc_5111:cond_true;loc_5111:cond_false,loc_52E8:jump
少匹配,教会の方に行ったわね。とにかく今は追いかけないとっ！,0,001,mp0000_ev,QS005_03_00,_entry,非TK,,,无候选,,,0010150717,教会の方に行ったわね。とにかく今は追いかけないとっ！,T0100_1,Function_31,loc_5130,loc_5052:jump;loc_5111:cond_true;loc_5111:cond_false,loc_52E8:jump
少匹配,やれやれ……,14,,mp0000_ev,QS005_03_00,_entry,非TK,,,无候选,,,0020150718|0030020992|0080121561|0160140352,やれやれ……|やれやれ……|やれやれ……|やれやれ……,T0100_1,Function_31,loc_5130,loc_5052:jump;loc_5111:cond_true;loc_5111:cond_false,loc_52E8:jump
少匹配,にやゃゃあ～～。,10002,,mp0000_ev,QS005_06_00,_entry,非TK,,,无候选,,,1100150742,にやゃゃあ〜〜。,T0130_1,Function_7,loc_21B3,Function_7_20FE:jump;loc_2194:cond_true;loc_2194:cond_false,
少匹配,くすっ。おばさん、本気になっちゃうぞ～～㈱,10001,109,mp0000_ev,QS005_06_00,_entry,非TK,,,无候选,,,1090150756,くすっ。おばさん、本気になっちゃうぞ〜〜❤,,,,,
少匹配,あれ、どうしたの～？,151,,mp0000_ev,QS010_02_00,_entry,非TK,,,无候选,,,0020061464,あれ、どうしたの？,T2210,Function_11,Function_11_3638,,
少匹配,シェラさん、あぶない！,14,,mp0000_ev,MayaEvent00_75_01,Loc_381,非TK,Loc_380:cond_false;Loc_380:next,Loc_382:cond_false;Loc_382:jump,无候选,,,0020011296,シェラさん、あぶない！,C0302,Function_2,loc_1719,loc_110A:switch;loc_1714:jump,loc_2F06:next
少匹配,導力砲！？,14,,mp0000_ev,MayaEvent00_75_01,Loc_381,非TK,Loc_380:cond_false;Loc_380:next,Loc_382:cond_false;Loc_382:jump,无候选,,,0030011297,導力砲（オーバルカノン）！？,C0302,Function_2,loc_1719,loc_110A:switch;loc_1714:jump,loc_2F06:next
少匹配,シェラ姉、大丈夫！？,14,,mp0000_ev,MayaEvent00_75_01,Loc_381,非TK,Loc_380:cond_false;Loc_380:next,Loc_382:cond_false;Loc_382:jump,无候选,,,0010011298,シェラ姉、大丈夫！？,C0302,Function_2,loc_1719,loc_110A:switch;loc_1714:jump,loc_2F06:next
少匹配,平気よ！それより上に注意なさい！,14,,mp0000_ev,MayaEvent00_75_01,Loc_381,非TK,Loc_380:cond_false;Loc_380:next,Loc_382:cond_false;Loc_382:jump,无候选,,,0030011299,平気よ！それより上に注意なさい！,C0302,Function_2,loc_1719,loc_110A:switch;loc_1714:jump,loc_2F06:next
少匹配,ひ、飛行艇！？,14,,mp0000_ev,MayaEvent00_75_01,Loc_381,非TK,Loc_380:cond_false;Loc_380:next,Loc_382:cond_false;Loc_382:jump,无候选,,,0010011300,ひ、飛行艇！？,C0302,Function_2,loc_1719,loc_110A:switch;loc_1714:jump,loc_2F06:next
少匹配,あはは、形勢逆転だねっ！,14,,mp0000_ev,MayaEvent00_75_01,Loc_381,非TK,Loc_380:cond_false;Loc_380:next,Loc_382:cond_false;Loc_382:jump,无候选,,,0090011301,あはは、形勢逆転だねっ！,C0302,Function_2,loc_1719,loc_110A:switch;loc_1714:jump,loc_2F06:next
少匹配,ジョゼット、大丈夫か！？,14,,mp0000_ev,MayaEvent00_75_01,Loc_381,非TK,Loc_380:cond_false;Loc_380:next,Loc_382:cond_false;Loc_382:jump,无候选,,,0290011302,ジョゼット、大丈夫か！？,C0302,Function_2,loc_1719,loc_110A:switch;loc_1714:jump,loc_2F06:next
少匹配,キール兄！ずいぶん遅かったじゃないか！,14,,mp0000_ev,MayaEvent00_75_01,Loc_381,非TK,Loc_380:cond_false;Loc_380:next,Loc_382:cond_false;Loc_382:jump,无候选,,,0090011303,キール兄！ずいぶん遅かったじゃないか！,C0302,Function_2,loc_1719,loc_110A:switch;loc_1714:jump,loc_2F06:next
少匹配,まあいいや、早く加勢してよ！,14,,mp0000_ev,MayaEvent00_75_01,Loc_381,非TK,Loc_380:cond_false;Loc_380:next,Loc_382:cond_false;Loc_382:jump,无候选,,,0090011304,まあいいや、早く加勢してよ！,C0302,Function_2,loc_1719,loc_110A:switch;loc_1714:jump,loc_2F06:next
少匹配,いや、ロレント進出はお預けだ。,14,,mp0000_ev,MayaEvent00_75_01,Loc_382,非TK,Loc_381:cond_false;Loc_381:jump,Loc_383:cond_false;Loc_383:next,无候选,,,0290011305,いや、ロレント進出はお預けだ。,C0302,Function_2,loc_1719,loc_110A:switch;loc_1714:jump,loc_2F06:next
少匹配,お前がいない時にボースで面倒な事が起きたんだ。,14,,mp0000_ev,MayaEvent00_75_01,Loc_382,非TK,Loc_381:cond_false;Loc_381:jump,Loc_383:cond_false;Loc_383:next,无候选,,,0290011306,お前がいない時にボースで面倒な事が起きたんだ。,C0302,Function_2,loc_1719,loc_110A:switch;loc_1714:jump,loc_2F06:next
少匹配,め、面倒なこと？,14,,mp0000_ev,MayaEvent00_75_01,Loc_382,非TK,Loc_381:cond_false;Loc_381:jump,Loc_383:cond_false;Loc_383:next,无候选,,,0090011307,め、面倒なこと？,C0302,Function_2,loc_1719,loc_110A:switch;loc_1714:jump,loc_2F06:next
少匹配,いいから早く乗りな！グズグズしてると置いてくぞ。,14,,mp0000_ev,MayaEvent00_75_01,Loc_382,非TK,Loc_381:cond_false;Loc_381:jump,Loc_383:cond_false;Loc_383:next,无候选,,,0290011308,いいから早く乗りな！グズグズしてると置いてくぞ。,C0302,Function_2,loc_1719,loc_110A:switch;loc_1714:jump,loc_2F06:next
少匹配,く……,61431,,mp0000_ev,MayaEvent00_75_01,Loc_382,非TK,Loc_381:cond_false;Loc_381:jump,Loc_383:cond_false;Loc_383:next,无候选,,,0060060620|0090011309|2620081167,く……|く……|く……,T2523,Function_17,loc_5923,loc_58FE:cond_true;loc_58FE:jump,
少匹配,ま、待ちなさいよ、こらぁ！,14,,mp0000_ev,MayaEvent00_75_01,Loc_382,非TK,Loc_381:cond_false;Loc_381:jump,Loc_383:cond_false;Loc_383:next,无候选,,,0010011310,ま、待ちなさいよ、こらぁ！,C0302,Function_2,loc_1719,loc_110A:switch;loc_1714:jump,loc_2F06:next
少匹配,勝負はおあずけだ！これで勝ったと思わないでよ！,14,,mp0000_ev,MayaEvent00_75_01,Loc_382,非TK,Loc_381:cond_false;Loc_381:jump,Loc_383:cond_false;Loc_383:next,无候选,,,0090011311,勝負はおあずけだ！これで勝ったと思わないでよ！,C0302,Function_2,loc_1719,loc_110A:switch;loc_1714:jump,loc_2F06:next
少匹配,いずれ決着をつけてやるからね！,14,,mp0000_ev,MayaEvent00_75_01,Loc_382,非TK,Loc_381:cond_false;Loc_381:jump,Loc_383:cond_false;Loc_383:next,无候选,,,0090011312,いずれ決着をつけてやるからね！,C0302,Function_2,loc_1719,loc_110A:switch;loc_1714:jump,loc_2F06:next
少匹配,気をつけて行ってくるんだぞ。,10017,055,mp0010_02,TK_ELGER,Loc_11,TK,Loc_9:jump;Loc_10:next,Loc_12:cond_false;Loc_13:jump,无候选,,,0550071571,気をつけて行ってくるんだよ。,T3116,Function_11,Function_11_2E1E,,
少匹配,交換してもらうのは西のミルヒ街道にある第１４街道灯だ。,10015,084,mp0010_03,TK_FRIDAY,Loc_86,TK,Loc_84:cond_false,Loc_89:cond_false;Loc_85:jump,无候选,,,0840150392,交換してもらうのは西のミルヒ街道にある第６街道灯だ。,T0120_1,Function_2,loc_1192,Function_2_112D:switch;Function_2_112D:cond_false,loc_156C:jump
少匹配,ロレント側から数えて１４番目にある街道灯だからね。,10015,084,mp0010_03,TK_FRIDAY,Loc_86,TK,Loc_84:cond_false,Loc_89:cond_false;Loc_85:jump,无候选,,,0840150393,ロレント側から数えて６番目にある街道灯だからね。,T0120_1,Function_2,loc_1192,Function_2_112D:switch;Function_2_112D:cond_false,loc_156C:jump
少匹配,やあ、エステル、ヨシュア。,10015,084,mp0010_02,TK_elger_1st,Loc_100,TK,,Loc_108:cond_false;Loc_109:jump,无候选,,,0840150389,やあ、エステル、ヨシュア。,T0120_1,Function_0,loc_266,Function_0_66:cond_true;Function_0_66:cond_false,loc_2FE:cond_true;loc_302:jump;loc_2FE:cond_false
少匹配,オーブメント灯交換の仕事やってくれるかい？,10015,084,mp0010_03,TK_FRIDAY,Loc_89,TK,Loc_86:cond_false,Loc_85:cond_false;Loc_90:cond_false;Loc_91:cond_false;Loc_92:jump,无候选,,,0840150390,オーブメント灯交換の仕事やってくれるかい？,T0120_1,Function_0,loc_266,Function_0_66:cond_true;Function_0_66:cond_false,loc_2FE:cond_true;loc_302:jump;loc_2FE:cond_false
少匹配,交換してもらうのは西のミルヒ街道にある第５街道灯だ。,10015,084,mp0010_03,TK_FRIDAY,Loc_94,TK,Loc_92:jump;Loc_93:next,Loc_85:jump,无候选,,,0840150392,交換してもらうのは西のミルヒ街道にある第６街道灯だ。,T0120_1,Function_2,loc_1192,Function_2_112D:switch;Function_2_112D:cond_false,loc_156C:jump
少匹配,整備パネルの開錠コードは『５４４８１８』。,10015,084,mp0010_03,TK_FRIDAY,Loc_94,TK,Loc_92:jump;Loc_93:next,Loc_85:jump,无候选,,,0840150446,整備パネルの解錠コードは『５４４８１８』。,T0120_1,Function_2,loc_1192,Function_2_112D:switch;Function_2_112D:cond_false,loc_156C:jump
少匹配,エステルとヨシュア、どちらのスロットを開封するかは自分たちで決めなさい。,2,003,mp0010_03,TK_SCHERA,Loc_139,TK,Loc_136:cond_false,Loc_140:next,无候选,,,0030000452,エステルとヨシュアのどちらのスロットを開封するかは自分たちで決めなさい。,T0120,Function_10,loc_691E,loc_6852:cond_true;loc_6852:cond_false,loc_69B8:cond_true;loc_69B8:cond_false;loc_69B8:next
少匹配,工房では、導力魔法を使うための専用のオーブメントを改造したり支援用のクオーツを合成したりできるの。,2,003,mp0010_03,EV_00_06_01,_entry,非TK,,Loc_164:next,无候选,,,0030000391,工房では、導力魔法（オーバルアーツ）を使うための専用のオーブメントを改造したり支援用のクオーツを合成したりできるの。,T0120,Function_14,Function_14_7CC4,,loc_7D6F:cond_true;loc_7D6F:cond_false;loc_7D6F:next
少匹配,導力器(オーブメント)ってのは、クオーツをセットすることで色んな効果を発揮する機械のことだ。,10016,083,mp0010_03,EV_00_06_01,Loc_164,非TK,Loc_154:jump;_entry:next,Loc_150:cond_false;Loc_151:cond_false;Loc_152:cond_false;Loc_153:jump,无候选,,,0830000399,導力器とは、結晶回路（オーブメントクオーツ）をセットすることで色んな効果を発揮する機械のことだ。,T0120,Function_15,loc_80DA,loc_8DE1:jump;loc_7DAA:next,loc_8DE6:cond_true;loc_8176:cond_true;loc_81A9:jump;loc_8176:cond_false
少匹配,ここで言うオーブメントは、身体能力を高め、魔法を使えるようにする戦術オーブメントってやつのことだ。,10016,083,mp0010_03,EV_00_06_01,Loc_164,非TK,Loc_154:jump;_entry:next,Loc_150:cond_false;Loc_151:cond_false;Loc_152:cond_false;Loc_153:jump,无候选,,,0830000401,ここで言うオーブメントは、身体能力を高め、魔法を使えるようにする《戦術オーブメント》ってやつのことだ。,T0120,Function_15,loc_81E3,loc_81A9:switch,loc_8DE1:jump
少匹配,こいつは個人の適性に合わせて完璧に調整された一品物だから、持ち主によって構造が異なるぜ。,10016,083,mp0010_03,EV_00_06_01,Loc_164,非TK,Loc_154:jump;_entry:next,Loc_150:cond_false;Loc_151:cond_false;Loc_152:cond_false;Loc_153:jump,无候选,,,0830000402,こいつは個人の適性に合わせて完璧に調整された１品ものだから、持ち主によって構造が異なるぜ。,T0120,Function_15,loc_81E3,loc_81A9:switch,loc_8DE1:jump
少匹配,具体的には、属性限定のスロットやそれを繋ぐ線(ライン)の形状が違うんだが……ま、今は難しい話はよしておくとするぜ。,10016,083,mp0010_03,EV_00_06_01,Loc_164,非TK,Loc_154:jump;_entry:next,Loc_150:cond_false;Loc_151:cond_false;Loc_152:cond_false;Loc_153:jump,无候选,,,0830000403,具体的には、属性限定のスロットやスロットを結ぶ線（ライン）の形が違うんだが……ま、今は難しい話はよしておくとするぜ。,T0120,Function_15,loc_81E3,loc_81A9:switch,loc_8DE1:jump
少匹配,オーブメントの中に蓄えられた《導力》と呼ばれるエネルギーで色々とおかしな現象を起こすわけだな。,10016,083,mp0010_03,EV_00_06_01,Loc_151,非TK,Loc_164:cond_false,Loc_155:cond_false;Loc_156:cond_false;Loc_157:jump,无候选,,,0830000408,オーブメントの中に蓄えられた《導力》と呼ばれるエネルギーで色々とおかしな現象を起こすわけだな。,T0120,Function_15,loc_85EC,loc_81A9:switch,loc_8DE1:jump
少匹配,オーバルアーツじゃ舌噛んじまうからみんなアーツ、アーツって呼びやがる。ったく、最初っからそう呼べってんだ。,10016,083,mp0010_03,EV_00_06_01,Loc_151,非TK,Loc_164:cond_false,Loc_155:cond_false;Loc_156:cond_false;Loc_157:jump,无候选,,,0830000409,オーバルアーツじゃ舌噛んじまうからみんなアーツ、アーツって呼びやがる。ったく、最初（ハナ）っからそう呼べってんだ。,T0120,Function_15,loc_85EC,loc_81A9:switch,loc_8DE1:jump
少匹配,アーツにゃ色んな種類があるんだが使えるようにするには、まず工房で結晶回路(クオーツ)ってのを合成するんだ。,10016,083,mp0010_03,EV_00_06_01,Loc_151,非TK,Loc_164:cond_false,Loc_155:cond_false;Loc_156:cond_false;Loc_157:jump,无候选,,,0830000410,アーツにゃ色んな種類があるんだが使えるようにするには、まず工房で結晶回路（クオーツ）ってのを合成するんだ。,T0120,Function_15,loc_85EC,loc_81A9:switch,loc_8DE1:jump
少匹配,そのクオーツをオーブメントにセットするとアーツが使えるようになるって寸法だ。,10016,083,mp0010_03,EV_00_06_01,Loc_151,非TK,Loc_164:cond_false,Loc_155:cond_false;Loc_156:cond_false;Loc_157:jump,无候选,,,0830000411,そのクオーツをオーブメントのスロットにセットするとアーツが使えるようになるってカラクリだ。,T0120,Function_15,loc_85EC,loc_81A9:switch,loc_8DE1:jump
少匹配,平たく言うと専用の戦術オーブメントを使って発動する事のできる魔法のことだ。,10016,083,mp0010_03,EV_00_06_01,Loc_156,非TK,Loc_151:cond_false,Loc_157:next,无候选,,,0830000407,まあ、平たく言うと専用の《戦術オーブメント》を使って発動する事のできる魔法のことだ。,T0120,Function_15,loc_81E3,loc_81A9:switch,loc_8DE1:jump
少匹配,セピスってのは、魔獣が落とす七耀石の欠片のことだ。,10016,083,mp0010_03,EV_00_06_01,Loc_158,非TK,Loc_155:cond_false,Loc_161:cond_false;Loc_162:cond_false;Loc_163:jump,无候选,,,0830000420,セピスってのは、魔獣が落とす七耀石（セプチウム）の欠片のことだ。,T0120,Function_15,loc_8A02,loc_81A9:switch,loc_8DE1:jump
少匹配,ちなみにセピスは、通貨のミラにも換金できるんだが……,10016,083,mp0010_03,EV_00_06_01,Loc_158,非TK,Loc_155:cond_false,Loc_161:cond_false;Loc_162:cond_false;Loc_163:jump,无候选,,,0830000422,街ン中なら、大抵のとこでセピスは通貨のミラに換金できるんだが……,T0120,Function_15,loc_8C34,loc_81A9:switch,loc_8DE1:jump
少匹配,あら、もうクオーツをセットしたの？,2,003,mp0010_03,EV_00_08_00,Loc_177,非TK,,Loc_178:next,无候选,,,0030000446,あら、もうクオーツをセットしたの？,T0120,Function_10,loc_6AA4,loc_69B8:jump;loc_69D5:jump;loc_69EA:jump;loc_69FF:jump;loc_6A14:jump;loc_6A29:jump;loc_6A3E:jump;loc_6A53:jump;loc_6A68:jump;loc_6A7D:jump;loc_6A92:cond_true;loc_6A92:cond_false,loc_774C:cond_true;loc_7146:cond_true;loc_6D0E:cond_true;loc_7143:jump;loc_6D0E:cond_false
少匹配,ちゃんと回復と攻撃のアーツを用意できてるし、もう説明は必要ないみたいね。,2,003,mp0010_03,EV_00_08_00,Loc_177,非TK,,Loc_178:next,无候选,,,0030000447,ちゃんと回復と攻撃のアーツを用意できてるし、もう説明は必要ないみたいね。,T0120,Function_10,loc_6AA4,loc_69B8:jump;loc_69D5:jump;loc_69EA:jump;loc_69FF:jump;loc_6A14:jump;loc_6A29:jump;loc_6A3E:jump;loc_6A53:jump;loc_6A68:jump;loc_6A7D:jump;loc_6A92:cond_true;loc_6A92:cond_false,loc_774C:cond_true;loc_7146:cond_true;loc_6D0E:cond_true;loc_7143:jump;loc_6D0E:cond_false
少匹配,そうやって２人でバランスよくアーツを使い分けると戦いやすいわよ。,2,003,mp0010_03,EV_00_08_00,Loc_178,非TK,_entry:jump;Loc_177:next,Loc_179:cond_false;Loc_180:jump,无候选,,,0030000467,そうやって２人でバランスよくアーツを使い分けると戦いやすいわよ。,T0120,Function_10,loc_731D,loc_7146:cond_true;loc_7146:cond_false,loc_76D1:next
少匹配,──さて、そろそろ工房での研修も終わりに近づいてきたわね。,2,003,mp0010_03,EV_00_08_00,Loc_179,非TK,Loc_178:cond_false,Loc_180:next,无候选,,,0030000440,──さて、そろそろ工房での研修も終わりに近づいてきたわね。,T0120,Function_10,loc_6D0E,loc_6AA4:cond_true;loc_6AA4:cond_false,loc_7143:next
少匹配,最後にやってもらうのは新しいスロットの開封よ。,2,003,mp0010_03,TK_SCHERA,Loc_139,TK,Loc_136:cond_false,Loc_140:next,无候选,,,0030000441,最後にやってもらうのは新しいスロットの開封よ。,T0120,Function_10,loc_6D0E,loc_6AA4:cond_true;loc_6AA4:cond_false,loc_7143:next
少匹配,じゃあ、このセピスを使って実際にスロットを開封してみなさい。,2,003,mp0010_03,EV_00_08_00,Loc_179,非TK,Loc_178:cond_false,Loc_180:next,无候选,,,0030000444,じゃあ、このセピスを使って実際にスロットを開封してみなさい。,T0120,Function_10,loc_6D0E,loc_6AA4:cond_true;loc_6AA4:cond_false,loc_7143:next
少匹配,どっちのスロットを開封するのかはあなたたち２人で決めるといいわ。,2,003,mp0010_03,EV_00_08_00,Loc_179,非TK,Loc_178:cond_false,Loc_180:next,无候选,,,0030000475,どっちのスロットを開封するのかはあなたたち２人で決めるといいわ。,T0120,Function_10,loc_731D,loc_7146:cond_true;loc_7146:cond_false,loc_76D1:next
少匹配,ああ、どうかそれだけはっ！,123,028,mp0010_03,EV_00_57_00,_entry,非TK,,,无候选,,,0280010521,ああ、どうかそれだけはっ！,T0120,Function_15,loc_8DE6,loc_80DA:cond_true,
少匹配,でもでも、よかったぁ❤それも経費で落とせるなんて～。,123,028,mp0010_03,EV_00_57_00,_entry,非TK,,,无候选,,,0280010548,でもでも、よかったぁそれも経費で落とせるなんて〜。,T0120,Function_16,loc_953E,loc_9257:jump;loc_952A:next,loc_9B0C:cond_true;loc_9B1D:jump;loc_9B0C:cond_false
少匹配,ありがとう、助かるよ。,11087,186,mp0010_03,QS002_00_00,Loc_197,非TK,Loc_195:jump;Loc_196:next,,无候选,,,0840150404|1860170635,ありがとう、助かるよ。|ありがとう、助かるよ。,T0120_1,Function_1,loc_731,Function_1_6CC:switch;Function_1_6CC:cond_false,loc_111C:jump
少匹配,西にあるミルヒ街道の、ロレント側から数えて１４番目ね。,0,001,mp0010_03,QS002_00_00,Loc_197,非TK,Loc_195:jump;Loc_196:next,,无候选,,,0010150413,西にあるミルヒ街道の、ロレント側から数えて６番目ね。,T0120_1,Function_1,loc_731,Function_1_6CC:switch;Function_1_6CC:cond_false,loc_111C:jump
少匹配,えー、第１４街道灯のコードは『５４４８１８』だね。,10015,084,mp0010_03,QS002_00_00,Loc_197,非TK,Loc_195:jump;Loc_196:next,,无候选,,,0840150417,えー、第６街道灯のコードは『５４４８１８』だね。,T0120_1,Function_1,loc_731,Function_1_6CC:switch;Function_1_6CC:cond_false,loc_111C:jump
少匹配,分担は２人に任せるよ。,10015,084,mp0010_03,QS002_00_00,Loc_197,非TK,Loc_195:jump;Loc_196:next,,无候选,,,0840150434,仕事の分担は２人に任せるよ。,T0120_1,Function_1,loc_731,Function_1_6CC:switch;Function_1_6CC:cond_false,loc_111C:jump
少匹配,これは、結晶回路？,0,001,mp0010_03,QS002_02_00,_entry,非TK,,,无候选,,,0010150599,これは、結晶回路（クオーツ）？,T0120_1,Function_3,loc_15BB,Function_3_157D:jump;loc_1593:next,loc_1B39:cond_true;loc_1BC8:jump;loc_1B39:cond_false
少匹配,あ、そーだった。,0,001,mp0010_04,TK_RINON,Loc_64,TK,Loc_62:jump;Loc_63:next,Loc_65:cond_false;Loc_66:jump,无候选,,,0010000813,あ、そうだった☆,T0121,Function_9,loc_6F2C,loc_67B2:cond_true,loc_781E:cond_true;loc_776C:cond_true;loc_727F:cond_true;loc_7347:jump;loc_727F:cond_false
少匹配,まいど、１００ミラいただくよ。,10020,087,mp0010_04,EV_00_20_00,Loc_134,非TK,_entry:jump;Loc_133:next,Loc_135:cond_false;Loc_135:next,无候选,,,0870000818,まいど、１００ミラいただくよ。,T0121,Function_9,loc_6F2C,loc_67B2:cond_true,loc_781E:cond_true;loc_776C:cond_true;loc_727F:cond_true;loc_7347:jump;loc_727F:cond_false
少匹配,やばっ！ミラが足りないわ！,0,001,mp0010_04,EV_00_20_00,Loc_134,非TK,_entry:jump;Loc_133:next,Loc_135:cond_false;Loc_135:next,无候选,,,0010000819,やばっ！ミラが足りないわ！,T0121,Function_9,loc_727F,loc_6F2C:cond_true;loc_6F2C:cond_false,loc_7347:next
少匹配,まったく、無駄遣いをするなって父さんに言われていたのに……,1,002,mp0010_04,EV_00_20_00,Loc_134,非TK,_entry:jump;Loc_133:next,Loc_135:cond_false;Loc_135:next,无候选,,,0020000820,まったく、無駄遣いをするなって父さんに言われていたのに……,T0121,Function_9,loc_727F,loc_6F2C:cond_true;loc_6F2C:cond_false,loc_7347:next
少匹配,仕方ない。僕が立て替えておくよ。,1,002,mp0010_04,EV_00_20_00,Loc_134,非TK,_entry:jump;Loc_133:next,Loc_135:cond_false;Loc_135:next,无候选,,,0020000821,仕方ない。僕が立て替えておくよ。,T0121,Function_9,loc_727F,loc_6F2C:cond_true;loc_6F2C:cond_false,loc_7347:next
少匹配,うちの父さん、いつもこの雑誌買ってるけど……,0,001,mp0010_04,EV_00_20_00,Loc_136,非TK,Loc_135:cond_false;Loc_135:next,Loc_137:cond_false;Loc_138:jump,无候选,,,0010000823,うちの父さん、いつもこの雑誌買ってるけど……,T0121,Function_9,loc_7347,loc_6F2C:jump;loc_727F:next,loc_781B:jump
少匹配,コレ、そんなに売れてるんだ？,0,001,mp0010_04,EV_00_20_00,Loc_136,非TK,Loc_135:cond_false;Loc_135:next,Loc_137:cond_false;Loc_138:jump,无候选,,,0010000824,コレ、そんなに売れてるんだ？,T0121,Function_9,loc_7347,loc_6F2C:jump;loc_727F:next,loc_781B:jump
少匹配,腕のいい記者とカメラマンがスクープを物にしてるらしくてね。,10020,087,mp0010_04,EV_00_20_00,Loc_136,非TK,Loc_135:cond_false;Loc_135:next,Loc_137:cond_false;Loc_138:jump,无候选,,,0870000825,腕のいい記者とカメラマンがスクープを物にしてるらしくてね。,T0121,Function_9,loc_7347,loc_6F2C:jump;loc_727F:next,loc_781B:jump
少匹配,あと、女王生誕祭に関連した連載記事が当たっているらしいよ。,10020,087,mp0010_04,EV_00_20_00,Loc_136,非TK,Loc_135:cond_false;Loc_135:next,Loc_137:cond_false;Loc_138:jump,无候选,,,0870000826,あと、女王生誕祭に関連した連載記事が当たってるらしいよ。,T0121,Function_9,loc_7347,loc_6F2C:jump;loc_727F:next,loc_781B:jump
少匹配,あ、そうそう。これは僕からのお祝いの品さ。,10020,087,mp0010_04,EV_00_20_00,Loc_138,非TK,Loc_136:jump;Loc_137:next,Loc_139:cond_false;Loc_139:next,无候选,,,0870000858,あ、そうそう。これは僕からのお祝いの品。,T0121,Function_31,Function_31_EC90,,
少匹配,ああ、魔獣と戦って傷ついた時なんかにいつも薬を使うとミラがかかるだろ？,10020,087,mp0010_04,EV_00_20_00,Loc_138,非TK,Loc_136:jump;Loc_137:next,Loc_139:cond_false;Loc_139:next,无候选,,,0870000862,魔獣と戦って傷ついた時なんかにいつも薬を使うとミラがかかるだろ？,T0121,Function_31,Function_31_EC90,,
少匹配,……そうそう、この前リノンさんのお母さんがお見合い話を持ってきたのよね。,133,035,mp0010_05,TK_AINA,Loc_38,TK,Loc_37:cond_false,Loc_39:cond_false;Loc_40:cond_false;Loc_41:jump,无候选,,,0350010450,……そうそう、この前リノンさんのお母さんがお見合いの話を持ってきたのよね。,T0121,Function_6,loc_2155,loc_99F:cond_true,loc_2340:cond_true;loc_22C1:cond_true;loc_233D:jump;loc_22C1:cond_false
少匹配,悪いけど、私はまだまだ結婚は考えていないわ。,133,035,mp0010_05,TK_AINA,Loc_38,TK,Loc_37:cond_false,Loc_39:cond_false;Loc_40:cond_false;Loc_41:jump,多候选,0350010452,0350010452|0350010580,0350010580,悪いけど、私はまだまだ結婚は考えていないわ。,T0121,Function_6,loc_2C05,loc_2340:cond_true;loc_2340:cond_false,loc_2D6B:cond_true;loc_2DEE:jump;loc_2D6B:cond_false
少匹配,フフ、本当に素敵な人が現れれば考えも変わるかもしれないけどね。,133,035,mp0010_05,TK_AINA,Loc_38,TK,Loc_37:cond_false,Loc_39:cond_false;Loc_40:cond_false;Loc_41:jump,多候选,0350010453,0350010453|0350010581,0350010581,フフ、本当に素敵な人が現れれば考えも変わるかもしれないけどね。,T0121,Function_6,loc_2C05,loc_2340:cond_true;loc_2340:cond_false,loc_2D6B:cond_true;loc_2DEE:jump;loc_2D6B:cond_false
少匹配,というわけで、今から出かけて実際に体を動かしてもらうわ。,2,003,mp0010_05,EV_00_04_00,Loc_137,非TK,Loc_151:cond_false,,无候选,,,0030000331,あちこちに出かけていって実際に体を動かしてもらうわ。,T0121,Function_22,loc_CD02,loc_C182:cond_true,
少匹配,この紋章は……,0,001,mp0010_05,EV_00_18_00,_entry,非TK,,,无候选,,,0010000688,この紋章（エンブレム）は……,T0121,Function_23,Function_23_D3EF,,
少匹配,『銀閃のシェラザード』といえば若手遊撃士の中でも１、２を争う凄腕って聞いてるけど。,0,001,mp0010_05,EV_00_18_00,_entry,非TK,,,无候选,,,0010000718,『銀閃（ぎんせん）のシェラザード』といえば若手ブレイサーの中でも１、２を争う凄腕って聞いてるけど。,T0121,Function_23,Function_23_D3EF,,
少匹配,え、いいの？,0,001,mp0010_05,EV_00_39_00,_entry,非TK,,,无候选,,,0010010006|0010031795|0010980011,え、いいの？|え、いいの？|え、いいの？,T0121,Function_6,loc_2DF1,loc_2340:cond_true,loc_38B1:cond_true;loc_36F0:cond_true;loc_38AE:jump;loc_36F0:cond_false
少匹配,かわりに、あんたの分までヨシュアに付き合ってもらうから❤,2,003,mp0010_05,EV_00_64_00,_entry,非TK,,Loc_170:cond_false;Loc_171:jump,无候选,,,0030010924,かわりに、あんたの分までヨシュアに付き合ってもらうから❤,,,,,
少匹配,んふふ、どうもヨシュアはしっかりしてそうで奥手だからね❤,2,003,mp0010_05,EV_00_64_00,_entry,非TK,,Loc_170:cond_false;Loc_171:jump,无候选,,,0030010928,んふふ、どうもヨシュアはしっかりしてそうで奥手だからね❤,T0121,Function_6,loc_FE6,loc_99F:jump;loc_EE5:next,loc_2152:jump
少匹配,酒にしても、その他にしてもお姉さんが色々仕込んであげよっか？,2,003,mp0010_05,EV_00_64_00,_entry,非TK,,Loc_170:cond_false;Loc_171:jump,无候选,,,0030010929,酒にしても、その他にしてもお姉さんが色々仕込んであげよっか？,,,,,
少匹配,た、大変じゃあ！,124,034,mp0010_05,EV_00_64_00,_entry,非TK,,Loc_170:cond_false;Loc_171:jump,无候选,,,0340010933,た、大変じゃあ！,T0121,Function_6,loc_FE6,loc_99F:jump;loc_EE5:next,loc_2152:jump
少匹配,何かあったのかな？,12059,,mp0010_05,EV_00_75_03,Loc_174,非TK,_entry:jump;Loc_173:jump;Loc_175:next,,无候选,,,0010011366,何かあったのかな？,T0121,Function_17,loc_A1D1,Function_17_9E26:jump;loc_A0C4:jump;loc_A155:cond_true;loc_A155:cond_false;loc_A155:next,loc_B1E7:cond_true;loc_B1E7:cond_false
少匹配,…………え。,0,001,mp0010_05,EV_00_75_03,Loc_174,非TK,_entry:jump;Loc_173:jump;Loc_175:next,,无候选,,,0010011390|0010130737,…………え。|…………え。,T0121,Function_17,loc_A1D1,Function_17_9E26:jump;loc_A0C4:jump;loc_A155:cond_true;loc_A155:cond_false;loc_A155:next,loc_B1E7:cond_true;loc_B1E7:cond_false
少匹配,まさか……！,14,,mp0010_05,EV_00_75_03,Loc_174,非TK,_entry:jump;Loc_173:jump;Loc_175:next,,无候选,,,0020011391|0020131483|0020140357,まさか……！|まさか……！|まさか……！,T0121,Function_17,loc_A1D1,Function_17_9E26:jump;loc_A0C4:jump;loc_A155:cond_true;loc_A155:cond_false;loc_A155:next,loc_B1E7:cond_true;loc_B1E7:cond_false
少匹配,『星』と『吊し人』……,14,,mp0010_05,MayaEvent00_04_00,Loc_181,非TK,Loc_180:cond_false;Loc_180:next,Loc_182:cond_false;Loc_182:next,无候选,,,0030000265,『星』と『吊し人（つるびと）』……,T0121,Function_22,Function_22_B4A7,,loc_C182:next
少匹配,『隠者』と『魔術師』……,14,,mp0010_05,MayaEvent00_04_00,Loc_181,非TK,Loc_180:cond_false;Loc_180:next,Loc_182:cond_false;Loc_182:next,无候选,,,0030000266,『隠者』と『魔術師』……,T0121,Function_22,Function_22_B4A7,,loc_C182:next
少匹配,そして逆位置の『運命の輪』……,14,,mp0010_05,MayaEvent00_04_00,Loc_181,非TK,Loc_180:cond_false;Loc_180:next,Loc_182:cond_false;Loc_182:next,无候选,,,0030000267,そして逆位置の『運命の輪』……,T0121,Function_22,Function_22_B4A7,,loc_C182:next
少匹配,これは難しいわね。どう読み解いたらいいのか……,14,,mp0010_05,MayaEvent00_04_00,Loc_181,非TK,Loc_180:cond_false;Loc_180:next,Loc_182:cond_false;Loc_182:next,无候选,,,0030000268,これは難しいわね。どう読み解いたらいいのか……,T0121,Function_22,Function_22_B4A7,,loc_C182:next
少匹配,シェラ姉、おっはよー！,14,,mp0010_05,MayaEvent00_04_00,Loc_181,非TK,Loc_180:cond_false;Loc_180:next,Loc_182:cond_false;Loc_182:next,无候选,,,0010000269,シェラ姉、おっはよー！,T0121,Function_22,Function_22_B4A7,,loc_C182:next
少匹配,めずらしいわね。こんな早くに来るなんて。,14,,mp0010_05,MayaEvent00_04_00,Loc_181,非TK,Loc_180:cond_false;Loc_180:next,Loc_182:cond_false;Loc_182:next,无候选,,,0030000271,めずらしいわね。こんな早くに来るなんて。,T0121,Function_22,Function_22_B4A7,,loc_C182:next
少匹配,教会はボース市の東側にありますからすぐに見つかるでしょう。,10022,108,mp0010_06,TK_DEVINE,Loc_33,TK,Loc_31:cond_false,Loc_32:next,无候选,,,1080150808,そうです。教会はボース市の東側にありますからすぐに見つかるでしょう。,T0130_1,Function_3,loc_F56,loc_EC4:cond_true;loc_EC4:cond_false;loc_EC4:next,loc_1301:jump
少匹配,皆さんに女神の導きがあらんことを。,10022,108,mp0010_06,TK_DEVINE,Loc_33,TK,Loc_31:cond_false,Loc_32:next,无候选,,,1080150800,皆さんに女神の導きがあらんことを。,T0130_1,Function_3,loc_F56,loc_EC4:cond_true;loc_EC4:cond_false;loc_EC4:next,loc_1301:jump
少匹配,おお、エステル君にヨシュア君。七耀石の件では世話になったね。,124,034,mp0010_06,TK_CLAUS,_entry,TK,,Loc_127:jump,无候选,,,0340010421|0340150729,おお、エステル君にヨシュア君。七耀石（セプチウム）の件では世話になったね。|おお、エステル君にヨシュア君。七耀石（セプチウム）の件では世話になったね。,T0130,Function_12,loc_2AD2,Function_12_2A1C:cond_true;Function_12_2A1C:cond_false,loc_2B7D:cond_true;loc_2BCA:jump;loc_2B7D:cond_false
少匹配,『ベアズクロー』と『魔獣の粉末』です。薬の材料に使ってください。,1,002,mp0010_06,QS003_00_00,Loc_140,非TK,Loc_137:jump;Loc_139:next,Loc_141:cond_false;Loc_141:next,无候选,,,0020150267,『ベアズクロー』と『魔獣の羽』です。薬の材料に使ってください。,T0130_1,Function_4,loc_15AD,loc_145B:jump;loc_14FC:next,
少匹配,私に……？,10022,108,mp0010_06,QS003_00_00,Loc_146,非TK,Loc_138:jump;Loc_145:next,Loc_144:next,无候选,,,1080150784,私に……？,T0130_1,Function_1,loc_4BC,loc_3CB:cond_true;loc_3CB:cond_false,loc_57F:next
少匹配,おや、どうしました？,11091,194,mp0010_06,QS100_00_00,Loc_148,非TK,,Loc_151:next,无候选,,,1080150801,おや、どうしました？,T0130_1,Function_2,Function_2_95F,,loc_9C9:next
少匹配,うん、いいですよ。,0,001,mp0010_06,QS100_00_00,Loc_153,非TK,Loc_151:jump;Loc_152:jump;Loc_154:next,,无候选,,,0010150803,うん、いいですよ。,T0130_1,Function_3,loc_EC4,loc_E5F:switch;loc_E5F:cond_false,loc_F56:cond_true;loc_F56:cond_false;loc_F56:next
少匹配,そうね、大した荷物にもならないし問題ないでしょ。,2,003,mp0010_06,QS100_00_00,Loc_153,非TK,Loc_151:jump;Loc_152:jump;Loc_154:next,,无候选,,,0030150804,そうね、大した荷物にもならないし問題ないでしょ。,T0130_1,Function_3,loc_EC4,loc_E5F:switch;loc_E5F:cond_false,loc_F56:cond_true;loc_F56:cond_false;loc_F56:next
少匹配,ありがとう、助かります。,10022,108,mp0010_06,QS100_00_00,Loc_153,非TK,Loc_151:jump;Loc_152:jump;Loc_154:next,,无候选,,,1080150805,ありがとう、助かります。,T0130_1,Function_3,loc_F56,loc_EC4:cond_true;loc_EC4:cond_false;loc_EC4:next,loc_1301:jump
少匹配,それではお願いしますよ。,10022,108,mp0010_06,QS100_00_00,Loc_153,非TK,Loc_151:jump;Loc_152:jump;Loc_154:next,,无候选,,,1080150806,それではお願いしますよ。,T0130_1,Function_3,loc_F56,loc_EC4:cond_true;loc_EC4:cond_false;loc_EC4:next,loc_1301:jump
少匹配,ボースのホルス教区長にお渡しすればいいんですね。,1,002,mp0010_06,QS100_00_00,Loc_153,非TK,Loc_151:jump;Loc_152:jump;Loc_154:next,,无候选,,,0020150807,ボースのホルス教区長にお渡しすればいいんですね。,T0130_1,Function_3,loc_F56,loc_EC4:cond_true;loc_EC4:cond_false;loc_EC4:next,loc_1301:jump
少匹配,そうです。教会はボース市の東側にありますからすぐに見つかるでしょう。,10022,108,mp0010_06,QS100_00_00,Loc_153,非TK,Loc_151:jump;Loc_152:jump;Loc_154:next,,无候选,,,1080150808,そうです。教会はボース市の東側にありますからすぐに見つかるでしょう。,T0130_1,Function_3,loc_F56,loc_EC4:cond_true;loc_EC4:cond_false;loc_EC4:next,loc_1301:jump
少匹配,他の地域を巡って見聞を広めることは心の糧となるものです。,10022,108,mp0010_06,QS100_00_00,Loc_153,非TK,Loc_151:jump;Loc_152:jump;Loc_154:next,,无候选,,,1080150809,他の地域を巡って見聞を広めることは心の糧となるものです。,T0130_1,Function_3,loc_F56,loc_EC4:cond_true;loc_EC4:cond_false;loc_EC4:next,loc_1301:jump
少匹配,まぁ、エステルさんとヨシュアさん……,106,009,mp0010_07,TK_JOZET,Loc_50,TK,Loc_49:cond_false,Loc_51:cond_false;Loc_52:cond_false;Loc_53:jump,无候选,,,0090010438|0090010441,まぁ、エステルさんとヨシュアさん……|まぁ、エステルさんとヨシュアさん……,T0132,Function_9,loc_1499,loc_12D6:cond_true;loc_12D6:cond_false,loc_1537:next
少匹配,帝国との国交正常化導力器技術の発展と貿易の促進……,124,034,mp0010_08,TK_CLAUS,Loc_24,TK,Loc_23:cond_false,Loc_25:cond_false;Loc_26:cond_false;Loc_27:jump,无候选,,,0340001059,帝国との国交正常化導力器（オーブメント）技術の発展と貿易の促進……,T0210,Function_3,loc_1079,loc_FAF:cond_true;loc_FAF:cond_false,loc_1212:cond_true;loc_11C4:cond_true;loc_120F:jump;loc_11C4:cond_false
少匹配,うむ、北のマルガ鉱山から七耀石の結晶をここに届けて欲しいのじゃ。,124,034,mp0010_08,EV_00_40_00,_entry,非TK,,,无候选,,,0340010046,うむ、北のマルガ鉱山から七耀石（セプチウム）の結晶をここに届けて欲しいのじゃ。,T0210,Function_22,Function_22_6F9E,,
少匹配,正確には、宝石にするほど大きくない七耀石の欠片をセピスっていうんだ。,1,002,mp0010_08,EV_00_40_00,_entry,非TK,,,无候选,,,0020010049,正確には、宝石にするほど大きくない七耀石（セプチウム）の欠片をセピスっていうんだ。,T0210,Function_22,Function_22_6F9E,,
少匹配,昔から、マルガ鉱山ではその七耀石の一種である翠耀石が採れるんじゃが……,124,034,mp0010_08,EV_00_40_00,_entry,非TK,,,无候选,,,0340010052,昔から、マルガ鉱山ではそのセプチウムの一種である翠耀石（エスメラス）が採れるんじゃが……,T0210,Function_22,Function_22_6F9E,,
少匹配,それを見せれば鉱山の中に通してくれるじゃろ。,124,034,mp0010_08,EV_00_40_00,_entry,非TK,,,无候选,,,0340010061,それを見せれば鉱山の中に通してくれるじゃろ。,,,,,
少匹配,なるほど……あの時計台にはそんな逸話が。,106,009,mp0010_08,EV_00_53_00,_entry,非TK,,,无候选,,,0090010282,なるほど……あの時計台にはそんな逸話が。,T0210,Function_18,Function_18_5962,,
少匹配,一応、ブレイサー手帳にメモした方がよさそうだね。,1,002,mp0000,LP_00_69_00,_entry,非TK,,,无候选,,,0020011076,一応、ブレイサー手帳にメモした方がよさそうだね。,T0200,Function_2,loc_2DA,Function_2_216:cond_true;Function_2_216:cond_false,loc_376:next
少匹配,そ、そんな……,14,,mp0010_08,EV_00_70_01,Loc_96,非TK,Loc_94:jump;Loc_95:jump;Loc_97:next,,无候选,,,0010011118|0010050250|0010061406|0010081360|0010091405|0010121274|0010140348|0060131444|0070080906|0390050026,そ、そんな……|そ、そんな……|そ、そんな……|そ、そんな……|そ、そんな……|そ、そんな……|そ、そんな……|そ、そんな……|そ、そんな……|そ、そんな……,T0210,Function_6,loc_33FD,loc_322A:jump;loc_32CA:jump;loc_3378:cond_true;loc_3378:cond_false;loc_3378:next,loc_3CB7:jump
少匹配,さすがは市長さん。難しそうな本が一杯あるわね～。,0,001,mp0010_08,LP_00_64_01_BOOKSHELF_1,_entry,非TK,,,无候选,,,0010011030|0010011033,さすがは市長さん。難しそうな本が一杯あるわね〜。|さすがは市長さん。難しそうな本が一杯あるわね〜。,T0210,Function_12,Function_12_4E27,,
少匹配,価値の高い稀覯本も並んでいるみたいだね。,1,002,mp0010_08,LP_00_64_01_BOOKSHELF_1,_entry,非TK,,,无候选,,,0020011031|0020011034,価値の高い稀覯（きこう）本も並んでいるみたいだね。|価値の高い稀覯（きこう）本も並んでいるみたいだね。,T0210,Function_13,Function_13_4F1C,,
少匹配,犯人が価値を知らなかったのかそれとも……,1,002,mp0010_08,LP_00_64_01_BOOKSHELF_1,_entry,非TK,,,无候选,,,0020011032|0020011035,犯人が価値を知らなかったのかそれとも……|犯人が価値を知らなかったのかそれとも……,T0210,Function_13,Function_13_4F1C,,
少匹配,相手によっては武器での攻撃が通用しないこともあるよ。,1,002,mp0020,EV_00_13_00,Loc_94,非TK,,Loc_95:cond_false;Loc_96:jump,无候选,,,0020000565,相手によっては武器での攻撃が通用しないこともあるよ。,C0500,Function_6,loc_BB6,loc_B06:cond_true;loc_B06:cond_false;loc_B06:next,loc_CF2:next
少匹配,これも七耀石でできてるのよね？,0,001,mp0020,QS000_02_00,_entry,非TK,,,无候选,,,0010150059,これも七耀石（セプチウム）でできてるのよね？,C0500,Function_11,Function_11_1DE9,,loc_2052:cond_true;loc_2058:jump;loc_2052:cond_false
少匹配,ふふん、あったりまえよ♪,20700,,mp0041_01,EV_00_00_00,_entry,非TK,,,无候选,,,0010000010,ふふん、あったりまえよ☆,T0311,Function_14,Function_14_429A,,loc_5B7C:cond_true;loc_5B4E:cond_false
少匹配,とーさんの方も何もなかった？,20700,,mp0041_01,EV_00_00_00,_entry,非TK,,,无候选,,,0010000011,とーさんの方も何もなかった？,T0311,Function_14,Function_14_429A,,loc_5B7C:cond_true;loc_5B4E:cond_false
少匹配,魔獣と戦ってケガしてない？,20700,,mp0041_01,EV_00_00_00,_entry,非TK,,,无候选,,,0010000012,魔獣と戦ってケガしてない？,T0311,Function_14,Function_14_429A,,loc_5B7C:cond_true;loc_5B4E:cond_false
少匹配,釣りザオ？　スニーカー？それとも棒術の道具とかっ？,20700,,mp0041_01,EV_00_00_00,_entry,非TK,,,无候选,,,0010000016,釣りザオ？　スニーカー？それとも棒術の道具とかっ？,T0311,Function_14,Function_14_429A,,loc_5B7C:cond_true;loc_5B4E:cond_false
少匹配,キレイな服は好きだけどすぐに汚しちゃうんだもん。,20700,,mp0041_01,EV_00_00_00,_entry,非TK,,,无候选,,,0010000019,キレイな服は好きだけどすぐに汚しちゃうんだもん。,T0311,Function_14,Function_14_429A,,loc_5B7C:cond_true;loc_5B4E:cond_false
少匹配,アクセサリーも遊んでて壊したらヤだし。,20700,,mp0041_01,EV_00_00_00,_entry,非TK,,,无候选,,,0010000020,アクセサリーも遊んでて壊したらヤだし。,T0311,Function_14,Function_14_429A,,loc_5B7C:cond_true;loc_5B4E:cond_false
少匹配,それより、とーさん。その大きな毛布、どうしたの？,20700,,mp0041_01,EV_00_00_00,_entry,非TK,,,无候选,,,0010000021,それより、とーさん。その大きな毛布、どうしたの？,T0311,Function_14,Function_14_429A,,loc_5B7C:cond_true;loc_5B4E:cond_false
少匹配,ひょっとして、それがお土産？,20700,,mp0041_01,EV_00_00_00,_entry,非TK,,,无候选,,,0010000022,ひょっとして、それがお土産？,T0311,Function_14,Function_14_429A,,loc_5B7C:cond_true;loc_5B4E:cond_false
少匹配,…………ふえっ？,20700,,mp0041_01,EV_00_00_00,_entry,非TK,,,无候选,,,0010000026,…………ふえっ？,T0311,Function_14,Function_14_429A,,loc_5B7C:cond_true;loc_5B4E:cond_false
少匹配,な、な、な………,20700,,mp0041_01,EV_00_00_00,_entry,非TK,,,无候选,,,0010000030,な、な、な………,T0311,Function_14,Function_14_429A,,loc_5B7C:cond_true;loc_5B4E:cond_false
少匹配,なんなのー、この子！？,20700,,mp0041_01,EV_00_00_00,_entry,非TK,,,无候选,,,0010000031,なんなのー、この子！？,T0311,Function_14,Function_14_429A,,loc_5B7C:cond_true;loc_5B4E:cond_false
少匹配,起きちゃうって……この子、生きてるの？,20700,,mp0041_01,EV_00_00_00,_entry,非TK,,,无候选,,,0010000033,起きちゃうって……この子、生きてるの？,T0311,Function_14,Function_14_429A,,loc_5B7C:cond_true;loc_5B4E:cond_false
少匹配,なんかグッタリしてるけど。,20700,,mp0041_01,EV_00_00_00,_entry,非TK,,,无候选,,,0010000034,なんかグッタリしてるけど。,T0311,Function_14,Function_14_429A,,loc_5B7C:cond_true;loc_5B4E:cond_false
少匹配,よく寝てる……,20700,,mp0041_01,EV_00_00_00,_entry,非TK,,,无候选,,,0010000039,よく寝てる……,T0311,Function_14,Function_14_429A,,loc_5B7C:cond_true;loc_5B4E:cond_false
少匹配,この子、あたしと同じくらいのトシだよね。,20700,,mp0041_01,EV_00_00_00,_entry,非TK,,,无候选,,,0010000040,この子、あたしと同じくらいのトシだよね。,T0311,Function_14,Function_14_429A,,loc_5B7C:cond_true;loc_5B4E:cond_false
少匹配,こんな、真っ黒のカミ、あたしはじめて見るかも。,20700,,mp0041_01,EV_00_00_00,_entry,非TK,,,无候选,,,0010000041,こんな、真っ黒のカミ、あたしはじめて見るかも。,T0311,Function_14,Function_14_429A,,loc_5B7C:cond_true;loc_5B4E:cond_false
少匹配,ふーん。,20700,,mp0041_01,EV_00_00_00,_entry,非TK,,,无候选,,,0010000044,ふーん。,T0311,Function_14,Function_14_429A,,loc_5B7C:cond_true;loc_5B4E:cond_false
少匹配,それはともかく……そろそろ話してもらおーか？,20700,,mp0041_01,EV_00_00_00,_entry,非TK,,,无候选,,,0010000045,それはともかく……そろそろ話してもらおーか？,T0311,Function_14,Function_14_429A,,loc_5B7C:cond_true;loc_5B4E:cond_false
少匹配,この子、ダレなの？,20700,,mp0041_01,EV_00_00_00,_entry,非TK,,,无候选,,,0010000047,この子、ダレなの？,T0311,Function_14,Function_14_429A,,loc_5B7C:cond_true;loc_5B4E:cond_false
少匹配,なんでケガしてるの？,20700,,mp0041_01,EV_00_00_00,_entry,非TK,,,无候选,,,0010000048,なんでケガしてるの？,T0311,Function_14,Function_14_429A,,loc_5B7C:cond_true;loc_5B4E:cond_false
少匹配,どうしてとーさんがウチまで連れてきたの？,20700,,mp0041_01,EV_00_00_00,_entry,非TK,,,无候选,,,0010000049,どうしてとーさんがウチまで連れてきたの？,T0311,Function_14,Function_14_429A,,loc_5B7C:cond_true;loc_5B4E:cond_false
少匹配,ひょっとして隠し子？おかーさんを裏切ってたの？,20700,,mp0041_01,EV_00_00_00,_entry,非TK,,,无候选,,,0010000050,ひょっとして隠し子？おかーさんを裏切ってたの？,T0311,Function_14,Function_14_429A,,loc_5B7C:cond_true;loc_5B4E:cond_false
少匹配,うん、そー。,20700,,mp0041_01,EV_00_00_00,_entry,非TK,,,无候选,,,0010000053,うん、そー。,T0311,Function_14,Function_14_429A,,loc_5B7C:cond_true;loc_5B4E:cond_false
少匹配,仕事って、遊撃士の？,20700,,mp0041_01,EV_00_00_00,_entry,非TK,,,无候选,,,0010000057,仕事って、遊撃士の？,T0311,Function_14,Function_14_429A,,loc_5B7C:cond_true;loc_5B4E:cond_false
少匹配,ごちそうさま～！,0,001,mp0041_01,EV_00_01_03,_entry,非TK,,,无候选,,,0010000156,ごちそうさま〜！,T0311,Function_5,Function_5_D07,,
少匹配,うーん。お腹いっぱいになっちゃった。,0,001,mp0041_01,EV_00_01_03,_entry,非TK,,,无候选,,,0010000157,うーん。お腹いっぱいになっちゃった。,T0311,Function_5,Function_5_D07,,
少匹配,朝からよく食べるなあ……,1,002,mp0041_01,EV_00_01_03,_entry,非TK,,,无候选,,,0020000158,朝からよく食べるなあ……,T0310,Function_5,Function_5_D32,,
少匹配,いいじゃん。食う子と寝る子は良く育つよ♪,0,001,mp0041_01,EV_00_01_03,_entry,非TK,,,无候选,,,0010000159,いいじゃん。食う子と寝る子は良く育つよ♪,T0311,Function_5,Function_5_D07,,
少匹配,まあ、しっかり食ってせいぜい気合いを入れるんだな。,109,016,mp0041_01,EV_00_01_03,_entry,非TK,,,无候选,,,0160000160,まあ、しっかり喰ってせいぜい気合いを入れるんだな。,T0311,Function_5,Function_5_D07,,
少匹配,お前たち、今日はギルドで研修の仕上げがあるんだろう？,109,016,mp0041_01,EV_00_01_03,_entry,非TK,,,无候选,,,0160000161,お前たち、今日はギルドで研修の仕上げがあるんだろう？,T0311,Function_5,Function_5_D07,,
少匹配,うん。今までのおさらいだけどね。,1,002,mp0041_01,EV_00_01_03,_entry,非TK,,,无候选,,,0020000162,うん。今までのおさらいだけどね。,T0310,Function_5,Function_5_D32,,
少匹配,それが終われば、あたしたちも父さんと同じ『遊撃士』よ。,0,001,mp0041_01,EV_00_01_03,_entry,非TK,,,无候选,,,0010000163,それが終われば、あたしたちも父さんと同じ『遊撃士（ブレイサー）』よ。,T0311,Function_5,Function_5_D07,,
少匹配,もう、子供扱いさせないんだから！,0,001,mp0041_01,EV_00_01_03,_entry,非TK,,,无候选,,,0010000164,もう、子供扱いさせないんだから！,T0311,Function_5,Function_5_D07,,
少匹配,フフン、まだまだ青いな。,109,016,mp0041_01,EV_00_01_03,_entry,非TK,,,无候选,,,0160000165,フフン、まだまだ青いな。,T0311,Function_5,Function_5_D07,,
少匹配,最初になれるのは《準遊撃士》。つまり見習いにすぎん。,109,016,mp0041_01,EV_00_01_03,_entry,非TK,,,无候选,,,0160000166,最初になれるのは《準遊撃士》。つまり見習いにすぎん。,T0311,Function_5,Function_5_D07,,
少匹配,一人前になりたかったら早く《正遊撃士》になることだな。,109,016,mp0041_01,EV_00_01_03,_entry,非TK,,,无候选,,,0160000167,一人前になりたかったら早く《正遊撃士》になることだな。,T0311,Function_5,Function_5_D07,,
少匹配,むむっ、上等じゃない。,0,001,mp0041_01,EV_00_01_03,_entry,非TK,,,无候选,,,0010000168,むむっ、上等じゃない。,T0311,Function_5,Function_5_D07,,
少匹配,見てなさいよ～。いっぱい功績を上げまくって父さんを追い越してやるんだから！,0,001,mp0041_01,EV_00_01_03,_entry,非TK,,,无候选,,,0010000169,見てなさいよ〜。いっぱい功績を上げまくって父さんを追い越してやるんだから！,T0311,Function_5,Function_5_D07,,
少匹配,はっはっはっ。やれるもんならやってみろ。,109,016,mp0041_01,EV_00_01_03,_entry,非TK,,,无候选,,,0160000170,はっはっはっ。やれるもんならやってみろ。,T0311,Function_5,Function_5_D07,,
少匹配,なに張り合ってるんだか……,1,002,mp0041_01,EV_00_01_03,_entry,非TK,,,无候选,,,0020000171,なに張り合ってるんだか……,T0310,Function_5,Function_5_D32,,
少匹配,エステル、油断は禁物だよ。,1,002,mp0041_01,EV_00_01_03,_entry,非TK,,,无候选,,,0020000172,エステル、油断は禁物だよ。,T0311,Function_5,Function_5_D07,,
少匹配,今日は最後に試験だってあるんだからね。,1,002,mp0041_01,EV_00_01_03,_entry,非TK,,,无候选,,,0020000173,今日は最後に試験だってあるんだからね。,T0311,Function_5,Function_5_D07,,
少匹配,え゛。,0,001,mp0041_01,EV_00_01_03,_entry,非TK,,,无候选,,,0010000174,え゛。,T0310,Function_5,Function_5_D32,,
少匹配,試験って、ナニ？,0,001,mp0041_01,EV_00_01_03,_entry,非TK,,,无候选,,,0010000176,試験って、ナニ？,T0310,Function_5,Function_5_D32,,
少匹配,ま、まさか……覚えてないとか言わないよね？,1,002,mp0041_01,EV_00_01_03,_entry,非TK,,,无候选,,,0020000177,ま、まさか……覚えてないとか言わないよね？,T0310,Function_5,Function_5_D32,,
少匹配,研修が身に付いているかどうか確認するためのテストだよ。,1,002,mp0041_01,EV_00_01_03,_entry,非TK,,,无候选,,,0020000178,研修が身に付いているかどうか確認するためのテストだよ。,T0311,Function_5,Function_5_D07,,
少匹配,合格できなかったら補習だってシェラさんが言ってたじゃないか。,1,002,mp0041_01,EV_00_01_03,_entry,非TK,,,无候选,,,0020000179,合格できなかったら補習だってシェラさんが言ってたじゃないか。,T0311,Function_5,Function_5_D07,,
少匹配,やっば～……カンペキに忘れてたわ……,0,001,mp0041_01,EV_00_01_03,_entry,非TK,,,无候选,,,0010000180,やっば〜……カンペキに忘れてたわ……,T0310,Function_5,Function_5_D32,,
少匹配,そういえばシェラ姉がそんなこと言ってたような気も……,0,001,mp0041_01,EV_00_01_03,_entry,非TK,,,无候选,,,0010000181,そういえばシェラ姉がそんなこと言ってたような気も……,T0311,Function_5,Function_5_D07,,
少匹配,まーでも、何とかなるって♪,0,001,mp0041_01,EV_00_01_03,_entry,非TK,,,无候选,,,0010000182,まーでも、何とかなるって☆,T0311,Function_5,Function_5_D07,,
少匹配,はあ、君って子は……ノンキというか、そそっかしいというか。,1,002,mp0041_01,EV_00_01_03,_entry,非TK,,,无候选,,,0020000183,はあ、君って子は……ノンキというか、そそっかしいというか。,T0310,Function_5,Function_5_D32,,
少匹配,まったくもって嘆かわしい。,109,016,mp0041_01,EV_00_01_03,_entry,非TK,,,无候选,,,0160000184,まったくもって嘆かわしい。,T0311,Function_5,Function_5_D07,,
少匹配,この楽天的な性格はいったい誰に似たもんだろうな。,109,016,mp0041_01,EV_00_01_03,_entry,非TK,,,无候选,,,0160000185,この楽天的な性格はいったい誰に似たもんだろうな。,T0311,Function_5,Function_5_D07,,
少匹配,し、失礼ね～。父さんほどじゃないってば！,0,001,mp0041_01,EV_00_01_03,_entry,非TK,,,无候选,,,0010000186,し、失礼ね〜。父さんほどじゃないってば！,T0311,Function_5,Function_5_D07,,
少匹配,まったく、似たもの父娘だな。,1,002,mp0041_01,EV_00_01_03,_entry,非TK,,,无候选,,,0020000187,まったく、似たもの父娘だな。,T0310,Function_5,Function_5_D32,,
少匹配,まあいいや。エステル、そろそろ町に行こう。,1,002,mp0041_01,EV_00_01_03,_entry,非TK,,,无候选,,,0020000188,まあいいや。エステル、そろそろ町に行こう。,T0311,Function_5,Function_5_D07,,
少匹配,ギルドでシェラさんが待ってるよ。,1,002,mp0041_01,EV_00_01_03,_entry,非TK,,,无候选,,,0020000189,ギルドでシェラさんが待ってるよ。,T0311,Function_5,Function_5_D07,,
少匹配,ん、わかった。シェラ姉を待たせると恐いもんね。,0,001,mp0041_01,EV_00_01_03,_entry,非TK,,,无候选,,,0010000190,ん、わかった。シェラ姉を待たせると恐いもんね。,T0311,Function_5,Function_5_D07,,
少匹配,あ、そうだ父さん。,0,001,mp0041_01,EV_00_01_03,_entry,非TK,,,无候选,,,0010000191,あ、そうだ父さん。,T0310,Function_5,Function_5_D32,,
少匹配,今夜の食事当番、あたしだけど何か食べたいものでもある？,0,001,mp0041_01,EV_00_01_03,_entry,非TK,,,无候选,,,0010000192,今夜の食事当番、あたしだけど何か食べたいものでもある？,T0311,Function_5,Function_5_D07,,
少匹配,リクエスト、受け付けとくよ？,0,001,mp0041_01,EV_00_01_03,_entry,非TK,,,无候选,,,0010000193,リクエスト、受け付けとくよ？,T0311,Function_5,Function_5_D07,,
少匹配,ふむ、食べたいものか……,109,016,mp0041_01,EV_00_01_03,_entry,非TK,,,无候选,,,0160000194,ふむ、食べたいものか……,T0311,Function_5,Function_5_D07,,
少匹配,ルーアン風、魚の蒸し焼きバルサミコ酢風味なんてどうだ？,109,016,mp0041_01,EV_00_01_03,_entry,非TK,,,无候选,,,0160000196,ルーアン風、魚の蒸し焼きバルサミコ酢風味なんてどうだ？,T0311,Function_5,Function_5_D07,,
少匹配,な、なにソレ？,0,001,mp0041_01,EV_00_01_03,_entry,非TK,,,无候选,,,0010000197,な、なにソレ？,T0311,Function_5,Function_5_D07,,
少匹配,それはエステルにはちょっと無理だと思うけど……,1,002,mp0041_01,EV_00_01_03,_entry,非TK,,,无候选,,,0020000198,それはエステルにはちょっと無理だと思うけど……,T0311,Function_5,Function_5_D07,,
少匹配,うむ、言ってみただけだ。,109,016,mp0041_01,EV_00_01_03,_entry,非TK,,,无候选,,,0160000199,うむ、言ってみただけだ。,T0311,Function_5,Function_5_D07,,
少匹配,いつもと同じ、魚のフライかオムレツでいいさ。,109,016,mp0041_01,EV_00_01_03,_entry,非TK,,,无候选,,,0160000200,いつもと同じ、魚のフライかオムレツでいいさ。,T0311,Function_5,Function_5_D07,,
少匹配,無理をしないで食えるものだけ作ってくれ。,109,016,mp0041_01,EV_00_01_03,_entry,非TK,,,无候选,,,0160000201,無理をしないで喰えるものだけ作ってくれ。,T0310,Function_5,Function_5_D32,,
少匹配,し、失礼なオヤジねぇ。反論できないのが悔しいけど……,0,001,mp0041_01,EV_00_01_03,_entry,非TK,,,无候选,,,0010000202,し、失礼なオヤジねぇ。反論できないのが悔しいけど……,T0310,Function_5,Function_5_D32,,
少匹配,ああ、そのかわり頼みがある。,109,016,mp0041_01,EV_00_01_03,_entry,非TK,,,无候选,,,0160000203,ああ、そのかわり頼みがある。,T0311,Function_5,Function_5_D07,,
少匹配,雑貨屋で『リベール通信』というニュース誌を買ってきてくれ。,109,016,mp0041_01,EV_00_01_03,_entry,非TK,,,无候选,,,0160000204,雑貨屋で『リベール通信』というニュース誌を買ってきてくれ。,T0311,Function_5,Function_5_D07,,
少匹配,今日、最新号が入荷するはずだ。,109,016,mp0041_01,EV_00_01_03,_entry,非TK,,,无候选,,,0160000205,今日、最新号が入荷するはずだ。,T0311,Function_5,Function_5_D07,,
少匹配,わかった。雑貨屋で『リベール通信』ね。,0,001,mp0041_01,EV_00_01_03,_entry,非TK,,,无候选,,,0010000206,わかった。雑貨屋で『リベール通信』ね。,T0310,Function_5,Function_5_D32,,
少匹配,残ったら小遣いにしていいぞ。,109,016,mp0041_01,EV_00_01_03,_entry,非TK,,,无候选,,,0160000207,残ったら小遣いにしていいぞ。,T0311,Function_5,Function_5_D07,,
少匹配,ただし、無駄遣いはするなよ？,109,016,mp0041_01,EV_00_01_03,_entry,非TK,,,无候选,,,0160000208,ただし、無駄遣いはするなよ？,T0311,Function_5,Function_5_D07,,
少匹配,やった、ありがと！,0,001,mp0041_01,EV_00_01_03,_entry,非TK,,,无候选,,,0010000209,やった、ありがと！,T0310,Function_5,Function_5_D32,,
少匹配,それじゃあ父さん、行ってくるよ。,1,002,mp0041_01,EV_00_01_03,_entry,非TK,,,无候选,,,0020000210,それじゃあ父さん、行ってくるよ。,T0311,Function_5,Function_5_D07,,
少匹配,おお、しっかりやれよ。シェラザードによろしくな。,109,016,mp0041_01,EV_00_01_03,_entry,非TK,,,无候选,,,0160000211,おお、しっかりやれよ。シェラザードによろしくな。,T0311,Function_5,Function_5_D07,,
少匹配,ふふん、これが真の実力よ❤,0,001,mp0041_01,EV_00_26_01,_entry,非TK,,Loc_43:cond_false;Loc_44:jump,无候选,,,0010001148,ふふん、これが真の実力よ❤,T0311,Function_12,Function_12_2ABA,,loc_3738:switch;loc_3C0B:switch;loc_40E3:switch
少匹配,やー、色々あったけど今日はすごくいい一日だったなぁ。,0,001,mp0041_01,EV_00_26_01,_entry,非TK,,Loc_43:cond_false;Loc_44:jump,无候选,,,0010001149,やー、色々あったけど今日はすごくいい一日だったなぁ。,,,,,
少匹配,そうね……,2,003,mp0041_01,EV_01_00_01,_entry,非TK,,,无候选,,,0010101161|0030020019|0030021881|0030031296|0030130908|0060060391,そうね……|そうね……|そうね……|そうね……|そうね……|そうね……,T4121,Function_13,Function_13_941A,,loc_9868:cond_true;loc_98E5:jump;loc_9868:cond_false
少匹配,まあ、しっかり喰ってせいぜい気合いを入れるんだな。,109,016,mp0041_01,EV_00_01_03_EV_TU,_entry,非TK,,,无候选,,,0160000160,まあ、しっかり喰ってせいぜい気合いを入れるんだな。,T0311,Function_5,Function_5_D07,,
少匹配,とーさん遅いなぁ。,14,,mp0041_01,MayaEvent00_00_00,Loc_48,非TK,Loc_47:cond_false;Loc_47:next,Loc_49:cond_false;Loc_49:next,无候选,,,0010000002,とーさん遅いなぁ。,T0311,Function_14,Function_14_429A,,loc_5B7C:cond_true;loc_5B4E:cond_false
少匹配,今日帰るってギルドから連絡があったのにぃ……,14,,mp0041_01,MayaEvent00_00_00,Loc_49,非TK,Loc_48:cond_false;Loc_48:next,Loc_50:cond_false;Loc_50:next,无候选,,,0010000003,今日帰るってギルドから連絡があったのにぃ……,T0311,Function_14,Function_14_429A,,loc_5B7C:cond_true;loc_5B4E:cond_false
少匹配,シェラねぇは修行で王国一周旅行してるし……,14,,mp0041_01,MayaEvent00_00_00,Loc_50,非TK,Loc_49:cond_false;Loc_49:next,Loc_51:cond_false;Loc_51:next,无候选,,,0010000004,シェラねぇは修行で王国一周旅行してるし……,T0311,Function_14,Function_14_429A,,loc_5B7C:cond_true;loc_5B4E:cond_false
少匹配,おーい、今帰ったぞ。,14,,mp0041_01,MayaEvent00_00_00,Loc_50,非TK,Loc_49:cond_false;Loc_49:next,Loc_51:cond_false;Loc_51:next,无候选,,,0160000006,おーい、今帰ったぞ。,T0311,Function_14,Function_14_429A,,loc_5B7C:cond_true;loc_5B4E:cond_false
少匹配,おとーさん！,14,,mp0041_01,MayaEvent00_00_00,Loc_50,非TK,Loc_49:cond_false;Loc_49:next,Loc_51:cond_false;Loc_51:next,无候选,,,0010000007,おとーさん！,T0311,Function_14,Function_14_429A,,loc_5B7C:cond_true;loc_5B4E:cond_false
少匹配,ただいま、エステル。待たせちまったようだな。,14,,mp0041_01,MayaEvent00_00_00,Loc_51,非TK,Loc_50:cond_false;Loc_50:next,Loc_52:cond_false;Loc_52:next,无候选,,,0160000008,ただいま、エステル。待たせちまったようだな。,T0311,Function_14,Function_14_429A,,loc_5B7C:cond_true;loc_5B4E:cond_false
少匹配,いい子で留守番していたか？,14,,mp0041_01,MayaEvent00_00_00,Loc_52,非TK,Loc_51:cond_false;Loc_51:next,Loc_53:cond_false;Loc_53:next,无候选,,,0160000009,いい子で留守番していたか？,T0311,Function_14,Function_14_429A,,loc_5B7C:cond_true;loc_5B4E:cond_false
少匹配,ん……,14,,mp0041_01,MayaEvent00_00_00_01,Loc_62,非TK,Loc_61:cond_false;Loc_61:next,Loc_63:cond_false;Loc_63:next,无候选,,,0020000062,ん……,T0311,Function_14,Function_14_429A,,loc_5B7C:cond_true;loc_5B4E:cond_false
少匹配,わ、ほんとにコハク色……,14,,mp0041_01,MayaEvent00_00_00_01,Loc_62,非TK,Loc_61:cond_false;Loc_61:next,Loc_63:cond_false;Loc_63:next,无候选,,,0010000063,わ、ほんとにコハク色……,T0311,Function_14,Function_14_429A,,loc_5B7C:cond_true;loc_5B4E:cond_false
少匹配,…………ここは…………,14,,mp0041_01,MayaEvent00_00_00_01,Loc_62,非TK,Loc_61:cond_false;Loc_61:next,Loc_63:cond_false;Loc_63:next,无候选,,,0020000065,…………ここは…………,T0311,Function_14,Function_14_429A,,loc_5B7C:cond_true;loc_5B4E:cond_false
少匹配,坊主、目を醒ましたか。,14,,mp0041_01,MayaEvent00_00_00_01,Loc_62,非TK,Loc_61:cond_false;Loc_61:next,Loc_63:cond_false;Loc_63:next,无候选,,,0160000066,坊主、目を覚ましたか。,T0311,Function_14,Function_14_429A,,loc_5B7C:cond_true;loc_5B4E:cond_false
少匹配,ここは俺の家だ。とりあえず安心していいぞ。,14,,mp0041_01,MayaEvent00_00_00_01,Loc_62,非TK,Loc_61:cond_false;Loc_61:next,Loc_63:cond_false;Loc_63:next,无候选,,,0160000067,ここは俺の家だ。とりあえず安心していいぞ。,T0311,Function_14,Function_14_429A,,loc_5B7C:cond_true;loc_5B4E:cond_false
少匹配,……どういうつもりです？,14,,mp0041_01,MayaEvent00_00_00_01,Loc_62,非TK,Loc_61:cond_false;Loc_61:next,Loc_63:cond_false;Loc_63:next,无候选,,,0020000069,……どういうつもりです？,T0311,Function_14,Function_14_429A,,loc_5B7C:cond_true;loc_5B4E:cond_false
少匹配,正気とは思えない……,14,,mp0041_01,MayaEvent00_00_00_01,Loc_62,非TK,Loc_61:cond_false;Loc_61:next,Loc_63:cond_false;Loc_63:next,无候选,,,0020000071,正気とは思えない……,T0311,Function_14,Function_14_429A,,loc_5B7C:cond_true;loc_5B4E:cond_false
少匹配,どうして……放っておいてくれなかったんだ。,14,,mp0041_01,MayaEvent00_00_00_01,Loc_62,非TK,Loc_61:cond_false;Loc_61:next,Loc_63:cond_false;Loc_63:next,无候选,,,0020000072,どうして……放っておいてくれなかったんだ。,T0311,Function_14,Function_14_429A,,loc_5B7C:cond_true;loc_5B4E:cond_false
少匹配,どうしてって言われてもなぁ。,14,,mp0041_01,MayaEvent00_00_00_01,Loc_62,非TK,Loc_61:cond_false;Loc_61:next,Loc_63:cond_false;Loc_63:next,无候选,,,0160000073,どうしてって言われてもなぁ。,T0311,Function_14,Function_14_429A,,loc_5B7C:cond_true;loc_5B4E:cond_false
少匹配,いわゆる、成り行きってヤツ？,14,,mp0041_01,MayaEvent00_00_00_01,Loc_62,非TK,Loc_61:cond_false;Loc_61:next,Loc_63:cond_false;Loc_63:next,无候选,,,0160000074,いわゆる、成り行きってヤツ？,T0311,Function_14,Function_14_429A,,loc_5B7C:cond_true;loc_5B4E:cond_false
少匹配,ふ、ふざけないで！,14,,mp0041_01,MayaEvent00_00_00_01,Loc_62,非TK,Loc_61:cond_false;Loc_61:next,Loc_63:cond_false;Loc_63:next,无候选,,,0020000075,ふ、ふざけないで！,T0311,Function_14,Function_14_429A,,loc_5B7C:cond_true;loc_5B4E:cond_false
少匹配,こらっ！,14,,mp0041_01,MayaEvent00_00_00_01,Loc_62,非TK,Loc_61:cond_false;Loc_61:next,Loc_63:cond_false;Loc_63:next,无候选,,,0010000077,こらっ！,T0311,Function_14,Function_14_429A,,loc_5B7C:cond_true;loc_5B4E:cond_false
少匹配,ケガ人のクセに大声出したりしないの！,14,,mp0041_01,MayaEvent00_00_00_01,Loc_62,非TK,Loc_61:cond_false;Loc_61:next,Loc_63:cond_false;Loc_63:next,无候选,,,0010000078,ケガ人のクセに大声出したりしないの！,T0311,Function_14,Function_14_429A,,loc_5B7C:cond_true;loc_5B4E:cond_false
少匹配,ケガにひびくでしょっ！,14,,mp0041_01,MayaEvent00_00_00_01,Loc_62,非TK,Loc_61:cond_false;Loc_61:next,Loc_63:cond_false;Loc_63:next,无候选,,,0010000079,ケガにひびくでしょっ！,T0311,Function_14,Function_14_429A,,loc_5B7C:cond_true;loc_5B4E:cond_false
少匹配,………………だれ？,14,,mp0041_01,MayaEvent00_00_00_01,Loc_62,非TK,Loc_61:cond_false;Loc_61:next,Loc_63:cond_false;Loc_63:next,无候选,,,0020000081,………………だれ？,T0311,Function_14,Function_14_429A,,loc_5B7C:cond_true;loc_5B4E:cond_false
少匹配,エステルよっ！,14,,mp0041_01,MayaEvent00_00_00_01,Loc_62,非TK,Loc_61:cond_false;Loc_61:next,Loc_63:cond_false;Loc_63:next,无候选,,,0010000082,エステルよっ！,T0311,Function_14,Function_14_429A,,loc_5B7C:cond_true;loc_5B4E:cond_false
少匹配,俺の娘だよ。,14,,mp0041_01,MayaEvent00_00_00_01,Loc_62,非TK,Loc_61:cond_false;Loc_61:next,Loc_63:cond_false;Loc_63:next,无候选,,,0160000084,俺の娘だよ。,T0311,Function_14,Function_14_429A,,loc_5B7C:cond_true;loc_5B4E:cond_false
少匹配,お前さんと同じくらいの娘がいるって話しただろう？,14,,mp0041_01,MayaEvent00_00_00_01,Loc_62,非TK,Loc_61:cond_false;Loc_61:next,Loc_63:cond_false;Loc_63:next,无候选,,,0160000085,お前さんと同じくらいの娘がいるって話しただろう？,T0311,Function_14,Function_14_429A,,loc_5B7C:cond_true;loc_5B4E:cond_false
少匹配,って、そんな話をしてるんじゃ！,14,,mp0041_01,MayaEvent00_00_00_01,Loc_62,非TK,Loc_61:cond_false;Loc_61:next,Loc_63:cond_false;Loc_63:next,无候选,,,0020000087,って、そんな話をしてるんじゃ！,T0311,Function_14,Function_14_429A,,loc_5B7C:cond_true;loc_5B4E:cond_false
少匹配,おおきな声を出さないっ！,14,,mp0041_01,MayaEvent00_00_00_01,Loc_62,非TK,Loc_61:cond_false;Loc_61:next,Loc_63:cond_false;Loc_63:next,无候选,,,0010000089,おおきな声を出さないっ！,T0311,Function_14,Function_14_429A,,loc_5B7C:cond_true;loc_5B4E:cond_false
少匹配,わ、わかったよ……,14,,mp0041_01,MayaEvent00_00_00_01,Loc_62,非TK,Loc_61:cond_false;Loc_61:next,Loc_63:cond_false;Loc_63:next,无候选,,,0020000090,わ、わかったよ……,T0311,Function_14,Function_14_429A,,loc_5B7C:cond_true;loc_5B4E:cond_false
少匹配,でも、君の行動の方がよけいに怪我に響くんじゃ、,14,,mp0041_01,MayaEvent00_00_00_01,Loc_62,非TK,Loc_61:cond_false;Loc_61:next,Loc_63:cond_false;Loc_63:next,无候选,,,0020000091,でも、君の行動の方がよけいに怪我に響くんじゃ、,T0311,Function_14,Function_14_429A,,loc_5B7C:cond_true;loc_5B4E:cond_false
少匹配,なんか言った？,14,,mp0041_01,MayaEvent00_00_00_01,Loc_62,非TK,Loc_61:cond_false;Loc_61:next,Loc_63:cond_false;Loc_63:next,无候选,,,0010000092|0010000094,なんか言った？|な・ん・か・言・っ・た？,T0311,Function_14,Function_14_429A,,loc_5B7C:cond_true;loc_5B4E:cond_false
少匹配,だから怪我を悪化させる……,14,,mp0041_01,MayaEvent00_00_00_01,Loc_62,非TK,Loc_61:cond_false;Loc_61:next,Loc_63:cond_false;Loc_63:next,无候选,,,0020000093,だから怪我を悪化させる……,T0311,Function_14,Function_14_429A,,loc_5B7C:cond_true;loc_5B4E:cond_false
少匹配,何でもないです……,14,,mp0041_01,MayaEvent00_00_00_01,Loc_62,非TK,Loc_61:cond_false;Loc_61:next,Loc_63:cond_false;Loc_63:next,无候选,,,0020000095,何でもないです……,T0311,Function_14,Function_14_429A,,loc_5B7C:cond_true;loc_5B4E:cond_false
少匹配,ま、この家の中ではエステルに逆らわん方がいい。,14,,mp0041_01,MayaEvent00_00_00_01,Loc_62,非TK,Loc_61:cond_false;Loc_61:next,Loc_63:cond_false;Loc_63:next,无候选,,,0160000096,ま、この家の中ではエステルに逆らわん方がいい。,T0311,Function_14,Function_14_429A,,loc_5B7C:cond_true;loc_5B4E:cond_false
少匹配,本気で怒らせたら俺も敵わんくらいだからな。,14,,mp0041_01,MayaEvent00_00_00_01,Loc_62,非TK,Loc_61:cond_false;Loc_61:next,Loc_63:cond_false;Loc_63:next,无候选,,,0160000097,本気で怒らせたら俺も敵わんくらいだからな。,T0311,Function_14,Function_14_429A,,loc_5B7C:cond_true;loc_5B4E:cond_false
少匹配,そうみたいですね……,14,,mp0041_01,MayaEvent00_00_00_01,Loc_62,非TK,Loc_61:cond_false;Loc_61:next,Loc_63:cond_false;Loc_63:next,无候选,,,0020000098,そうみたいですね……,T0311,Function_14,Function_14_429A,,loc_5B7C:cond_true;loc_5B4E:cond_false
少匹配,ところで、あんた。なんか忘れてることない？,14,,mp0041_01,MayaEvent00_00_00_01,Loc_62,非TK,Loc_61:cond_false;Loc_61:next,Loc_63:cond_false;Loc_63:next,无候选,,,0010000099,ところで、あんた。なんか忘れてることない？,T0311,Function_14,Function_14_429A,,loc_5B7C:cond_true;loc_5B4E:cond_false
少匹配,名前よ、名前。あたしもさっき言ったでしょ。,14,,mp0041_01,MayaEvent00_00_00_01,Loc_62,非TK,Loc_61:cond_false;Loc_61:next,Loc_63:cond_false;Loc_63:next,无候选,,,0010000101,名前よ、名前。あたしもさっき言ったでしょ。,T0311,Function_14,Function_14_429A,,loc_5B7C:cond_true;loc_5B4E:cond_false
少匹配,こっちだけが知らないのってくやしいし、不公平じゃない。,14,,mp0041_01,MayaEvent00_00_00_01,Loc_62,非TK,Loc_61:cond_false;Loc_61:next,Loc_63:cond_false;Loc_63:next,无候选,,,0010000102,こっちだけが知らないのってくやしいし、不公平じゃない。,T0311,Function_14,Function_14_429A,,loc_5B7C:cond_true;loc_5B4E:cond_false
少匹配,……あ………,6,007,mp0041_01,MayaEvent00_00_00_01,Loc_62,非TK,Loc_61:cond_false;Loc_61:next,Loc_63:cond_false;Loc_63:next,无候选,,,0020000103|0070080559,……あ………|……あ………,T0311,Function_14,Function_14_429A,,loc_5B7C:cond_true;loc_5B4E:cond_false
少匹配,まあ、道理だな。今さら隠しても仕方あるまい。,14,,mp0041_01,MayaEvent00_00_00_01,Loc_62,非TK,Loc_61:cond_false;Loc_61:next,Loc_63:cond_false;Loc_63:next,无候选,,,0160000105,まあ、道理だな。今さら隠しても仕方あるまい。,T0311,Function_14,Function_14_429A,,loc_5B7C:cond_true;loc_5B4E:cond_false
少匹配,不便だし、聞かせてもらおうか？,14,,mp0041_01,MayaEvent00_00_00_01,Loc_62,非TK,Loc_61:cond_false;Loc_61:next,Loc_63:cond_false;Loc_63:next,无候选,,,0160000106,不便だし、聞かせてもらおうか？,T0311,Function_14,Function_14_429A,,loc_5B7C:cond_true;loc_5B4E:cond_false
少匹配,わかり……ました………,14,,mp0041_01,MayaEvent00_00_00_01,Loc_62,非TK,Loc_61:cond_false;Loc_61:next,Loc_63:cond_false;Loc_63:next,无候选,,,0020000108,わかり……ました………,T0311,Function_14,Function_14_429A,,loc_5B7C:cond_true;loc_5B4E:cond_false
少匹配,エステル！,1,002,mp0051_01,EV_00_24_00,Loc_86,非TK,Loc_85:next,Loc_49:cond_false;Loc_50:jump,无候选,,,0020000949|0020100569|0020131389|0020151215,エステル！|エステル！|エステル！|エステル！,C0412,Function_3,loc_5CC,Function_3_358:switch,loc_E66:switch;loc_E6B:switch
少匹配,了解！,1,002,mp0051_01,EV_00_24_00,Loc_49,非TK,Loc_86:cond_false,Loc_50:next,无候选,,,0020000965|0020151211,了解！|了解！,C0412,Function_3,loc_105E,Function_3_358:switch,loc_1860:switch;loc_1865:switch
少匹配,いーのよ、この悪ガキにはこれくらいした方が身のため……,14,,mp0051_01,MayaEvent00_24_01,Loc_67,非TK,Loc_66:cond_false;Loc_66:next,Loc_68:cond_false;Loc_68:next,无候选,,,0010000994,いーのよ、この悪ガキにはこれくらいした方が身のため……,C0412,Function_3,loc_1A0A,Function_3_358:switch;loc_E6B:jump;loc_1865:jump,
少匹配,エステル、後ろ！,14,,mp0051_01,MayaEvent00_24_01,Loc_67,非TK,Loc_66:cond_false;Loc_66:next,Loc_68:cond_false;Loc_68:next,无候选,,,0020000995,エステル、後ろ！,C0412,Function_3,loc_1A0A,Function_3_358:switch;loc_E6B:jump;loc_1865:jump,
少匹配,え……,0,001,mp0010_06,TK_DEVINE,Loc_41,TK,Loc_36:cond_false,Loc_50:cond_false;Loc_51:cond_false;Loc_52:cond_false;Loc_53:jump,无候选,,,0010000996|0010031089|0010041372|0010050898|0010051042|0010051309|0010061449|0010061829|0010070104|0010080536|0010081322|0010090986|0010091413|0010101027|0010120815|0010120921|0010121341|0010130173|0010130273|0010130302|0010130716|0010130898|0010131347|0010140280|0010140331|0020090097|0020111230|0020140598|0020141068|0060050511|0060050602|0060131309|0060131336|0070070418|0070080550|0070081616|0090031549|0100101368|0390050436|0390060851|0400050314|0400050725|0400050787,え……|え……|え……|え……|え……|え……|え……|え……|え……|え……|え……|え……|え……|え……|え……|え……|え……|え……|え……|え……|え……|え……|え……|え……|え……|え……|え……|え……|え……|え……|え……|え……|え……|え……|え……|え……|え……|え……|え……|え……|え……|え……|え……,C0412,Function_3,loc_1A0A,Function_3_358:switch;loc_E6B:jump;loc_1865:jump,
少匹配,やば……,14,,mp0051_01,MayaEvent00_24_01,Loc_67,非TK,Loc_66:cond_false;Loc_66:next,Loc_68:cond_false;Loc_68:next,无候选,,,0010000997,やば……,C0412,Function_3,loc_1A0A,Function_3_358:switch;loc_E6B:jump;loc_1865:jump,
少匹配,……ちぃッ！,14,,mp0051_01,MayaEvent00_24_01,Loc_67,非TK,Loc_66:cond_false;Loc_66:next,Loc_68:cond_false;Loc_68:next,无候选,,,0020000998,……ちぃッ！,C0412,Function_3,loc_1A0A,Function_3_358:switch;loc_E6B:jump;loc_1865:jump,
少匹配,……へ？,14,,mp0051_01,MayaEvent00_24_01,Loc_68,非TK,Loc_67:cond_false;Loc_67:next,Loc_69:cond_false;Loc_69:jump,无候选,,,0010000999,……へ？,C0412,Function_3,loc_1A0A,Function_3_358:switch;loc_E6B:jump;loc_1865:jump,
少匹配,よかった、来てくれたんだ。,14,,mp0051_01,MayaEvent00_24_01,Loc_69,非TK,Loc_68:cond_false;Loc_68:jump,Loc_70:cond_false;Loc_70:next,无候选,,,0020001000,よかった、来てくれたんだ。,C0412,Function_3,loc_1A0A,Function_3_358:switch;loc_E6B:jump;loc_1865:jump,
少匹配,まだまだ甘いな、エステル。,14,,mp0051_01,MayaEvent00_24_01,Loc_69,非TK,Loc_68:cond_false;Loc_68:jump,Loc_70:cond_false;Loc_70:next,无候选,,,0160001001,まだまだ甘いな、エステル。,C0412,Function_3,loc_1A0A,Function_3_358:switch;loc_E6B:jump;loc_1865:jump,
少匹配,見えざる脅威に備えるため常に感覚を研ぎ澄ませておく。,14,,mp0051_01,MayaEvent00_24_01,Loc_69,非TK,Loc_68:cond_false;Loc_68:jump,Loc_70:cond_false;Loc_70:next,无候选,,,0160001002,見えざる脅威に備えるため常に感覚を研ぎ澄ませておく。,C0412,Function_3,loc_1A0A,Function_3_358:switch;loc_E6B:jump;loc_1865:jump,
少匹配,それが遊撃士の心得だぞ。,14,,mp0051_01,MayaEvent00_24_01,Loc_69,非TK,Loc_68:cond_false;Loc_68:jump,Loc_70:cond_false;Loc_70:next,无候选,,,0160001003,それが遊撃士（ブレイサー）の心得だぞ。,C0412,Function_3,loc_1A0A,Function_3_358:switch;loc_E6B:jump;loc_1865:jump,
少匹配,ん……？,11533,206,mp0052_02,EV_00_47_00,_entry,非TK,,,无候选,,,0540070809|0940010152,ん……？|ん……？,T3172,Function_7,Function_7_D15,,loc_2877:cond_true;loc_2877:cond_false;loc_2877:next
少匹配,きゃあっ！？,14,,mp0052_02,EV_00_47_00,_entry,非TK,,,无候选,,,0010010159|0070070961,きゃあっ！？|きゃあっ！？,C0100,Function_9,loc_1652,loc_15BC:cond_true;loc_15BC:cond_false,loc_2ABF:cond_true;loc_2460:switch;loc_2465:switch;loc_2460:cond_false
少匹配,な、なにぃ！？,20850,,mp0052_02,EV_00_47_01,_entry,非TK,,,无候选,,,0940010178|2420030408,な、なにぃ！？|な、なにぃ！？,C0100,Function_9,loc_2465,loc_1652:switch;loc_2460:jump,loc_2ABF:next
少匹配,ハンナおばさんの料理ってとっても美味しいから楽しみ❤,0,001,mp0061_01,EV_00_30_00,_entry,非TK,,,无候选,,,0010001395,ハンナおばさんの料理ってとっても美味しいから楽しみ❤,,,,,
少匹配,女の子に騒がれるのも当然よね❤,150,089,mp0061_01,EV_00_30_02,_entry,非TK,,,无候选,,,0890001412,女の子に騒がれるのも当然よね❤,,,,,
少匹配,そんな恥ずかしいセリフ、よくさらっと言えるもんだね。,21000,220,mp0061_01,EV_00_38_02,_entry,非TK,,,无候选,,,0020001607,そんな恥ずかしいセリフ、よくさらっと言えるもんだね。,T0411,Function_14,Function_14_191B,,
少匹配,事件を調べるつもりならくれぐれも慎重に行動したまえ。,10045,113,mp0063_01,TK_ASTON,_entry,TK,,Loc_6:jump,无候选,,,1130020283,だが、事件を調べるつもりならくれぐれも慎重に行動したまえ。,T0510,Function_4,loc_511,loc_359:cond_true;loc_359:cond_false;loc_359:next,loc_9F7:cond_true;loc_A7C:jump;loc_9F7:cond_false
少匹配,や～、お姉さん、思わず聞きほれちゃったわ㈱,0,001,mp0100,EV_00_01_02,_entry,非TK,,,无候选,,,0010000123,や〜、お姉さん、思わず聞きほれちゃったわ❤,,,,,
少匹配,……おーい。エステル、ヨシュア。,109,016,mp0100,EV_00_01_02,_entry,非TK,,,无候选,,,0160000149,……おーい。エステル、ヨシュア。,T0300,Function_5,Function_5_5C8,,
少匹配,……う～……まぶし…………,14,,mp0100,MayaEvent00_01_02,Loc_8,非TK,Loc_7:cond_false;Loc_7:next,Loc_9:cond_false;Loc_9:next,无候选,,,0010000110,……う〜……まぶし…………,T0310,Function_4,Function_4_A51,,
少匹配,ふわあああああああ～っ……,14,,mp0100,MayaEvent00_01_02,Loc_8,非TK,Loc_7:cond_false;Loc_7:next,Loc_9:cond_false;Loc_9:next,无候选,,,0010000111,ふわあああああああ〜っ……,T0310,Function_4,Function_4_A51,,
少匹配,ん～～っ、よく寝たぁ～～っ！,14,,mp0100,MayaEvent00_01_02,Loc_8,非TK,Loc_7:cond_false;Loc_7:next,Loc_9:cond_false;Loc_9:next,无候选,,,0010000112,ん〜〜っ、よく寝たぁ〜〜っ！,T0310,Function_4,Function_4_A51,,
少匹配,……えっと………今朝の当番は父さんだったっけ。,14,,mp0100,MayaEvent00_01_02,Loc_8,非TK,Loc_7:cond_false;Loc_7:next,Loc_9:cond_false;Loc_9:next,无候选,,,0010000113,……えっと………今朝の当番は父さんだったっけ。,T0310,Function_4,Function_4_A51,,
少匹配,それじゃあ……ヨシュアはまだ寝てるのかな。,14,,mp0100,MayaEvent00_01_02,Loc_8,非TK,Loc_7:cond_false;Loc_7:next,Loc_9:cond_false;Loc_9:next,无候选,,,0010000114,それじゃあ……ヨシュアはまだ寝てるのかな。,T0311,Function_4,Function_4_A73,,
少匹配,あは、起きてるみたいね。,14,,mp0100,MayaEvent00_01_02,Loc_8,非TK,Loc_7:cond_false;Loc_7:next,Loc_9:cond_false;Loc_9:next,无候选,,,0010000115,あは、起きてるみたいね。,T0310,Function_4,Function_4_A51,,
少匹配,よーし……あたしも早く支度しよっと！,14,,mp0100,MayaEvent00_01_02,Loc_8,非TK,Loc_7:cond_false;Loc_7:next,Loc_9:cond_false;Loc_9:next,无候选,,,0010000116,よーし……あたしも早く支度しよっと！,T0310,Function_4,Function_4_A51,,
少匹配,ひゅーひゅー！,14,,mp0100,MayaEvent00_01_02B,Loc_18,非TK,Loc_17:cond_false;Loc_17:next,Loc_19:cond_false;Loc_19:next,无候选,,,0010000117,ひゅーひゅー！,T0301,Function_3,Function_3_46A,,
少匹配,やるじゃない、ヨシュア。,14,,mp0100,MayaEvent00_01_02B,Loc_18,非TK,Loc_17:cond_false;Loc_17:next,Loc_19:cond_false;Loc_19:next,无候选,,,0010000118,やるじゃない、ヨシュア。,T0301,Function_3,Function_3_46A,,
少匹配,リラ、お願いですわ。,125,036,mp1000,TK_MAYBELL,_entry,TK,,Loc_78:next,无候选,,,0360020382,リラ、お願いですわ。,T1101,Function_13,loc_3DC3,loc_3CF3:cond_true;loc_3CF3:cond_false,loc_3E4E:next
少匹配,お嬢様、またそのようなことを……,126,037,mp1000,TK_LIRA,_entry,TK,,Loc_79:next,无候选,,,0370020384,お嬢様、またそのようなことを……,T1101,Function_13,loc_3DC3,loc_3CF3:cond_true;loc_3CF3:cond_false,loc_3E4E:next
少匹配,とほほ、不可抗力とは言え商談の時間に遅れるなんてボース商人として恥ずべきことだよ。,10507,137,mp1000,TK_HARD,Loc_271,TK,Loc_270:cond_false,Loc_272:cond_false;Loc_273:cond_false;Loc_274:jump,无候选,,,1370151300,とほ、不可抗力とは言え商談の時間に遅れるなんてボース商人として恥ずべきことだよ。,T1102,Function_8,loc_369C,loc_3589:cond_true;loc_3589:cond_false,loc_370E:next
少匹配,えっ……！？そんな噂があるの？,0,001,mp1000,TK_FIG,_entry,TK,,Loc_442:cond_false;Loc_443:cond_false;Loc_444:jump,无候选,,,0010151451,えっ……！？そんな噂があるの？,T1200,Function_22,loc_675F,loc_6276:cond_true,loc_69A4:cond_true;loc_68EB:cond_true;loc_68EB:cond_false;loc_68EB:next
少匹配,ただの噂なら良かったんだがどうも本当の話らしいんだよ。,10577,141,mp1000,TK_FIG,Loc_444,TK,_entry:jump;Loc_443:next,Loc_442:next,无候选,,,1410151452,ただの噂なら良かったんだがどうも本当の話らしいんだよ。,T1200,Function_22,loc_675F,loc_6276:cond_true,loc_69A4:cond_true;loc_68EB:cond_true;loc_68EB:cond_false;loc_68EB:next
少匹配,まあ、詳しい事情は村長に聞いてくれよ。,10577,141,mp1000,TK_FIG,Loc_442,TK,_entry:cond_false;Loc_444:next,Loc_445:jump,无候选,,,1410151453,まあ、詳しい事情は村長に聞いてくれよ。,T1200,Function_22,loc_68EB,loc_675F:cond_true;loc_675F:cond_false;loc_675F:next,loc_6A63:jump
少匹配,念のため、ギルドに退治を依頼したそうだからさ。,10577,141,mp1000,TK_FIG,Loc_442,TK,_entry:cond_false;Loc_444:next,Loc_445:jump,无候选,,,1410151454,念のため、ギルドに退治を依頼したそうだからさ。,T1200,Function_22,loc_68EB,loc_675F:cond_true;loc_675F:cond_false;loc_675F:next,loc_6A63:jump
少匹配,この先は立入禁止だよ。詳しい話は村長に聞いてくれ。,10577,141,mp1000,TK_FIG,Loc_441,TK,,Loc_445:next,无候选,,,1410151455,この先は立入禁止だよ。詳しい話は村長に聞いてくれ。,T1200,Function_22,loc_69A4,loc_675F:cond_true,loc_6A63:next
少匹配,ほら、そこに屋根が見えるだろ？,10577,141,mp1000,TK_FIG,Loc_441,TK,,Loc_445:next,无候选,,,1410151456,ほら、そこに屋根が見えるだろ？,T1200,Function_22,loc_69A4,loc_675F:cond_true,loc_6A63:next
少匹配,あれが村長の家だよ。,10577,141,mp1000,TK_FIG,Loc_441,TK,,Loc_445:next,无候选,,,1410151457,あれが村長の家だよ。,T1200,Function_22,loc_69A4,loc_675F:cond_true,loc_6A63:next
少匹配,それじゃ、くれぐれも気をつけてな。,10577,141,mp1000,TK_FIG,Loc_440,TK,,Loc_446:next,无候选,,,1410151435,それじゃ、くれぐれも気をつけてな。,T1200,Function_22,loc_64CC,loc_6276:cond_true;loc_6276:cond_false,loc_6757:next
少匹配,だからダメだって。,10589,,mp1000,ST_TO_HARKEN_GATE,_entry,非TK,,Loc_477:next,无候选,,,2480020358,だからダメだって。,R1300,Function_5,loc_D92,loc_8C9:cond_true;loc_8C9:cond_false,loc_E24:next
少匹配,関係者以外は通行禁止だぜ。,10589,,mp1000_ev,EV_01_10_00,_entry,非TK,,Loc_49:jump,无候选,,,2480020341|2480020685,関係者以外は通行禁止だぜ。|関係者以外は通行禁止だぜ。,R1300,Function_5,loc_8C9,loc_32B:cond_true,loc_D92:cond_true;loc_E24:jump;loc_D92:cond_false
少匹配,たしか遊撃士協会の……,10589,,mp1000_ev,EV_01_10_00,Loc_48,非TK,,Loc_49:next,无候选,,,2480020688,たしか遊撃士協会の……,R1300,Function_5,loc_48C,loc_32B:cond_true;loc_32B:cond_false,loc_521:next
少匹配,おい、いいのかよ？,10589,,mp1000_ev,EV_01_10_00,Loc_49,非TK,_entry:jump;Loc_48:next,,无候选,,,2480020697,おい、いいのかよ？,R1300,Function_5,loc_521,loc_32B:jump;loc_48C:next,loc_E55:jump
少匹配,そりゃ確かに……,10589,,mp1000_ev,EV_01_10_00,Loc_49,非TK,_entry:jump;Loc_48:next,,无候选,,,2480020700,そりゃ確かに……,R1300,Function_5,loc_521,loc_32B:jump;loc_48C:next,loc_E55:jump
少匹配,……おい、あんたたち。,10589,,mp1000_ev,EV_01_10_00,Loc_49,非TK,_entry:jump;Loc_48:next,,无候选,,,2480020701,……おい、あんたたち。,R1300,Function_5,loc_521,loc_32B:jump;loc_48C:next,loc_E55:jump
少匹配,許可してやるがくれぐれも問題は起こすなよ？,10589,,mp1000_ev,EV_01_10_00,Loc_49,非TK,_entry:jump;Loc_48:next,,无候选,,,2480020702,許可してやるがくれぐれも問題は起こすなよ？,R1300,Function_5,loc_521,loc_32B:jump;loc_48C:next,loc_E55:jump
少匹配,大変な時期だし、何といっても帝国との国境にある場所だからな。,10589,,mp1000_ev,EV_01_10_00,Loc_49,非TK,_entry:jump;Loc_48:next,,无候选,,,2480020703,大変な時期だし、何といっても帝国との国境にある場所だからな。,R1300,Function_5,loc_521,loc_32B:jump;loc_48C:next,loc_E55:jump
少匹配,フッ、バレたか。,3,004,mp1000_ev,EV_01_14_01,_entry,非TK,,,无候选,,,0040020814,フッ、バレたか。,T1400,Function_14,Function_14_32E4,,
少匹配,は、はい。仰るとおりであります！,10602,,mp1000_ev,EV_01_16_01,_entry,非TK,,,无候选,,,2440020947,は、はい。仰るとおりであります！,T1400,Function_20,Function_20_39F6,,
少匹配,りょ、了解しました！,10603,,mp1000_ev,EV_01_16_01,_entry,非TK,,,无候选,,,2420020951,りょ、了解しました！,T1400,Function_20,Function_20_39F6,,
少匹配,はい……,1,002,mp1000_ev,EV_01_20_00,_entry,非TK,,,无候选,,,0010060667|0020061066|0020081427|0020131020|0060050472|0060050503|0060050748|0060051033|0060060958|0060061154|0060070252|0270021131|0360030234,はい……|はい……|はい……|はい……|はい……|はい……|はい……|はい……|はい……|はい……|はい……|はい……|はい……,T2523,Function_17,loc_5923,loc_58FE:cond_true;loc_58FE:jump,
少匹配,ふう……,12018,205,mp1000_ev,EV_01_20_00,_entry,非TK,,,无候选,,,0010151223|0060051288|0070080759|0360020565|0370021135,ふう……|ふう……|ふう……|ふう……|ふう……,C1500_1,Function_2,Function_2_BD7,,loc_1002:cond_true;loc_10CF:jump;loc_1002:cond_false
少匹配,へ……,12105,233,mp1000_ev,EV_01_20_00,_entry,非TK,,,无候选,,,0010021143|0010050665|0010050863|0010070353|0010090247|0010090567|0010091205|0010100452|0010120968|0040111894|2330130642|2670130625,へ……|へ……|へ……|へ……|へ……|へ……|へ……|へ……|へ……|へ……|へ……|へ……,T1101,Function_22,Function_22_584F,,loc_644A:cond_true;loc_644A:cond_false;loc_644A:next
少匹配,ところで……そこのガキどもはなんだよ？,5,005,mp1000_ev,EV_01_23_00,Loc_63,非TK,Loc_60:jump;Loc_62:jump;Loc_64:cond_false;Loc_64:next,Loc_65:cond_false;Loc_65:next,无候选,,,0050021479,ところで……そこのガキどもはなんだよ？,R1500,Function_3,loc_28F,Function_3_1E0:jump;loc_250:jump;loc_271:cond_true;loc_271:cond_false;loc_271:next,loc_E13:cond_true;loc_E13:cond_false;loc_E13:next
少匹配,こりゃ驚いた……あのオッサンの子供かよ。,5,005,mp1000_ev,EV_01_23_00,Loc_63,非TK,Loc_60:jump;Loc_62:jump;Loc_64:cond_false;Loc_64:next,Loc_65:cond_false;Loc_65:next,无候选,,,0050021483,こりゃ驚いた……あのオッサンの子供かよ。,R1500,Function_3,loc_28F,Function_3_1E0:jump;loc_250:jump;loc_271:cond_true;loc_271:cond_false;loc_271:next,loc_E13:cond_true;loc_E13:cond_false;loc_E13:next
少匹配,黒髪の小僧はともかく……そっちの娘はドシロウトだな。,5,005,mp1000_ev,EV_01_23_00,Loc_63,非TK,Loc_60:jump;Loc_62:jump;Loc_64:cond_false;Loc_64:next,Loc_65:cond_false;Loc_65:next,无候选,,,0050021487,黒髪の小僧はともかく……そっちの娘はドシロウトだな。,R1500,Function_3,loc_28F,Function_3_1E0:jump;loc_250:jump;loc_271:cond_true;loc_271:cond_false;loc_271:next,loc_E13:cond_true;loc_E13:cond_false;loc_E13:next
少匹配,ふーん、そうなのか？,5,005,mp1000_ev,EV_01_23_00,Loc_63,非TK,Loc_60:jump;Loc_62:jump;Loc_64:cond_false;Loc_64:next,Loc_65:cond_false;Loc_65:next,无候选,,,0050021492,ふーん、そうなのか？,R1500,Function_3,loc_28F,Function_3_1E0:jump;loc_250:jump;loc_271:cond_true;loc_271:cond_false;loc_271:next,loc_E13:cond_true;loc_E13:cond_false;loc_E13:next
少匹配,じゃあな、シェラザード。,5,005,mp1000_ev,EV_01_23_00,Loc_63,非TK,Loc_60:jump;Loc_62:jump;Loc_64:cond_false;Loc_64:next,Loc_65:cond_false;Loc_65:next,无候选,,,0050021495,じゃあな、シェラザード。,R1500,Function_3,loc_28F,Function_3_1E0:jump;loc_250:jump;loc_271:cond_true;loc_271:cond_false;loc_271:next,loc_E13:cond_true;loc_E13:cond_false;loc_E13:next
少匹配,はは、肝に銘じとくぜ。,5,005,mp1000_ev,EV_01_23_00,Loc_63,非TK,Loc_60:jump;Loc_62:jump;Loc_64:cond_false;Loc_64:next,Loc_65:cond_false;Loc_65:next,无候选,,,0050021499,はは、肝に銘じとくぜ。,R1500,Function_3,loc_28F,Function_3_1E0:jump;loc_250:jump;loc_271:cond_true;loc_271:cond_false;loc_271:next,loc_E13:cond_true;loc_E13:cond_false;loc_E13:next
少匹配,色々と事情があってね……,2,003,mp1000_ev,EV_01_23_00,Loc_65,非TK,Loc_63:cond_false;Loc_63:next,,无候选,,,0030021519,色々と事情があってね……,,,,,
少匹配,先生に対して突っ張ってるのよ。,2,003,mp1000_ev,EV_01_23_00,Loc_65,非TK,Loc_63:cond_false;Loc_63:next,,无候选,,,0030021520,先生に対して突っ張ってるのよ。,,,,,
少匹配,まあ、どうでもいいか。あんな失礼なヤツのことなんか。,0,001,mp1000_ev,EV_01_23_00,Loc_65,非TK,Loc_63:cond_false;Loc_63:next,,无候选,,,0010021522,まあ、どうでもいいか。あんな失礼なヤツのことなんか。,,,,,
少匹配,ラヴェンヌ村に急ぎましょっ！,0,001,mp1000_ev,EV_01_23_00,Loc_65,非TK,Loc_63:cond_false;Loc_63:next,,无候选,,,0010021523,ラヴェンヌ村に急ぎましょっ！,,,,,
少匹配,さてと……,3,004,mp1000_ev,EV_01_24_00,Loc_66,非TK,,Loc_67:next,无候选,,,0010080129|0010110933|0010120165|0030021548|0040131015|0050050719,さてと……|さてと……|さてと……|さてと……|さてと……|さてと……,R3101,Function_3,Function_3_A72,,
少匹配,おい、お前たち！,20850,,mp1000_ev,EV_01_37_00,_entry,非TK,,,无候选,,,2420030395,おい、お前たち！,T1100,Function_10,Function_10_873,,loc_24E4:cond_true;loc_24E4:cond_false;loc_24E4:next
少匹配,一言、忠告しようと思ってな。,20850,,mp1000_ev,EV_01_37_00,_entry,非TK,,,无候选,,,2420030397,一言、忠告しようと思ってな。,T1100,Function_10,Function_10_873,,loc_24E4:cond_true;loc_24E4:cond_false;loc_24E4:next
少匹配,いくら市長の代理とはいえお前たちは、あくまで民間人だ。,20850,,mp1000_ev,EV_01_37_00,_entry,非TK,,,无候选,,,2420030398,いくら市長の代理とはいえお前たちは、あくまで民間人だ。,T1100,Function_10,Function_10_873,,loc_24E4:cond_true;loc_24E4:cond_false;loc_24E4:next
少匹配,我々が調査している最中にウロウロしないでもらおうか。,20850,,mp1000_ev,EV_01_37_00,_entry,非TK,,,无候选,,,2420030399,我々が調査している最中にウロウロしないでもらおうか。,T1100,Function_10,Function_10_873,,loc_24E4:cond_true;loc_24E4:cond_false;loc_24E4:next
少匹配,分をわきまえろと言っている。,20850,,mp1000_ev,EV_01_37_00,_entry,非TK,,,无候选,,,2420030402,分をわきまえろと言っている。,T1100,Function_10,Function_10_873,,loc_24E4:cond_true;loc_24E4:cond_false;loc_24E4:next
少匹配,そんなに調べたいのだったら我々が引き上げた後にするんだな。,20850,,mp1000_ev,EV_01_37_00,_entry,非TK,,,无候选,,,2420030403,そんなに調べたいのだったら我々が引き上げた後にするんだな。,T1100,Function_10,Function_10_873,,loc_24E4:cond_true;loc_24E4:cond_false;loc_24E4:next
少匹配,あまりワガママが過ぎるとまた牢屋に招待させてもらうぞ？,20850,,mp1000_ev,EV_01_37_00,_entry,非TK,,,无候选,,,2420030404,あまりワガママが過ぎるとまた牢屋に招待させてもらうぞ？,T1100,Function_10,Function_10_873,,loc_24E4:cond_true;loc_24E4:cond_false;loc_24E4:next
少匹配,……何をやっているのかね。,108,013,mp1000_ev,EV_01_37_00,_entry,非TK,,,无候选,,,0130030409,……何をやっているのかね。,T1100,Function_10,Function_10_873,,loc_24E4:cond_true;loc_24E4:cond_false;loc_24E4:next
少匹配,こ、これは大佐どの！？,20850,,mp1000_ev,EV_01_37_00,_entry,非TK,,,无候选,,,2420030410,こ、これは大佐どの！？,T1100,Function_10,Function_10_873,,loc_24E4:cond_true;loc_24E4:cond_false;loc_24E4:next
少匹配,で、ですがこいつらはただの民間人ではありません！,20850,,mp1000_ev,EV_01_37_00,_entry,非TK,,,无候选,,,2420030413,で、ですがこいつらはただの民間人ではありません！,T1100,Function_10,Function_10_873,,loc_24E4:cond_true;loc_24E4:cond_false;loc_24E4:next
少匹配,ギルドの遊撃士どもです！,20850,,mp1000_ev,EV_01_37_00,_entry,非TK,,,无候选,,,2420030414,ギルドの遊撃士どもです！,T1100,Function_10,Function_10_873,,loc_24E4:cond_true;loc_24E4:cond_false;loc_24E4:next
少匹配,し、しかし自分は将軍閣下の意を汲みまして……,20850,,mp1000_ev,EV_01_37_00,_entry,非TK,,,无候选,,,2420030418,し、しかし自分は将軍閣下の意を汲みまして……,T1100,Function_10,Function_10_873,,loc_24E4:cond_true;loc_24E4:cond_false;loc_24E4:next
少匹配,りょ、了解しました……,20850,,mp1000_ev,EV_01_37_00,_entry,非TK,,,无候选,,,2420030425,りょ、了解しました……,T1100,Function_10,Function_10_873,,loc_24E4:cond_true;loc_24E4:cond_false;loc_24E4:next
少匹配,撤収！ハーケン門に戻るぞ！,20850,,mp1000_ev,EV_01_37_00,_entry,非TK,,,无候选,,,2420030426,撤収！ハーケン門に戻るぞ！,T1100,Function_10,Function_10_873,,loc_24E4:cond_true;loc_24E4:cond_false;loc_24E4:next
少匹配,おーい、お前さんたち。,122,027,mp1000_ev,EV_01_37_00,_entry,非TK,,,无候选,,,0270030452,おーい、お前さんたち。,T1100,Function_10,Function_10_873,,loc_24E4:cond_true;loc_24E4:cond_false;loc_24E4:next
少匹配,ひゃああっ！？,12017,123,mp1000_ev,EV_01_41_00,_entry,非TK,,,无候选,,,1230030670,ひゃああっ！？,T1500,Function_4,loc_76B,loc_6CF:cond_true;loc_6CF:cond_false,loc_283F:cond_true;loc_2659:cond_true;loc_283F:jump;loc_2659:cond_false
少匹配,な、なんだね君たちは！？,12017,123,mp1000_ev,EV_01_41_00,_entry,非TK,,,无候选,,,1230030671,な、なんだね君たちは！？,T1500,Function_4,loc_76B,loc_6CF:cond_true;loc_6CF:cond_false,loc_283F:cond_true;loc_2659:cond_true;loc_283F:jump;loc_2659:cond_false
少匹配,い、い、いつからそこにっ！？,12017,123,mp1000_ev,EV_01_41_00,_entry,非TK,,,无候选,,,1230030672,い、い、いつからそこにっ！？,T1500,Function_4,loc_76B,loc_6CF:cond_true;loc_6CF:cond_false,loc_283F:cond_true;loc_2659:cond_true;loc_283F:jump;loc_2659:cond_false
少匹配,寒さに震える子猫のようだよ❤,3,004,mp1000_ev,EV_01_41_00,_entry,非TK,,,无候选,,,0040030725,寒さに震える子猫のようだよ❤,,,,,
少匹配,それでも、こうやって一緒にいてあげられるんだから。,21000,220,mp1000_ev,EV_01_45_00,_entry,非TK,,,无候选,,,0010031044,それでも、こうやって一緒にいてあげられるんだから。,T1500,Function_12,Function_12_4E9B,,loc_580A:cond_true;loc_580A:cond_false;loc_580A:next
少匹配,なっ！？,20850,,mp1000_ev,EV_01_50_00,_entry,非TK,,,无候选,,,0090031222|0480061283|2620131154,なっ！？|なっ！？|なっ！？,T1501,Function_9,Function_9_B78,,loc_248F:cond_true;loc_248F:cond_false;loc_248F:next
少匹配,《四輪の塔》と呼ばれている古代遺跡の１つだよ。,1,002,mp1000_ev,EV_01_51_00,_entry,非TK,,Loc_201:cond_false;Loc_202:jump,无候选,,,0020031293,《四輪（しりん）の塔》と呼ばれている古代遺跡の１つだよ。,R1403,Function_3,Function_3_216,,loc_4D6:cond_true;loc_51D:jump;loc_4D6:cond_false
少匹配,それでシェラさん……すぐに彼らを制圧しますか？,1,002,mp1000_ev,EV_01_51_00,Loc_202,非TK,_entry:jump;Loc_201:next,Loc_203:cond_false;Loc_204:jump,无候选,,,0020031294,それでシェラさん……すぐに彼らを制圧しますか？,R1403,Function_3,Function_3_216,,loc_4D6:cond_true;loc_51D:jump;loc_4D6:cond_false
少匹配,前に遭遇した時と比べて手下の人数が倍以上いるけど……,2,003,mp1000_ev,EV_01_51_00,Loc_202,非TK,_entry:jump;Loc_201:next,Loc_203:cond_false;Loc_204:jump,无候选,,,0030031297,前に遭遇した時と較べて手下の人数が倍以上いるけど……,R1403,Function_3,loc_51D,Function_3_216:jump;loc_4D6:next,
少匹配,フッ……それはどうかと思うけどね。,3,004,mp1000_ev,EV_01_51_00,Loc_202,非TK,_entry:jump;Loc_201:next,Loc_203:cond_false;Loc_204:jump,无候选,,,0040031300,フッ……それはどうかと思うけどね。,R1403,Function_3,loc_51D,Function_3_216:jump;loc_4D6:next,
少匹配,やあ、待たせてしまったね❤,3,004,mp1000_ev,EV_01_51_00,Loc_202,非TK,_entry:jump;Loc_201:next,Loc_203:cond_false;Loc_204:jump,无候选,,,0040031301,やあ、待たせてしまったね❤,,,,,
少匹配,オ、オリビ,0,001,mp1000_ev,EV_01_51_00,Loc_202,非TK,_entry:jump;Loc_201:next,Loc_203:cond_false;Loc_204:jump,无候选,,,0010031302,オ、オリビ,R1403,Function_3,loc_51D,Function_3_216:jump;loc_4D6:next,
少匹配,火酒の一気飲みでもさせておけば良かったかしら？,2,003,mp1000_ev,EV_01_51_00,Loc_204,非TK,Loc_202:jump;Loc_203:next,,无候选,,,0030031314,火酒（かしゅ）の一気飲みでもさせておけば良かったかしら？,R1403,Function_3,loc_51D,Function_3_216:jump;loc_4D6:next,
少匹配,ひゃっほーっ！！,10612,,mp1000_ev,EV_01_51_00,Loc_204,非TK,Loc_202:jump;Loc_203:next,,无候选,,,1260031336,ひゃっほーっ！！,R1403,Function_3,loc_51D,Function_3_216:jump;loc_4D6:next,
少匹配,あんまりしつこいから居酒屋で酒に付き合うのを条件に付いてくることを許可しちゃった❤,2,003,mp1000_ev,EV_01_62_00,Loc_206,非TK,_entry:jump;Loc_205:next,,无候选,,,0030032023,あんまりしつこいから居酒屋で酒に付き合うのを条件に付いてくることを許可しちゃった❤,,,,,
少匹配,ロレント方面行き定期飛行船、まもなく離陸します。,10512,,mp1000_ev,EV_01_62_00,Loc_206,非TK,_entry:jump;Loc_205:next,,无候选,,,0880032040,ロレント方面行き定期飛行船、まもなく離陸します。,T1102,Function_10,Function_10_3DA9,,loc_517C:cond_true;loc_517C:cond_false
少匹配,あのな、いいわけないだろ。,10589,,mp1000_ev,SB_01_00_00,_entry,非TK,,,无候选,,,2480020343,あのな、いいわけないだろ。,R1300,Function_5,loc_8C9,loc_32B:cond_true,loc_D92:cond_true;loc_E24:jump;loc_D92:cond_false
少匹配,そうそう。とっとと引き返すんだな。,10589,,mp1000_ev,SB_01_00_00,_entry,非TK,,,无候选,,,2480020354,そうそう。とっとと引き返すんだな。,R1300,Function_5,loc_8C9,loc_32B:cond_true,loc_D92:cond_true;loc_E24:jump;loc_D92:cond_false
少匹配,もしかして、君たち遊撃士協会の人たちかい？,10577,141,mp1000_ev,QS101_02_00,Loc_219,非TK,_entry:jump;Loc_218:next,Loc_220:jump,无候选,,,1410151430,もしかして、君たち遊撃士協会の人たちかい？,T1200,Function_22,loc_64CC,loc_6276:cond_true;loc_6276:cond_false,loc_6757:next
少匹配,ええ、その通りよ。,2,003,mp1000_ev,QS101_02_00,Loc_219,非TK,_entry:jump;Loc_218:next,Loc_220:jump,多候选,0030151444,0030151444|0030151486|0030151496,0030151431,ええ、その通りよ。,T1200,Function_22,loc_64CC,loc_6276:cond_true;loc_6276:cond_false,loc_6757:next
少匹配,そりゃ良かった。,10577,141,mp1000_ev,QS101_02_00,Loc_219,非TK,_entry:jump;Loc_218:next,Loc_220:jump,无候选,,,1410151432,そりゃ良かった。,T1200,Function_22,loc_64CC,loc_6276:cond_true;loc_6276:cond_false,loc_6757:next
少匹配,もうそろそろ苗木を植え付ける季節なんだ。,10577,141,mp1000_ev,QS101_02_00,Loc_219,非TK,_entry:jump;Loc_218:next,Loc_220:jump,无候选,,,1410151433,もうそろそろ苗木を植え付ける季節なんだ。,T1200,Function_22,loc_64CC,loc_6276:cond_true;loc_6276:cond_false,loc_6757:next
少匹配,忙しくなる前に魔獣を退治してくれると助かるよ。,10577,141,mp1000_ev,QS101_02_00,Loc_219,非TK,_entry:jump;Loc_218:next,Loc_220:jump,无候选,,,1410151434,忙しくなる前に魔獣を退治してくれると助かるよ。,T1200,Function_22,loc_64CC,loc_6276:cond_true;loc_6276:cond_false,loc_6757:next
少匹配,そりゃ助かった。,10577,141,mp1000_ev,QS101_02_00,Loc_222,非TK,Loc_217:jump;Loc_221:next,Loc_220:next,无候选,,,1410151445,そりゃ助かった。,T1200,Function_22,loc_6276,Function_22_6261:cond_true;Function_22_6261:cond_false,loc_675F:cond_true;loc_675C:cond_true;loc_64CC:cond_true;loc_6757:jump;loc_64CC:cond_false
少匹配,早いとこ魔獣をどうにかしてくれよ。,10577,141,mp1000_ev,QS101_02_00,Loc_222,非TK,Loc_217:jump;Loc_221:next,Loc_220:next,无候选,,,1410151446,早いとこ魔獣をどうにかしてくれよ。,T1200,Function_22,loc_6276,Function_22_6261:cond_true;Function_22_6261:cond_false,loc_675F:cond_true;loc_675C:cond_true;loc_64CC:cond_true;loc_6757:jump;loc_64CC:cond_false
少匹配,……じゃ、気をつけてな。よろしく頼んだよ。,10577,141,mp1000_ev,QS101_02_00,Loc_222,非TK,Loc_217:jump;Loc_221:next,Loc_220:next,无候选,,,1410151448,……じゃ、気をつけてな。よろしく頼んだよ。,T1200,Function_22,loc_6276,Function_22_6261:cond_true;Function_22_6261:cond_false,loc_675F:cond_true;loc_675C:cond_true;loc_64CC:cond_true;loc_6757:jump;loc_64CC:cond_false
少匹配,えへへ❤,0,001,mp1000_ev,QS102_03_02,_entry,非TK,,Loc_245:cond_false;Loc_245:next,无候选,,,0010151232,えへへ❤,C1500_1,Function_2,Function_2_BD7,,loc_1002:cond_true;loc_10CF:jump;loc_1002:cond_false
少匹配,流れ行く　星の軌跡は……,14,,mp1000_ev,MayaEvent01_16_01_2,Loc_338,非TK,Loc_336:jump;Loc_337:next,Loc_339:cond_false;Loc_339:next,无候选,,,0040020933,流れ行く　星の軌跡は……,T1400,Function_20,Function_20_39F6,,
少匹配,道しるべ　君へ続く……,14,,mp1000_ev,MayaEvent01_16_01_2,Loc_338,非TK,Loc_336:jump;Loc_337:next,Loc_339:cond_false;Loc_339:next,无候选,,,0040020934,道しるべ　君へ続く……,T1400,Function_20,Function_20_39F6,,
少匹配,焦がれれば　想い　胸を裂き……,14,,mp1000_ev,MayaEvent01_16_01_2,Loc_338,非TK,Loc_336:jump;Loc_337:next,Loc_339:cond_false;Loc_339:next,无候选,,,0040020935,焦がれれば　想い　胸を裂き……,T1400,Function_20,Function_20_39F6,,
少匹配,苦しさを　月が笑う……,14,,mp1000_ev,MayaEvent01_16_01_2,Loc_338,非TK,Loc_336:jump;Loc_337:next,Loc_339:cond_false;Loc_339:next,无候选,,,0040020936,苦しさを　月が笑う……,T1400,Function_20,Function_20_39F6,,
少匹配,叶うことなどない　はかない望みなら……,14,,mp1000_ev,MayaEvent01_16_01_2,Loc_338,非TK,Loc_336:jump;Loc_337:next,Loc_339:cond_false;Loc_339:next,无候选,,,0040020937,叶うことなどない　はかない望みなら……,T1400,Function_20,Function_20_39F6,,
少匹配,せめてひとつ　傷を残そう……,14,,mp1000_ev,MayaEvent01_16_01_2,Loc_338,非TK,Loc_336:jump;Loc_337:next,Loc_339:cond_false;Loc_339:next,无候选,,,0040020938,せめてひとつ　傷を残そう……,T1400,Function_20,Function_20_39F6,,
少匹配,はじめての接吻　さよならの接吻……,14,,mp1000_ev,MayaEvent01_16_01_2,Loc_338,非TK,Loc_336:jump;Loc_337:next,Loc_339:cond_false;Loc_339:next,无候选,,,0040020939,はじめての接吻　さよならの接吻（くちづけくちづけ）……,T1400,Function_20,Function_20_39F6,,
少匹配,君の涙を　琥珀にして……,14,,mp1000_ev,MayaEvent01_16_01_2,Loc_338,非TK,Loc_336:jump;Loc_337:next,Loc_339:cond_false;Loc_339:next,无候选,,,0040020940,君の涙を　琥珀にして……,T1400,Function_20,Function_20_39F6,,
少匹配,永遠の愛　閉じ込めよう……,14,,mp1000_ev,MayaEvent01_16_01_2,Loc_338,非TK,Loc_336:jump;Loc_337:next,Loc_339:cond_false;Loc_339:next,无候选,,,0040020941,永遠の愛　閉じ込めよう……,T1400,Function_20,Function_20_39F6,,
少匹配,フッ……みんな判ってくれたようだね。,14,,mp1000_ev,MayaEvent01_16_01_2,Loc_338,非TK,Loc_336:jump;Loc_337:next,Loc_339:cond_false;Loc_339:next,无候选,,,0040020942,フッ……みんな判ってくれたようだね。,T1400,Function_20,Function_20_39F6,,
少匹配,何よりも大切なもの……それは愛と平和だということを。,14,,mp1000_ev,MayaEvent01_16_01_2,Loc_338,非TK,Loc_336:jump;Loc_337:next,Loc_339:cond_false;Loc_339:next,无候选,,,0040020943,何よりも大切なもの……それは愛と平和だということを。,T1400,Function_20,Function_20_39F6,,
少匹配,今風に言えば、ラブ＆ピース。,14,,mp1000_ev,MayaEvent01_16_01_2,Loc_338,非TK,Loc_336:jump;Loc_337:next,Loc_339:cond_false;Loc_339:next,无候选,,,0040020944,今風に言えば、ラブ＆ピース。,T1400,Function_20,Function_20_39F6,,
少匹配,何かお探しですか？,10519,136,mp1010_01,TK_SPENCE,Loc_104,TK,Loc_101:cond_false,Loc_86:cond_false;Loc_111:cond_false;Loc_112:cond_false;Loc_113:jump,无候选,,,1360150935,何かお探しですか？,T1122_1,Function_1,loc_8A5,loc_83B:jump;loc_885:cond_true;loc_885:cond_false,loc_A63:cond_true;loc_A63:cond_false
少匹配,お嬢様はご自分が忙しいほど生き生きとするタイプなのです。,126,037,mp1010_01,TK_LIRA,_entry,TK,,Loc_321:jump,多候选,0370021456,0370021456|0370021451|0370021454,0370021451|0370021454,お嬢様はご自分が忙しいほど生き生きとするタイプなのです。|お嬢様はご自分が忙しいほど生き生きとするタイプなのです。,T1122,Function_36,Function_36_A480,,loc_A535:cond_true;loc_A5A7:jump;loc_A535:cond_false
少匹配,はーい、こっちに笑顔くださーい㈱,123,028,mp1010_01,TK_DROSI,Loc_328,TK,Loc_327:cond_false,Loc_329:cond_false;Loc_330:cond_false;Loc_331:jump,无候选,,,0280020660,はーい、こっちに笑顔くださーい❤,,,,,
少匹配,貴方たち、恥を知りなさい。,125,036,mp1010_01,EV_01_09_00,_entry,非TK,,,无候选,,,0360020550,貴方たち、恥を知りなさい。,T1122,Function_41,loc_AF62,Function_41_ADAA:switch;loc_AE24:jump;loc_AE6B:jump;loc_AEB2:jump;loc_AF0A:jump,loc_B4AB:switch;loc_B4AB:switch;loc_B57F:switch;loc_B57F:switch;loc_B653:switch
少匹配,お黙りなさい！,125,036,mp1010_01,EV_01_09_00,_entry,非TK,,,无候选,,,0360020555,お黙りなさい！,T1122,Function_41,loc_AF62,Function_41_ADAA:switch;loc_AE24:jump;loc_AE6B:jump;loc_AEB2:jump;loc_AF0A:jump,loc_B4AB:switch;loc_B4AB:switch;loc_B57F:switch;loc_B57F:switch;loc_B653:switch
少匹配,わかりました……,121,065,mp1010_01,EV_01_09_00,_entry,非TK,,,无候选,,,0650120498|1160020559,わかりました……|わかりました……,T4204,Function_5,loc_1BD0,Function_5_1BC3:cond_true;Function_5_1BC3:cond_false,
少匹配,……わたくし、貴方たちのボースマーケットにかける情熱を疑っているわけではありませんわ。,125,036,mp1010_01,EV_01_09_00,_entry,非TK,,,无候选,,,0360020560,……わたくし、貴方たちのボースマーケットにかける情熱を疑っているわけではありませんわ。,T1122,Function_41,loc_AF62,Function_41_ADAA:switch;loc_AE24:jump;loc_AE6B:jump;loc_AEB2:jump;loc_AF0A:jump,loc_B4AB:switch;loc_B4AB:switch;loc_B57F:switch;loc_B57F:switch;loc_B653:switch
少匹配,リラ……来ていたの。,125,036,mp1010_01,EV_01_09_00,_entry,非TK,,,无候选,,,0360020567,リラ……来ていたの。,T1122,Function_41,loc_AF62,Function_41_ADAA:switch;loc_AE24:jump;loc_AE6B:jump;loc_AEB2:jump;loc_AF0A:jump,loc_B4AB:switch;loc_B4AB:switch;loc_B57F:switch;loc_B57F:switch;loc_B653:switch
少匹配,ふふ、申し遅れました。,125,036,mp1010_01,EV_01_09_00,_entry,非TK,,,无候选,,,0360020576,ふふ、申し遅れました。,,,,,
少匹配,わたくしの名は、メイベル。,125,036,mp1010_01,EV_01_09_00,_entry,非TK,,,无候选,,,0360020577,わたくしの名は、メイベル。,,,,,
少匹配,このマーケットのオーナーにしてボース地方の市長を務めています。,125,036,mp1010_01,EV_01_09_00,_entry,非TK,,,无候选,,,0360020578,このマーケットのオーナーにしてボース地方の市長を務めています。,,,,,
少匹配,えーと、あたしたち掲示板を見て来たんだけど……,0,001,mp1010_01,QS105_00_00,Loc_375,非TK,Loc_374:cond_false;Loc_374:next,Loc_376:cond_false;Loc_377:cond_false;Loc_378:jump,无候选,,,0010150937,えーと、あたしたち掲示板を見て来たんだけど……,T1122_1,Function_1,loc_8A5,loc_83B:jump;loc_885:cond_true;loc_885:cond_false,loc_A63:cond_true;loc_A63:cond_false
少匹配,ひょっとして、おじいさんがスペンスさん？,0,001,mp1010_01,QS105_00_00,Loc_375,非TK,Loc_374:cond_false;Loc_374:next,Loc_376:cond_false;Loc_377:cond_false;Loc_378:jump,无候选,,,0010150938,ひょっとして、おじいさんがスペンスさん？,T1122_1,Function_1,loc_8A5,loc_83B:jump;loc_885:cond_true;loc_885:cond_false,loc_A63:cond_true;loc_A63:cond_false
少匹配,お待ちしておりましたぞ。,10519,136,mp1010_01,QS105_00_00,Loc_375,非TK,Loc_374:cond_false;Loc_374:next,Loc_376:cond_false;Loc_377:cond_false;Loc_378:jump,无候选,,,1360150940,お待ちしておりましたぞ。,T1122_1,Function_1,loc_8A5,loc_83B:jump;loc_885:cond_true;loc_885:cond_false,loc_A63:cond_true;loc_A63:cond_false
少匹配,早速ですけど、『ベアズクロー』の生育地を探しているそうですね。,1,002,mp1010_01,QS105_00_00,Loc_375,非TK,Loc_374:cond_false;Loc_374:next,Loc_376:cond_false;Loc_377:cond_false;Loc_378:jump,无候选,,,0020150941,早速ですけど、『ベアズクロー』の生育地を探しているそうですね。,T1122_1,Function_1,loc_8A5,loc_83B:jump;loc_885:cond_true;loc_885:cond_false,loc_A63:cond_true;loc_A63:cond_false
少匹配,ふーん、『ベアズクロー』ねえ。,0,001,mp1010_01,QS105_00_00,Loc_375,非TK,Loc_374:cond_false;Loc_374:next,Loc_376:cond_false;Loc_377:cond_false;Loc_378:jump,无候选,,,0010150947|0010151018,ふ〜ん、『ベアズクロー』ねえ。|ふーん、『ベアズクロー』ねえ。,T1122_1,Function_0,loc_328,loc_16A:cond_true;loc_16A:cond_false,loc_504:cond_true;loc_563:jump;loc_504:cond_false
少匹配,うん、霧降り峡谷で見つけたよね。,1,002,mp1010_01,QS105_00_00,Loc_376,非TK,Loc_375:cond_false,Loc_384:cond_false;Loc_385:jump,无候选,,,0020150972,うん、霧降（きりふ）り峡谷で見つけたよね。,T1122_1,Function_1,loc_A63,loc_8A5:cond_true;loc_8A5:cond_false,loc_CE5:cond_true;loc_DEC:jump;loc_CE5:cond_false
少匹配,ちょっといい？,0,001,mp1010_02,QS102_00_00,_entry,非TK,,Loc_31:jump,无候选,,,0010151151|0010180783,ちょっといい？|ちょっといい？,T1132_1,Function_1,Function_1_136,,loc_33A:next
少匹配,やあ、遊撃士諸君。,11087,186,mp1010_02,QS102_00_00,Loc_30,非TK,,Loc_31:next,无候选,,,1370151162,やあ、遊撃士諸君。,T1132_1,Function_2,Function_2_489,,loc_55B:next
少匹配,とほほ、このままじゃ今度の商談はダメになりそうだよ。,10507,137,mp1010_02,QS102_00_00,Loc_32,非TK,Loc_31:cond_false,Loc_34:cond_false;Loc_33:jump,无候选,,,1370151161,とほ、このままじゃ今度の商談はダメになりそうだよ。,T1132_1,Function_2,loc_5D4,loc_55B:switch,loc_692:jump
少匹配,ヒック……,11039,,mp1010_03,TK_NIAL,Loc_92,TK,,Loc_93:cond_false;Loc_94:cond_false;Loc_93:jump,无候选,,,0270021418|0270021422|0270021424,ヒック……|ヒック……|ヒック……,T1131,Function_13,loc_6787,Function_13_3F8B:cond_true,loc_68CA:cond_true;loc_6864:cond_true;loc_68C7:jump;loc_6864:cond_false
少匹配,くっ……,107,010,mp1010_03,EV_01_22_00,_entry,非TK,,Loc_96:cond_false;Loc_97:jump,无候选,,,0060060617|0100130958|0270021373|0490061601,くっ……|くっ……|くっ……|くっ……,T2523,Function_17,loc_5923,loc_58FE:cond_true;loc_58FE:jump,
少匹配,また軍の連中と顔を合わせることになるが、そちらの方もよろしく頼むぞ。,134,038,mp1010_04,TK_RUGLANG,Loc_38,TK,Loc_33:cond_false,Loc_39:next,无候选,,,0380030287,また軍の連中と顔を合わせることになるがよろしく頼むぞ。,T1121,Function_5,loc_C6B,loc_900:cond_true;loc_900:cond_false,loc_D3D:next
少匹配,そうこうしておる間にメイベル市長が動いてくれてのう。,134,038,mp1010_04,TK_QS110_BEGIN,_entry,TK,,Loc_50:cond_false;Loc_51:jump,无候选,,,0380030280,そうこうしておる間にメイベル市長が動いてくれてな。,T1121,Function_5,loc_900,loc_749:cond_true,loc_D40:cond_true;loc_C6B:cond_true;loc_D3D:jump;loc_C6B:cond_false
少匹配,ま、この先も色々あると思うけどくじけずに頑張ってね。,101,012,mp1010_04,TK_ANELUS,Loc_79,TK,,Loc_83:cond_false;Loc_82:jump,多候选,0120040090,0120040090|0120040093|0120040094,0120040093|0120040094,ま、この先も色々あると思うけどくじけずに頑張ってね。|ま、この先も色々あると思うけどくじけずに頑張ってね。,T1121,Function_7,loc_2418,Function_7_234C:cond_true;Function_7_234C:cond_false,loc_24C3:next
少匹配,ええ～っ！？,0,001,mp1010_04,EV_01_06_00,_entry,非TK,,,无候选,,,0010020403|0010101568,ええ〜っ！？|ええ〜っ！？,T1121,Function_8,Function_8_2F90,,
少匹配,そんなことありませんわ。,125,036,mp1010_04,EV_01_61_00,_entry,非TK,,Loc_90:cond_false;Loc_91:jump,无候选,,,0360031780,そんなことはありませんわ。,T1121,Function_9,Function_9_4452,,loc_50FA:cond_true;loc_50FA:cond_false
少匹配,ごめんくださ～い！,10512,,mp1010_04,EV_01_61_00,Loc_91,非TK,_entry:jump;Loc_90:next,,无候选,,,1330031828,ごめんくださ〜い！,T1121,Function_9,loc_50FA,Function_9_4452:cond_true;Function_9_4452:cond_false,
少匹配,実は、例の空賊に奪われていた定期船の積荷が戻ってきましてね。,10512,,mp1010_04,EV_01_61_00,Loc_91,非TK,_entry:jump;Loc_90:next,,无候选,,,1330031831,実は、例の空賊に奪われていた定期船の積荷が戻ってきましてね。,T1121,Function_9,loc_50FA,Function_9_4452:cond_true;Function_9_4452:cond_false,
少匹配,その中に、遊撃士協会あての郵便物が幾つかあったんですよ。,10512,,mp1010_04,EV_01_61_00,Loc_91,非TK,_entry:jump;Loc_90:next,,无候选,,,1330031832,その中に、遊撃士協会あての郵便物が幾つかあったんですよ。,T1121,Function_9,loc_50FA,Function_9_4452:cond_true;Function_9_4452:cond_false,
少匹配,それでお届けに伺ったんです。,10512,,mp1010_04,EV_01_61_00,Loc_91,非TK,_entry:jump;Loc_90:next,,无候选,,,1330031833,それでお届けに伺ったんです。,T1121,Function_9,loc_50FA,Function_9_4452:cond_true;Function_9_4452:cond_false,
少匹配,いえ、違うんです。ロレント宛のものなんですけど。,10512,,mp1010_04,EV_01_61_00,Loc_91,非TK,_entry:jump;Loc_90:next,,无候选,,,1330031837,いえ、違うんです。ロレント宛のものなんですけど。,T1121,Function_9,loc_50FA,Function_9_4452:cond_true;Function_9_4452:cond_false,
少匹配,ああ、ちょうど良かった！,10512,,mp1010_04,EV_01_61_00,Loc_91,非TK,_entry:jump;Loc_90:next,,无候选,,,1330031841,ああ、ちょうど良かった！,T1121,Function_9,loc_50FA,Function_9_4452:cond_true;Function_9_4452:cond_false,
少匹配,いや、ロレント支部に連絡したらこちらに来ていると聞きましてね。,10512,,mp1010_04,EV_01_61_00,Loc_91,非TK,_entry:jump;Loc_90:next,,无候选,,,1330031842,いや、ロレント支部に連絡したらこちらに来ていると聞きましてね。,T1121,Function_9,loc_50FA,Function_9_4452:cond_true;Function_9_4452:cond_false,
少匹配,それじゃあ、受け取ってください。,10512,,mp1010_04,EV_01_61_00,Loc_91,非TK,_entry:jump;Loc_90:next,,无候选,,,1330031843,それじゃあ、受け取ってください。,T1121,Function_9,loc_50FA,Function_9_4452:cond_true;Function_9_4452:cond_false,
少匹配,では、確かにお渡ししましたよ。,10512,,mp1010_04,EV_01_61_00,Loc_91,非TK,_entry:jump;Loc_90:next,,无候选,,,1330031854,では、確かにお渡ししましたよ。,T1121,Function_9,loc_50FA,Function_9_4452:cond_true;Function_9_4452:cond_false,
少匹配,ああそれと……空賊逮捕、本当にご苦労さまです。,10512,,mp1010_04,EV_01_61_00,Loc_91,非TK,_entry:jump;Loc_90:next,,无候选,,,1330031855,ああそれと……空賊逮捕、本当にご苦労さまです。,T1121,Function_9,loc_50FA,Function_9_4452:cond_true;Function_9_4452:cond_false,
少匹配,いやあ、さすが遊撃士ですねえ。,10512,,mp1010_04,EV_01_61_00,Loc_91,非TK,_entry:jump;Loc_90:next,,无候选,,,1330031856,いやあ、さすが遊撃士ですねえ。,T1121,Function_9,loc_50FA,Function_9_4452:cond_true;Function_9_4452:cond_false,
少匹配,そうですね……,1,002,mp1010_04,EV_01_61_00,Loc_91,非TK,_entry:jump;Loc_90:next,,无候选,,,0020031890|0020090978|0020110394|0020130887|0060061329|0390050339|0590100697,そうですね……|そうですね……|そうですね……|そうですね……|そうですね……|そうですね……|そうですね……,T1121,Function_10,Function_10_5E95,,
少匹配,普通の戦術オーブメントには結晶回路を嵌めるためのスロットが付いている……,3,004,mp1010_04,EV_01_61_00,Loc_91,非TK,_entry:jump;Loc_90:next,,无候选,,,0040031928,普通の戦術オーブメントには結晶回路（クオーツ）を嵌めるためのスロットが付いている……,T1121,Function_10,Function_10_5E95,,
少匹配,これはひょっとしたら……《古代遺物》かもしれないね。,3,004,mp1010_04,EV_01_61_00,Loc_91,非TK,_entry:jump;Loc_90:next,,无候选,,,0040031930,これはひょっとしたら……《古代遺物（アーティファクト）》かもしれないね。,T1121,Function_10,Function_10_5E95,,
少匹配,たまにはうちの店で食事を楽しんでいってよね。,10557,135,mp1010_06,TK_GURNA,Loc_93,TK,,Loc_95:cond_false;Loc_94:jump,无候选,,,1350150934,たまにはうちの店で食事を楽しんでいってね。,T1131_1,Function_0,loc_822,loc_187:cond_true;loc_187:jump;loc_7F4:next,
少匹配,空の女神エイドスよ……,11538,201,mp1010_07,TK_HORUS,Loc_5,TK,,Loc_11:cond_false;Loc_12:cond_false;Loc_13:cond_false;Loc_14:jump,无候选,,,1340150887,空の女神エイドスよ……,T1130_1,Function_0,loc_E8D,loc_CBA:cond_true;loc_CBA:cond_false;loc_CBA:next,
少匹配,お嬢様も連日夜遅くまでの勤務に加えて強盗事件への対応に追われています。,126,037,mp1010_07,TK_LIRA,_entry,TK,,Loc_50:next,无候选,,,0370020527,お嬢様は連日夜遅くまでの勤務に加えて強盗事件への対応に追われています。,T1130,Function_9,Function_9_17F1,,loc_1897:cond_true;loc_1F73:jump;loc_1897:cond_false
少匹配,またネタがあったらよろしく頼むぜ。,122,027,mp1010_09,TK_NIAL,_entry,TK,,Loc_38:next,无候选,,,0270030481,またネタあったらよろしく頼むぜ。,T1120,Function_9,Function_9_1FFF,,
少匹配,おーい、帰ったぞ～っ。,10534,121,mp1010_11,EV_01_38_00,_entry,非TK,,,无候选,,,1210030513,おーい、帰ったぞ〜っ。,T1110,Function_11,loc_2C95,loc_2B10:cond_true,loc_3F4D:cond_true;loc_428A:jump;loc_3F4D:cond_false
少匹配,そう言えば誰かが探してたような気が……,0,001,mp1050,QS105_01_00,Loc_69,非TK,Loc_65:jump;Loc_68:next,Loc_70:cond_false;Loc_71:jump,无候选,,,0010151019,そう言えば誰かが探してたような気が……,C1401,Function_7,loc_11FF,loc_CB9:cond_true,loc_12F0:cond_true;loc_137D:jump;loc_12F0:cond_false
少匹配,ちゃんと掲示板にあったでしょ。,2,003,mp1050,QS105_01_00,Loc_69,非TK,Loc_65:jump;Loc_68:next,Loc_70:cond_false;Loc_71:jump,无候选,,,0030151020,ちゃんと掲示板にあったでしょ。,C1401,Function_7,loc_11FF,loc_CB9:cond_true,loc_12F0:cond_true;loc_137D:jump;loc_12F0:cond_false
少匹配,後で手帳を確認してみなさい。,2,003,mp1050,QS105_01_00,Loc_69,非TK,Loc_65:jump;Loc_68:next,Loc_70:cond_false;Loc_71:jump,无候选,,,0030151021,後で手帳を確認してみなさい。,C1401,Function_7,loc_11FF,loc_CB9:cond_true,loc_12F0:cond_true;loc_137D:jump;loc_12F0:cond_false
少匹配,掲示板にあったはずだよ。,1,002,mp1050,QS105_01_00,Loc_70,非TK,Loc_69:cond_false,Loc_71:next,无候选,,,0020151022,掲示板にあったはずだよ。,C1401,Function_7,loc_12F0,loc_11FF:cond_true;loc_11FF:cond_false,loc_137D:next
少匹配,後で手帳を確認してみたら？,1,002,mp1050,QS105_01_00,Loc_70,非TK,Loc_69:cond_false,Loc_71:next,无候选,,,0020151023,後で手帳を確認してみたら？,C1401,Function_7,loc_12F0,loc_11FF:cond_true;loc_11FF:cond_false,loc_137D:next
少匹配,うん、そうしとくわ。,0,001,mp1050,QS105_01_00,Loc_71,非TK,Loc_69:jump;Loc_70:next,Loc_66:jump,无候选,,,0010151024,うん、そうしとくわ。,C1401,Function_7,loc_137D,loc_11FF:jump;loc_12F0:next,loc_13A0:next
少匹配,ふう、や～っと見つかったわね。,0,001,mp1050,QS105_01_00,Loc_73,非TK,Loc_67:jump;Loc_72:next,Loc_74:cond_false;Loc_75:cond_false;Loc_76:jump,无候选,,,0010150990,ふう、や〜っと見つかったわね。,C1401,Function_7,loc_CB9,loc_BF2:cond_true;loc_BF2:jump;loc_C69:next,loc_11FF:cond_true;loc_E3C:cond_true;loc_EEA:jump;loc_E3C:cond_false
少匹配,後はマーケットのおじいさんにこの場所を教えてあげればよし、と。,0,001,mp1050,QS105_01_00,Loc_73,非TK,Loc_67:jump;Loc_72:next,Loc_74:cond_false;Loc_75:cond_false;Loc_76:jump,无候选,,,0010150991,後はマーケットのおじいさんにこの場所を教えてあげればよし、と。,C1401,Function_7,loc_CB9,loc_BF2:cond_true;loc_BF2:jump;loc_C69:next,loc_11FF:cond_true;loc_E3C:cond_true;loc_EEA:jump;loc_E3C:cond_false
少匹配,じゃあ、エステルちょっと聞くけど……,2,003,mp1050,QS105_01_00,Loc_73,非TK,Loc_67:jump;Loc_72:next,Loc_74:cond_false;Loc_75:cond_false;Loc_76:jump,无候选,,,0030150992,じゃあ、エステルちょっと聞くけど……,C1401,Function_7,loc_CB9,loc_BF2:cond_true;loc_BF2:jump;loc_C69:next,loc_11FF:cond_true;loc_E3C:cond_true;loc_EEA:jump;loc_E3C:cond_false
少匹配,ここが何て場所なのか知ってるの？,2,003,mp1050,QS105_01_00,Loc_73,非TK,Loc_67:jump;Loc_72:next,Loc_74:cond_false;Loc_75:cond_false;Loc_76:jump,无候选,,,0030150993,ここが何て場所なのか知ってるの？,C1401,Function_7,loc_CB9,loc_BF2:cond_true;loc_BF2:jump;loc_C69:next,loc_11FF:cond_true;loc_E3C:cond_true;loc_EEA:jump;loc_E3C:cond_false
少匹配,もー、シェラ姉ったらバカにしないでよね。,0,001,mp1050,QS105_01_00,Loc_76,非TK,Loc_73:jump;Loc_75:next,Loc_77:jump,无候选,,,0010150994,もー、シェラ姉ったらバカにしないでよね。,C1401,Function_7,loc_CB9,loc_BF2:cond_true;loc_BF2:jump;loc_C69:next,loc_11FF:cond_true;loc_E3C:cond_true;loc_EEA:jump;loc_E3C:cond_false
少匹配,霜降り峡谷でしょ？,0,001,mp1050,QS105_01_00,Loc_76,非TK,Loc_73:jump;Loc_75:next,Loc_77:jump,无候选,,,0010150995,霜降（しもふ）り峡谷でしょ？,C1401,Function_7,loc_E3C,loc_CB9:cond_true;loc_CB9:cond_false,loc_EEA:next
少匹配,エステル、ここがなんていう場所だか知ってるの？,1,002,mp1050,QS105_01_00,Loc_74,非TK,Loc_73:cond_false,Loc_78:cond_false;Loc_79:jump,无候选,,,0020150996,エステル、ここがなんていう場所だか知ってるの？,C1401,Function_7,loc_E3C,loc_CB9:cond_true;loc_CB9:cond_false,loc_EEA:next
少匹配,もー、バカにしないでよね。,0,001,mp1050,QS105_01_00,Loc_79,非TK,Loc_74:jump;Loc_78:next,Loc_77:next,无候选,,,0010150997,もー、バカにしないでよね。,C1401,Function_7,loc_E3C,loc_CB9:cond_true;loc_CB9:cond_false,loc_EEA:next
少匹配,どことなくふくよかな響きのある地名だねえ。,3,004,mp1050,QS105_01_00,Loc_82,非TK,Loc_80:jump;Loc_81:next,Loc_83:cond_false;Loc_84:cond_false;Loc_85:jump,无候选,,,0040151001,どことなくふくよかな響きのある地名だねえ。,C1401,Function_7,loc_EEA,loc_CB9:jump;loc_E3C:next,loc_F91:cond_true;loc_1061:jump;loc_F91:cond_false
少匹配,霧降り峡谷だよ。,1,002,mp1050,QS105_01_00,Loc_85,非TK,Loc_82:jump;Loc_84:next,Loc_86:jump,无候选,,,0020151003,霧降（きりふ）り峡谷だよ。,C1401,Function_7,loc_F91,loc_EEA:cond_true;loc_EEA:cond_false,loc_101C:cond_true;loc_1061:jump;loc_101C:cond_false
少匹配,……やたらと美味しそうな名前ね。,2,003,mp1050,QS105_01_00,Loc_83,非TK,Loc_82:cond_false,Loc_87:cond_false;Loc_88:cond_false;Loc_89:jump,无候选,,,0030151005,……やたらと美味しそうな名前ね。,C1401,Function_7,loc_F91,loc_EEA:cond_true;loc_EEA:cond_false,loc_101C:cond_true;loc_1061:jump;loc_101C:cond_false
少匹配,エステル……霧降り峡谷だよ。,1,002,mp1050,QS105_01_00,Loc_87,非TK,Loc_83:cond_false,Loc_86:next,无候选,,,0020151009,エステル……霧降（きりふ）り峡谷だよ。,C1401,Function_7,loc_101C,loc_F91:cond_true;loc_F91:cond_false,loc_1061:next
少匹配,……聞いといて良かったわ。,2,003,mp1050,QS105_01_00,Loc_86,非TK,Loc_85:jump;Loc_89:jump;Loc_87:next,Loc_90:cond_false;Loc_91:jump,无候选,,,0030151011,……聞いといて良かったわ。,C1401,Function_7,loc_1061,loc_EEA:jump;loc_F91:jump;loc_101C:next,loc_10A7:cond_true;loc_10D7:jump;loc_10A7:cond_false
少匹配,……聞いておいて良かった。,1,002,mp1050,QS105_01_00,Loc_90,非TK,Loc_86:cond_false,Loc_91:next,无候选,,,0020151012,……聞いておいて良かった。,C1401,Function_7,loc_10A7,loc_1061:cond_true;loc_1061:cond_false,loc_10D7:next
少匹配,しょ、しょうがないでしょ育ち盛りなんだから～。,0,001,mp1050,QS105_01_00,Loc_96,非TK,Loc_94:jump;Loc_95:next,Loc_66:next,无候选,,,0010151013,しょ、しょうがないでしょ育ち盛りなんだから〜。,C1401,Function_7,loc_10D7,loc_1061:jump;loc_10A7:next,loc_13A0:jump
少匹配,どういう言い訳なんだか……,1,002,mp1050,QS105_01_00,Loc_96,非TK,Loc_94:jump;Loc_95:next,Loc_66:next,无候选,,,0020151014,どういう言い訳なんだか……,C1401,Function_7,loc_10D7,loc_1061:jump;loc_10A7:next,loc_13A0:jump
少匹配,ほ、ほらほら、お仕事中なのよ、お仕事中。,0,001,mp1050,QS105_01_00,Loc_96,非TK,Loc_94:jump;Loc_95:next,Loc_66:next,无候选,,,0010151015,ほ、ほらほら、お仕事中なのよ、お仕事中。,C1401,Function_7,loc_10D7,loc_1061:jump;loc_10A7:next,loc_13A0:jump
少匹配,さっ、早く出発しないと。,0,001,mp1050,QS105_01_00,Loc_96,非TK,Loc_94:jump;Loc_95:next,Loc_66:next,无候选,,,0010151016,さっ、早く出発しないと。,C1401,Function_7,loc_10D7,loc_1061:jump;loc_10A7:next,loc_13A0:jump
少匹配,こちらこそ、よろしくお願いします。,1,002,mp0010_05,TK_REDGE,Loc_108,TK,Loc_104:jump;Loc_107:next,Loc_109:cond_false;Loc_110:jump,无候选,,,0020141612,こちらこそよろしくお願いします。,T4100,Function_29,loc_64A7,loc_6405:cond_true;loc_6405:cond_false,loc_668D:next
少匹配,現在調査中のため、この先は民間人の立入りが禁止されている。,10589,,mp1050,ST_GO_SKY_PIRATE_FORT,_entry,非TK,,,无候选,,,2420031773,現在調査中のため、この先は民間人の立入りが禁止されている。,C1401,Function_5,Function_5_7FD,,loc_8E8:cond_true;loc_8E8:cond_false;loc_8E8:next
少匹配,悪いがお引取り願おうか。,10589,,mp1050,ST_GO_SKY_PIRATE_FORT,_entry,非TK,,,无候选,,,2420031774,悪いがお引取り願おうか。,C1401,Function_5,Function_5_7FD,,loc_8E8:cond_true;loc_8E8:cond_false;loc_8E8:next
少匹配,忠告しておくが今回の事件は軍の管轄下にある。,113,060,mp1061_01,TK_MORGAN,Loc_16,TK,Loc_10:cond_false,Loc_17:next,无候选,,,0600021026|0600021032,忠告しておくが今回の事件は軍の管轄下にある。|忠告しておくが今回の事件は軍の管轄下にある。,T1410,Function_13,loc_3DCD,loc_3C90:cond_true;loc_3C90:cond_false,loc_3F42:next
少匹配,今度また出過ぎた真似すれば酌量の余地はないぞ。,113,060,mp1061_01,TK_MORGAN,Loc_16,TK,Loc_10:cond_false,Loc_17:next,无候选,,,0600021027,今度また出過ぎた真似すれば酌量の余地はないぞ。,T1410,Function_13,loc_3DCD,loc_3C90:cond_true;loc_3C90:cond_false,loc_3F42:next
少匹配,何だ、カシウスの子供たちか……,113,060,mp1061_01,tk_morgan_1st_talk,_entry,非TK,,,无候选,,,0600021024,何だ、カシウスの子供たちか……,T1410,Function_13,loc_3DCD,loc_3C90:cond_true;loc_3C90:cond_false,loc_3F42:next
少匹配,まだ、このあたりをウロウロしておるのか……,113,060,mp1061_01,tk_morgan_1st_talk,_entry,非TK,,,无候选,,,0600021025,まだ、このあたりをウロウロしておるのか……,T1410,Function_13,loc_3DCD,loc_3C90:cond_true;loc_3C90:cond_false,loc_3F42:next
少匹配,あの男には工房乗っ取りの疑いがあるんだが……,10606,253,mp1061_01,TK_SOLDIER_07_MP1061_01,Loc_50,TK,,Loc_49:next,无候选,,,2530151365,実はあの男には工房乗っ取りの疑いがあるんだが……,T1410,Function_19,Function_19_4FBE,,
少匹配,拘留期間には限りがあるし、このままじゃ釈放になっちまうな。,10606,253,mp1061_01,TK_SOLDIER_07_MP1061_01,Loc_50,TK,,Loc_49:next,无候选,,,2530151367,拘留期間には限りがあるし、このままじゃ釈放になっちまうのさ。,T1410,Function_19,Function_19_4FBE,,
少匹配,……メイベル嬢の使いか？,113,060,mp1061_01,EV_01_16_00,Loc_65,非TK,_entry:jump;Loc_64:cond_false;Loc_64:next,,无候选,,,0600020832,……メイベル嬢の使いか？,T1410,Function_20,loc_5B98,Function_20_5AD1:switch,loc_724C:jump
少匹配,うむ、入ってくるがいい。,113,060,mp1061_01,EV_01_16_00,Loc_65,非TK,_entry:jump;Loc_64:cond_false;Loc_64:next,,无候选,,,0600020834,うむ、入ってくるがいい。,T1410,Function_20,loc_5B98,Function_20_5AD1:switch,loc_724C:jump
少匹配,では、失礼します。,1,002,mp1061_01,EV_01_16_00,Loc_65,非TK,_entry:jump;Loc_64:cond_false;Loc_64:next,,多候选,0020170877,0020170877|0020170906,0020151075|0020180811|0030020835,では失礼します。|では失礼します。|では、失礼します。,T1122_1,Function_2,loc_126F,loc_10DA:cond_true;loc_10DA:cond_false,
少匹配,謹んで拝聴させてもらうわ。,2,003,mp1061_01,EV_01_16_00,Loc_65,非TK,_entry:jump;Loc_64:cond_false;Loc_64:next,,无候选,,,0030020855,謹んで拝聴させていただくわ。,T1410,Function_20,loc_5B98,Function_20_5AD1:switch,loc_724C:jump
少匹配,明朝、将軍閣下自らの手であんたたちの尋問が行われる。,10603,,mp1061_01,EV_01_34_00,_entry,非TK,,,无候选,,,2440030001,明朝、将軍閣下自らの手であんたたちの尋問が行われる。,T1410,Function_27,Function_27_83AA,,
少匹配,そこで無実が証明されれば２、３日で釈放されるはずさ。,10603,,mp1061_01,EV_01_34_00,_entry,非TK,,,无候选,,,2440030002,そこで無実が証明されれば２、３日で釈放されるはずさ。,T1410,Function_27,Function_27_83AA,,
少匹配,ま、しばらくそこで頭を冷やしておくことだな。,10602,,mp1061_01,EV_01_34_00,_entry,非TK,,,无候选,,,2450030003,ま、しばらくそこで頭を冷やしておくことだな。,T1410,Function_27,Function_27_83AA,,
少匹配,おお、つれない事を言わないでくれたまえ。,3,004,mp1061_01,EV_01_34_00,_entry,非TK,,,无候选,,,0040030029,おお、つれない事を言わないでくれたまえ。,T1410,Function_27,Function_27_83AA,,
少匹配,ピンポーン♪,3,004,mp1061_01,EV_01_34_00,_entry,非TK,,,无候选,,,0040030034|0040130811,ピンポ〜ン❤|ピンポーン♪,T4310,Function_6,Function_6_142A,,
少匹配,鼻腔をくすぐる馥郁たる香り。,3,004,mp1061_01,EV_01_34_00,_entry,非TK,,,无候选,,,0040030081,鼻腔をくすぐる馥郁（びこうふくいく）たる香り。,T1410,Function_27,Function_27_83AA,,
少匹配,おーい！あんたたち、起きてくれ。,10603,,mp1061_01,EV_01_34_02,_entry,非TK,,,无候选,,,2450030106,おーい！あんたたち、起きてくれ。,T1410,Function_27,Function_27_83AA,,
少匹配,いや、その反対だ。,10603,,mp1061_01,EV_01_34_02,_entry,非TK,,,无候选,,,2450030112,いや、その反対だ。,T1410,Function_27,Function_27_83AA,,
少匹配,あんたたちを釈放する。,10603,,mp1061_01,EV_01_34_02,_entry,非TK,,,无候选,,,2450030113,あんたたちを釈放する。,T1410,Function_27,Function_27_83AA,,
少匹配,……こういう訳ですわ。,125,036,mp1061_01,EV_01_34_02,_entry,非TK,,,无候选,,,0360030117,……こういう訳ですわ。,T1410,Function_27,Function_27_83AA,,
少匹配,えっと、それって……,0,001,mp1061_01,EV_01_34_02,_entry,非TK,,,无候选,,,0010030124|0010171206,えっと、それって……|えっと、それって……,T1410,Function_27,Function_27_83AA,,
少匹配,ああ……人はなんと無情なのだろう。,3,004,mp1061_01,EV_01_34_02,_entry,非TK,,,无候选,,,0040030173,ああ……人はなんと無情なのだろう。,T1410,Function_27,Function_27_83AA,,
少匹配,いいさ、ボクはこの暗き煉獄で一人朽ち果てて行くとしよう……,3,004,mp1061_01,EV_01_34_02,_entry,非TK,,,无候选,,,0040030176,いいさ、ボクはこの暗き煉獄（れんごく）で一人朽ち果てて行くとしよう……,T1410,Function_27,Function_27_83AA,,
少匹配,ん？,14,,mp1061_01,QS201_01_00,_entry,非TK,,,无候选,,,0010151371,ん？,T1410,Function_19,Function_19_4FBE,,
少匹配,いちお、礼を言っとくわね。,2,003,mp1061_02,EV_01_16_02,_entry,非TK,,,无候选,,,0030020972,いちお、礼を言っておくわね。,T1410,Function_26,Function_26_7402,,
少匹配,え、本当？ラッキー㈱,0,001,mp1071_01,TK_SOPHINA,Loc_29,TK,Loc_27:jump;Loc_28:next,Loc_30:cond_false;Loc_31:jump,无候选,,,0010030965,え、本当？ラッキー❤,,,,,
少匹配,ウチの父さんですら酔ったシェラ姉には敵わないし。,0,001,mp1071_01,TK_OLIVERT,Loc_95,TK,Loc_93:cond_false,Loc_97:cond_false;Loc_96:jump,无候选,,,0010030993,ウチの父さんですら酔ったシェラ姉には敵（かな）わないし。,T1510,Function_13,loc_3DC9,loc_3D8C:jump;loc_3DAE:jump;loc_3DC4:next,loc_3F43:cond_true;loc_3FD2:jump;loc_3F43:cond_false
少匹配,シェラ姉ってば……また昼間っから始めちゃって。,0,001,mp1071_01,TK_01_42_01_olivert_schera,_entry,TK,,,多候选,0010030905,0010030905|0010030918,0010030918,シェラ姉ってば……また昼間っから始めちゃって。,T1510,Function_14,loc_49FB,loc_44B3:cond_true,loc_4CFC:cond_true;loc_4B47:cond_true;loc_4B78:jump;loc_4B47:cond_false
少匹配,うふふ……気に入ったわ㈱,2,003,mp1071_01,TK_01_44_00_olivert_schera,_entry,TK,,,无候选,,,0030030980,うふふ……気に入ったわ❤,T1510,Function_13,loc_3A05,Function_13_39EC:cond_true;Function_13_39EC:cond_false,loc_3FDA:cond_true;loc_3D8C:cond_true;loc_3C47:cond_true;loc_3C78:jump;loc_3C47:cond_false
少匹配,ほらほら、どんどん行きなさい♪（トクトクトクトク……）,2,003,mp1071_01,TK_01_44_00_olivert_schera,_entry,TK,,,无候选,,,0030030981,ほらほら、どんどん行きなさい♪（トクトクトクトク……）,,,,,
少匹配,おね～さんと一緒に飲みましょ❤,2,003,mp1071_01,EV_01_47_00,_entry,非TK,,,无候选,,,0030031121,おね〜さんと一緒に飲みましょ❤,T1510,Function_17,Function_17_6832,,
少匹配,いいでしょ、いいでしょ、ね～ん？,2,003,mp1071_01,EV_01_47_00,_entry,非TK,,,无候选,,,0030031122,いいでしょ、いいでしょ、ね〜ん？,,,,,
少匹配,な～んだ、まだイケルわね❤,2,003,mp1071_01,EV_01_47_00,_entry,非TK,,,无候选,,,0030031130,な〜んだ、まだイケルわね❤,,,,,
少匹配,最近色々あって飲めなかったから久しぶりに堪能しちゃったわ❤,2,003,mp1071_01,EV_01_47_02,_entry,非TK,,,无候选,,,0030031148,最近色々あって飲めなかったから久しぶりに堪能しちゃったわ❤,,,,,
少匹配,ふふ、オトコは素直が一番よ❤,2,003,mp1072_01,QS103_01_01,_entry,非TK,,,无候选,,,0030151125,ふふ、オトコは素直が一番よ❤,C1215,Function_3,loc_5DC,Function_3_2DC:switch;loc_5D7:jump,loc_DAB:next
少匹配,ほら、エステル、ヨシュア、とっとと行くわよ。,2,003,mp1072_01,QS103_01_01,_entry,非TK,,,无候选,,,0030151126,ほら、エステル、ヨシュア、とっとと行くわよ。,,,,,
少匹配,辺鄙な村じゃがいつでも遊びにいらっしゃい。,10573,118,mp1081_03,TK_RISEN,Loc_21,TK,Loc_18:jump;Loc_20:next,Loc_22:cond_false;Loc_23:jump,无候选,,,1180151521,辺鄙（へんぴ）な村じゃがいつでも遊びにいらっしゃい。,T1210_1,Function_1,loc_A97,Function_1_918:jump;loc_9D5:next,
少匹配,えへへ、そういうことなら遠慮なくご馳走になろうかな♪,0,001,mp1091_01,EV_02_05_00,Loc_87,非TK,Loc_86:next,,无候选,,,0010980015,えへへ、そういうことなら遠慮なくご馳走になろうかな❤,,,,,
少匹配,フン……どこかで見たような顔だぜ。,5,005,mp1091_01,EV_02_05_01,_entry,非TK,,,无候选,,,0050040159,フン……どこかで見たような顔だぜ。,T1311,Function_12,Function_12_3D55,,
少匹配,エステル。……エステルってば。,1,002,mp1091_01,EV_02_07_03,_entry,非TK,,,无候选,,,0020040316,エステル。……エステルってば。,T1311,Function_13,Function_13_52F9,,
少匹配,ふわ～～っ……もう、なんなのよ～……,0,001,mp1091_01,EV_02_07_03,_entry,非TK,,,无候选,,,0010040317,ふわ〜〜っ……もう、なんなのよ〜……,T1311,Function_13,Function_13_52F9,,
少匹配,あれ、ヨシュア……,0,001,mp1091_01,EV_02_07_03,_entry,非TK,,,无候选,,,0010040302,あれ、ヨシュア……,T1310,Function_14,Function_14_6139,,
少匹配,もうギルドに行く時間だっけ？,0,001,mp1091_01,EV_02_07_03,_entry,非TK,,,无候选,,,0010040303,もうギルドに行く時間だっけ？,T1310,Function_14,Function_14_6139,,
少匹配,なに言ってるんだか。ここはクローネ峠の関所だよ。,1,002,mp1091_01,EV_02_07_03,_entry,非TK,,,无候选,,,0020040304,なに言ってるんだか。ここはクローネ峠の関所だよ。,T1310,Function_14,Function_14_6139,,
少匹配,そうだった……夜中に魔獣騒ぎがあって……,0,001,mp1091_01,EV_02_07_03,_entry,非TK,,,无候选,,,0010040305,そうだった……夜中に魔獣騒ぎがあって……,T1310,Function_14,Function_14_6139,,
少匹配,あの赤毛男はどうしたの？,0,001,mp1091_01,EV_02_07_03,_entry,非TK,,,无候选,,,0010040307,あの赤毛男はどうしたの？,T1310,Function_14,Function_14_6139,,
少匹配,朝早くに出発したみたいだ。急ぎの仕事があったらしいね。,1,002,mp1091_01,EV_02_07_03,_entry,非TK,,,无候选,,,0020040308,朝早くに出発したみたいだ。急ぎの仕事があったらしいね。,T1310,Function_14,Function_14_6139,,
少匹配,せっかく昨日は協力して魔獣を撃退したのにさ……,0,001,mp1091_01,EV_02_07_03,_entry,非TK,,,无候选,,,0010040310,せっかく昨日は協力して魔獣を撃退したのにさ……,T1310,Function_14,Function_14_6139,,
少匹配,挨拶もしないで行くなんてやっぱり失礼なヤツよね。,0,001,mp1091_01,EV_02_07_03,_entry,非TK,,,无候选,,,0010040311,挨拶もしないで行くなんてやっぱり失礼なヤツよね。,T1310,Function_14,Function_14_6139,,
少匹配,それより僕たちも支度しよう。昼過ぎには峠を越えたいからね。,1,002,mp1091_01,EV_02_07_03,_entry,非TK,,,无候选,,,0020040313,それより僕たちも支度しよう。昼過ぎには峠を越えたいからね。,T1310,Function_14,Function_14_6139,,
少匹配,いよいよルーアン地方ね！,0,001,mp1091_01,EV_02_07_03,_entry,非TK,,,无候选,,,0010040315,いよいよルーアン地方ね！,T1310,Function_14,Function_14_6139,,
少匹配,武器を所持した不審なグループを発見！,20700,,mp1100,EV_01_33_00,_entry,非TK,,,无候选,,,2420021896,武器を所持した不審なグループを発見！,C1101,Function_9,Function_9_340E,,
少匹配,フン、遊撃士の紋章か……,113,060,mp1100,EV_01_33_00,_entry,非TK,,,无候选,,,0600021901,フン、遊撃士の紋章か……,C1101,Function_9,Function_9_340E,,
少匹配,そのようなものが身の潔白の証になるものか。,113,060,mp1100,EV_01_33_00,_entry,非TK,,,无候选,,,0600021902,そのようなものが身の潔白の証になるものか。,C1101,Function_9,Function_9_340E,,
少匹配,助けて下さって本当にありがとうございます。,10615,,mp1110,TK_CLARIS,Loc_64,TK,,Loc_65:cond_false;Loc_65:next,无候选,,,0060130843,助けにきて下さって本当にありがとうございます。,T4312,Function_5,Function_5_1021,,
少匹配,今すぐ休んでもオッケーだけど？,0,001,mp1110,EV_01_52_01,Loc_85,非TK,Loc_84:next,,无候选,,,0010031378,今すぐ休んでもオッケーだけど？,C1301,Function_3,Function_3_34F,,loc_B3F:switch;loc_B44:switch
少匹配,え、でもよ……それ以外に誰がいるって、,10612,,mp1110,EV_01_53_01,_entry,非TK,,,无候选,,,1260031416,え、でもよ……それ以外に誰がいるって、,C1304,Function_19,Function_19_1A6E,,loc_209E:switch;loc_20A1:switch
少匹配,……あの、まさか侵入者？,10612,,mp1110,EV_01_53_01,_entry,非TK,,,无候选,,,1250031418,……あの、まさか侵入者？,C1304,Function_19,Function_19_1A6E,,loc_209E:switch;loc_20A1:switch
少匹配,ピンポン❤,3,004,mp1110,EV_01_53_01,_entry,非TK,,,无候选,,,0040031419,ピンポン❤,,,,,
少匹配,じょ、冗談じゃねえ！,10612,,mp1110,EV_01_53_01,_entry,非TK,,,无候选,,,1260031421,じょ、冗談じゃねえ！,C1304,Function_19,Function_19_1A6E,,loc_209E:switch;loc_20A1:switch
少匹配,ふ、ふざけるな！,61431,,mp1110,EV_01_55_01,_entry,非TK,,,无候选,,,1040031476|2620081171,ふ、ふざけるな！|ふ、ふざけるな！,C1304,Function_20,Function_20_2A3D,,loc_2FDA:switch;loc_2FDD:switch
少匹配,あ、あの船長……あのお客さまじゃありませんか？,10615,,mp1110,EV_01_55_02,_entry,非TK,,,无候选,,,1320031501,あ、あの船長……あのお客さまじゃありませんか？,C1304,Function_20,loc_2FDD,Function_20_2A3D:switch;loc_2FDA:next,
少匹配,離陸直前に船を降りられた……,10615,,mp1110,EV_01_55_02,_entry,非TK,,,无候选,,,1320031502,離陸直前に船を降りられた……,C1304,Function_20,loc_2FDD,Function_20_2A3D:switch;loc_2FDA:next,
少匹配,ハッハッハッ、それは重畳。,3,004,mp1110,EV_01_55_02,_entry,非TK,,,无候选,,,0040031515,ハッハッハッ、それは重畳（ちょうじょう）。,C1304,Function_20,loc_2FDD,Function_20_2A3D:switch;loc_2FDA:next,
少匹配,いわゆる密航ってやつね❤,0,001,mp1110,EV_01_56_01,_entry,非TK,,,无候选,,,0010031590,いわゆる密航ってやつね❤,,,,,
少匹配,ふふん、思い知った！？,0,001,mp1110,EV_01_56_02,_entry,非TK,,Loc_148:next,无候选,,,0010031620,ふふん、思い知ったか❤,,,,,
少匹配,ああっ！,20850,,mp1110,EV_01_56_02,_entry,非TK,,Loc_148:next,无候选,,,0010031664|0010061728|0010061825|4190111147,ああっ！|ああっ！|ああっ！|ああっ！,C1303,Function_3,loc_1871,loc_3F3:switch;loc_186E:next,loc_27E1:cond_true;loc_27E1:cond_false
少匹配,人質を連れてとっとと帰りな！,10612,,mp1110,EV_01_58_00,_entry,非TK,,,无候选,,,1260031693,人質を連れてとっとと帰りな！,C1306,Function_11,Function_11_12EB,,loc_15C3:switch;loc_15C6:switch
少匹配,ヘッ、兄貴たちには色々世話になったからな。,10612,,mp1110,EV_01_58_00,_entry,非TK,,,无候选,,,1260031696,ヘッ、兄貴たちには色々世話になったからな。,C1306,Function_11,Function_11_12EB,,loc_15C3:switch;loc_15C6:switch
少匹配,北東の空が赤くなっているのがマノリアからでも見えたからな。,11053,151,mp2000,TK_SOLENO,Loc_163,TK,Loc_162:cond_false,Loc_164:cond_false;Loc_165:cond_false;Loc_166:cond_false;Loc_167:jump,无候选,,,1510050198,東の空が赤くなっているのがマノリアからでも見えたからな。,T2401,Function_3,Function_3_3AD,,loc_53D:cond_true;loc_480:cond_true;loc_533:jump;loc_480:cond_false
少匹配,エステルさん……,4,006,mp2000,TK_THERESA,_entry,TK,,Loc_191:jump,无候选,,,0060050268|0060050913|0060060365|0060061544|0060130763|0060140796|0390070159|0630121238,エステルさん……|エステルさん……|エステルさん……|エステルさん……|エステルさん……|エステルさん……|エステルさん……|エステルさん……,T2401,Function_14,loc_1EC2,Function_14_1676:switch;loc_1B32:jump;loc_1C8F:jump;loc_1D42:jump,loc_263E:next
少匹配,クローゼお姉ちゃん、また遊びに来てくれよな。,141,040,mp2000,TK_CLAM,Loc_200,TK,Loc_199:cond_false,Loc_197:cond_false;Loc_197:next,无候选,,,0400040906,クローゼ姉ちゃん、また遊びに来てくれよな。,T2410,Function_4,Function_4_372,,loc_3C8:cond_true;loc_3C8:cond_false;loc_3C8:next
少匹配,おう、おまえさん方か。,11512,,mp2000,TK_VOGT,Loc_710,TK,Loc_709:cond_false,Loc_711:cond_false;Loc_712:cond_false;Loc_713:cond_false;Loc_714:cond_false;Loc_715:jump,无候选,,,1730160121,おう、おまえさん方か。,C2209_1,Function_4,loc_21A6,Function_4_1F43:cond_true,loc_24C4:next
少匹配,済まないが、まっすぐマノリアに行ってくれないか。,10073,107,mp2000,ST_QS206_TO_LIGHTHOUSE,_entry,非TK,,,无候选,,,1070160718,済まないが、まっすぐマノリアに行ってくれないか。,R2111,Function_7,Function_7_968,,loc_A1A:cond_true;loc_A1A:cond_false;loc_A1A:next
少匹配,グランセルで急ぎの商談があるのでな。,10073,107,mp2000,ST_QS206_TO_LIGHTHOUSE,_entry,非TK,,,无候选,,,1070160719,グランセルで急ぎの商談があるのでな。,R2111,Function_7,Function_7_968,,loc_A1A:cond_true;loc_A1A:cond_false;loc_A1A:next
少匹配,おっきいわねー。こんなところで勉強するんだ？,0,001,mp2000,LP_School_Door,Loc_816,非TK,Loc_813:cond_false,Loc_820:cond_false;Loc_819:jump,无候选,,,0010050147|0010050287|0010050551,おっきいわねー。こんなところで勉強するんだ？|おっきいわねー。こんなところで勉強するんだ？|おっきいわねー。こんなところで勉強するんだ？,T2500,Function_51,loc_5C99,loc_5C58:cond_true;loc_5C58:cond_false,loc_5DFE:cond_true;loc_5E8B:jump;loc_5DFE:cond_false
少匹配,日曜学校とはやっぱり違うわね。,0,001,mp2000,LP_School_Door,Loc_816,非TK,Loc_813:cond_false,Loc_820:cond_false;Loc_819:jump,无候选,,,0010050148|0010050288,日曜学校とはやっぱり違うわね。|日曜学校とはやっぱり違うわね。,T2500,Function_51,loc_5C99,loc_5C58:cond_true;loc_5C58:cond_false,loc_5DFE:cond_true;loc_5E8B:jump;loc_5DFE:cond_false
少匹配,ここが王立学園……おっきいわねー。,0,001,mp2000,LP_School_Door,Loc_820,非TK,Loc_816:cond_false,Loc_819:next,无候选,,,0010040913|0010050283,ここが王立学園……おっきいわねー。|ここが王立学園……おっきいわねー。,T2500,Function_51,loc_6017,loc_5E8E:cond_true;loc_5E8E:cond_false,loc_604E:next
少匹配,ここが私の通っているジェニス王立学園です。,4,006,mp2000,LP_School_Door,Loc_823,非TK,Loc_821:cond_false,Loc_824:next,无候选,,,0060050284|0060050549,ここが私の通っているジェニス王立学園です。|私の通っているジェニス王立学園です。,T2500,Function_51,loc_5A19,loc_59D8:cond_true;loc_59D8:cond_false,loc_5BA0:cond_true;loc_5BD7:jump;loc_5BA0:cond_false
少匹配,あいにく今は休暇中なので校内のご案内はできませんけれど……,4,006,mp2000,School_Door_1st,_entry,非TK,,Loc_826:jump,无候选,,,0060050285,あいにく今は休暇中なので校内のご案内はできませんけれど……,T2500,Function_51,loc_5A19,loc_59D8:cond_true;loc_59D8:cond_false,loc_5BA0:cond_true;loc_5BD7:jump;loc_5BA0:cond_false
少匹配,へぇ、ここが……,1,002,mp2000,School_Door_1st,_entry,非TK,,Loc_826:jump,无候选,,,0020050286,へぇ、ここが……,T2500,Function_51,loc_5A19,loc_59D8:cond_true;loc_59D8:cond_false,loc_5BA0:cond_true;loc_5BD7:jump;loc_5BA0:cond_false
少匹配,す、凄い……！,14,,mp2000_ev,EV_02_07_01,Loc_643,非TK,Loc_642:next,,无候选,,,0010040262|0010140340,す、凄い……！|す、凄い……！,T1301,Function_4,Function_4_C04,,loc_204A:switch;loc_204D:switch
少匹配,なるほど、そーゆーことか❤,0,001,mp2000_ev,EV_02_12_00,Loc_644,非TK,,Loc_57:cond_false;Loc_58:jump,无候选,,,0010040490,なるほど、そーゆーことか❤,,,,,
少匹配,もちろん、あ～ん❤,21000,220,mp2000_ev,EV_02_13_00,Loc_68,非TK,Loc_66:jump;Loc_67:next,,无候选,,,0010040543,もちろん、あ〜ん❤,,,,,
少匹配,そりゃそうよ。この村の人間じゃないもん。,0,001,mp2000_ev,EV_02_14_00,_entry,非TK,,,无候选,,,0010040585,そりゃそうよ。この町の人間じゃないもん。,T2301,Function_14,Function_14_301E,,loc_3AEB:cond_true;loc_3AEB:cond_false;loc_3AEB:next
少匹配,エステル、何か失くしてない？,1,002,mp2000_ev,EV_02_14_00,_entry,非TK,,,无候选,,,0020040602,エステル、何か失（な）くしてない？,T2301,Function_14,Function_14_301E,,loc_3AEB:cond_true;loc_3AEB:cond_false;loc_3AEB:next
少匹配,ランチを食べていた時にはちゃんと付けていたよ。,1,002,mp2000_ev,EV_02_14_00,_entry,非TK,,,无候选,,,0020040615,ランチを食べていた時にはちゃんと左胸に付けていたよ。,T2301,Function_14,Function_14_301E,,loc_3AEB:cond_true;loc_3AEB:cond_false;loc_3AEB:next
少匹配,ジーク！,4,006,mp2000_ev,EV_02_17_00,Loc_648,非TK,Loc_647:next,Loc_649:next,无候选,,,0060040704,ジーク！,T2400,Function_6,loc_57A,Function_6_507:jump;loc_563:next,loc_1CE3:next
少匹配,わわっ！？,0,001,mp2000_ev,EV_02_17_00,Loc_648,非TK,Loc_647:next,Loc_649:next,无候选,,,0010040705,わわっ！？,T2400,Function_6,loc_57A,Function_6_507:jump;loc_563:next,loc_1CE3:next
少匹配,その子から離れて下さい！,4,006,mp2000_ev,EV_02_17_00,Loc_648,非TK,Loc_647:next,Loc_649:next,无候选,,,0060040707,その子から離れて下さい！,T2400,Function_6,loc_57A,Function_6_507:jump;loc_563:next,loc_1CE3:next
少匹配,マノリアでお会いした……,4,006,mp2000_ev,EV_02_17_00,Loc_648,非TK,Loc_647:next,Loc_649:next,无候选,,,0060040711,マノリアでお会いした……,T2400,Function_6,loc_57A,Function_6_507:jump;loc_563:next,loc_1CE3:next
少匹配,ピュイ？,152,044,mp2000_ev,EV_02_17_00,Loc_648,非TK,Loc_647:next,Loc_649:next,无候选,,,0440040712|0440040837|0440060381|0440100034|0440130867,ピュイ？|ピュイ？|ピュイ？|ピュイ？|ピュイ？,T2400,Function_6,loc_57A,Function_6_507:jump;loc_563:next,loc_1CE3:next
少匹配,あらあら。何ですかこの騒ぎは……,140,039,mp2000_ev,EV_02_17_00,Loc_651,非TK,Loc_650:next,,无候选,,,0390040734,あらあら。何ですかこの騒ぎは……,T2400,Function_6,loc_57A,Function_6_507:jump;loc_563:next,loc_1CE3:next
少匹配,ピューイ！,152,044,mp2000_ev,EV_02_17_02,Loc_653,非TK,Loc_652:next,,无候选,,,0440040827|0440061104|0440061123|0440070125|0440100037|0440130849|0440140048,ピューイ！|ピューイ！|ピューイ！|ピューイ！|ピューイ！|ピューイ！|ピューイ！,T2400,Function_10,Function_10_1E91,,
少匹配,あたしエステル、よろしくね❤,0,001,mp2000_ev,EV_02_17_02,Loc_653,非TK,Loc_652:next,,无候选,,,0010040836,あたしエステル、よろしくね❤,,,,,
少匹配,クスクス……,6,007,mp2000_ev,EV_02_17_02,Loc_653,非TK,Loc_652:next,,无候选,,,0060040842|0060040893|0060041293|0060051348|0060060034|0070080524|0070090537,クスクス……|クスクス……|クスクス……|クスクス……|クスクス……|クスクス……|クスクス……,T2400,Function_10,Function_10_1E91,,
少匹配,……クローゼ姉ちゃん。,141,040,mp2000_ev,EV_02_18_00,Loc_656,非TK,Loc_655:next,,无候选,,,0400040862,……クローゼ姉ちゃん。,R2200,Function_2,Function_2_477,,loc_7C7:cond_true;loc_7C7:cond_false;loc_7C7:next
少匹配,素直なとこ、あるじゃない❤,0,001,mp2000_ev,EV_02_18_00,Loc_656,非TK,Loc_655:next,,无候选,,,0010040881,素直なとこ、あるじゃない❤,,,,,
少匹配,待ちな、嬢ちゃんたち。,137,045,mp2000_ev,EV_02_24_00,Loc_662,非TK,Loc_661:next,Loc_663:next,无候选,,,0450041009,待ちな、嬢ちゃんたち。,T2101,Function_11,Function_11_33FE,,loc_36C6:cond_true;loc_36C6:cond_false;loc_36C6:next
少匹配,お、その強気な態度。オレ、ちょっとタイプかも～❤,138,047,mp2000_ev,EV_02_24_00,Loc_665,非TK,Loc_664:next,,无候选,,,0470041020,お、その強気な態度。オレ、ちょっとタイプかも〜❤,,,,,
少匹配,お前たち、何をしているんだ！,128,048,mp2000_ev,EV_02_24_00,Loc_665,非TK,Loc_664:next,,无候选,,,0480041042,お前たち、何をしているんだ！,T2101,Function_12,Function_12_36C7,,loc_5C17:cond_true;loc_5C17:cond_false;loc_5C17:next
少匹配,……おや、呼んだかね？,127,049,mp2000_ev,EV_02_24_00,Loc_665,非TK,Loc_664:next,,无候选,,,0490041050,……おや、呼んだかね？,T2101,Function_12,Function_12_36C7,,loc_5C17:cond_true;loc_5C17:cond_false;loc_5C17:next
少匹配,ほほう……なかなか良い部屋ではないか。,120,064,mp2000_ev,EV_02_27_01,_entry,非TK,,,无候选,,,0640041325,ほほう……なかなか良い部屋ではないか。,T2100,Function_31,Function_31_5DF5,,
少匹配,火が燃え移る前に破壊されたような感じだね。,1,002,mp2000_ev,EV_02_32_02,_entry,非TK,,,无候选,,,0020050196,まるで火がつく前に破壊されたような感じだね。,T2401,Function_7,Function_7_122A,,loc_13A6:cond_true;loc_1413:jump;loc_13A6:cond_false
少匹配,それ……本当ですか……？,4,006,mp2000_ev,EV_02_33_00,Loc_79,非TK,_entry:jump;Loc_78:jump;Loc_80:next,,无候选,,,0060050254,それ……本当ですか……？,T2401,Function_14,loc_1EC2,Function_14_1676:switch;loc_1B32:jump;loc_1C8F:jump;loc_1D42:jump,loc_263E:next
少匹配,あ、はい……,6,007,mp2000_ev,EV_02_34_01,_entry,非TK,,Loc_86:cond_false;Loc_87:jump,无候选,,,0070080463|0410050514,あ、はい……|あ、はい……,T3233,Function_14,loc_99F,Function_14_7CB:jump;loc_8B3:next,loc_1E85:cond_true;loc_1E85:cond_false
少匹配,……はい。,6,007,mp2000_ev,EV_02_39_00,_entry,非TK,,,无候选,,,0060050770,……はい。,T2100,Function_36,Function_36_6B33,,
少匹配,ヨシュアってばなかなか憎いこと言うじゃん❤,0,001,mp2000_ev,EV_02_39_00,_entry,非TK,,,无候选,,,0010050808,ヨシュアってばなかなか憎いこと言うじゃん❤,,,,,
少匹配,……連絡します。,20700,,mp2000_ev,EV_02_51_00,_entry,非TK,,,无候选,,,1560060443,……連絡します。,T2600,Function_2,Function_2_27D,,
少匹配,劇の出演者とスタッフは講堂で準備を始めてください。,20700,,mp2000_ev,EV_02_51_00,_entry,非TK,,,无候选,,,1560060444|1560060446,劇の出演者とスタッフは講堂で準備を始めてください。|劇の出演者とスタッフは講堂で準備を始めてください。,T2600,Function_2,Function_2_27D,,
少匹配,繰り返します。,20700,,mp2000_ev,EV_02_51_00,_entry,非TK,,,无候选,,,1560060445,繰り返します。,T2600,Function_2,Function_2_27D,,
少匹配,おお、あんたたちは！,11051,150,mp2000_ev,EV_02_55_00,_entry,非TK,,,无候选,,,1500060963,おお、あんたたちは！,R2202,Function_3,loc_67A,loc_66A:cond_true;loc_66A:cond_false,loc_F1B:next
少匹配,確かに誘導してるみたいだが……,5,005,mp2000_ev,EV_02_57_01,_entry,非TK,,,无候选,,,0050061126,確かに誘導してるみたいだが……,R2111,Function_2,Function_2_1F2,,
少匹配,おい、嬢ちゃん。冗談だったら勘弁してくれよ？,5,005,mp2000_ev,EV_02_57_01,_entry,非TK,,,无候选,,,0050061127,おい、嬢ちゃん。冗談だったら勘弁してくれよ？,R2111,Function_2,Function_2_1F2,,
少匹配,冗談なんて言いません。,4,006,mp2000_ev,EV_02_57_01,_entry,非TK,,,无候选,,,0060061128,冗談なんて言いません。,R2111,Function_2,Function_2_1F2,,
少匹配,先生とあの子たちは私の家族も同然ですから……,4,006,mp2000_ev,EV_02_57_01,_entry,非TK,,,无候选,,,0060061129,先生とあの子たちは私の家族も同然ですから……,R2111,Function_2,Function_2_1F2,,
少匹配,ち……仕方ねえな。,5,005,mp2000_ev,EV_02_57_01,_entry,非TK,,,无候选,,,0050061130,ち……仕方ねえな。,R2111,Function_2,Function_2_1F2,,
少匹配,ダマされたと思ってここは乗せられてやるとするか。,5,005,mp2000_ev,EV_02_57_01,_entry,非TK,,,无候选,,,0050061131,ダマされたと思ってここは乗せられてやるとするか。,R2111,Function_2,Function_2_1F2,,
少匹配,まったくもう。素直じゃないんだから。,0,001,mp2000_ev,EV_02_57_01,_entry,非TK,,,无候选,,,0010061132,まったくもう。素直じゃないんだから。,R2111,Function_2,Function_2_1F2,,
少匹配,とにかく急いでジークの後を追いかけよう。,1,002,mp2000_ev,EV_02_57_01,_entry,非TK,,,无候选,,,0020061133,とにかく急いでジークの後を追いかけよう。,R2111,Function_2,Function_2_1F2,,
少匹配,あっちは確か……,0,001,mp2000_ev,EV_02_58_00,_entry,非TK,,,无候选,,,0010061134,あっちは確か……,R2111,Function_3,Function_3_51E,,loc_68C:cond_true;loc_68C:cond_false;loc_68C:next
少匹配,エステルさん、ヨシュアさん……,6,007,mp2000_ev,EV_02_59_00,_entry,非TK,,,无候选,,,0060061165,エステルさん、ヨシュアさん……,C2200,Function_3,Function_3_29D,,
少匹配,政治的宣伝……？,1,002,mp2000_ev,EV_02_70_00,_entry,非TK,,Loc_684:next,无候选,,,0020061821,政治的宣伝（プロパガンダ）……？,T2102,Function_10,Function_10_271A,,
少匹配,お手柄だったようだね。シュバルツ中尉。,108,013,mp2000_ev,EV_02_70_00,_entry,非TK,,Loc_684:next,无候选,,,0130061823,お手柄だったようだね。シュバルツ中尉。,T2102,Function_10,Function_10_271A,,
少匹配,それでは、さらばだ。,20851,,mp2000_ev,EV_02_70_00,Loc_685,非TK,Loc_684:next,,无候选,,,0130061849|2620061310,それでは、さらばだ。|それでは、さらばだ。,T2102,Function_10,Function_10_271A,,
少匹配,ユリア隊長！出航の準備が整いました。,20850,,mp2000_ev,EV_02_70_00,Loc_685,非TK,Loc_684:next,,无候选,,,2690061870,ユリア隊長！出航の準備が整いました。,T2102,Function_10,Function_10_271A,,
少匹配,何だか、クローゼが演じた蒼騎士オスカーみたいな感じ❤,0,001,mp2000_ev,EV_02_70_00,Loc_685,非TK,Loc_684:next,,无候选,,,0010061886,何だか、クローゼが演じた蒼騎士オスカーみたいな感じ❤,,,,,
少匹配,な、何てしつこいヤツだ！,20851,,mp2000_ev,EV_03_00_00,Loc_687,非TK,Loc_686:next,Loc_688:next,无候选,,,2630070002,な、何てしつこいヤツだ！,R2412,Function_2,Function_2_206,,
少匹配,あんな大剣を担ぎながらどうして付いて来られる！？,20851,,mp2000_ev,EV_03_00_00,Loc_687,非TK,Loc_686:next,Loc_688:next,无候选,,,2630070004,あんな大剣を担ぎながらどうして付いて来られる！？,R2412,Function_2,Function_2_206,,
少匹配,クッ……これ以上は振り切れんか……,20850,,mp2000_ev,EV_03_00_00,Loc_690,非TK,Loc_689:next,,无候选,,,2620070007,クッ……これ以上は振り切れんか……,R2412,Function_2,Function_2_206,,
少匹配,仕方ない、迎撃するぞ！,20851,,mp2000_ev,EV_03_00_00,Loc_690,非TK,Loc_689:next,,无候选,,,2630070008,仕方ない、迎撃するぞ！,R2412,Function_2,Function_2_206,,
少匹配,しつこく追ってこなければ死なずに済んだものを……,20850,,mp2000_ev,EV_03_00_00,Loc_690,非TK,Loc_689:next,,无候选,,,2620070011,しつこく追ってこなければ死なずに済んだものを……,R2412,Function_2,Function_2_206,,
少匹配,馬鹿なヤツだ……２対１で勝てると思うのか？,20851,,mp2000_ev,EV_03_00_00,Loc_690,非TK,Loc_689:next,,无候选,,,2630070012,馬鹿なヤツだ……２対１で勝てると思うのか？,R2412,Function_2,Function_2_206,,
少匹配,なに……！？,20850,,mp2000_ev,EV_03_00_00,Loc_690,非TK,Loc_689:next,,无候选,,,2620070014,なに……！？,R2412,Function_2,Function_2_206,,
少匹配,ほ、ほざけ！ギルドの犬がッ！,20850,,mp2000_ev,EV_03_00_00,Loc_690,非TK,Loc_689:next,,无候选,,,2620070017,ほ、ほざけ！ギルドの犬がッ！,R2412,Function_2,Function_2_206,,
少匹配,２人がかりでなぶり殺しにしてやる！,20851,,mp2000_ev,EV_03_00_00,Loc_690,非TK,Loc_689:next,,无候选,,,2630070018,２人がかりでなぶり殺しにしてやる！,R2412,Function_2,Function_2_206,,
少匹配,ぐあああっ……！,20850,,mp2000_ev,EV_03_00_00,Loc_690,非TK,Loc_689:next,,无候选,,,2620070019,ぐあああっ……！,R2412,Function_2,Function_2_206,,
少匹配,クッ……ここで捕まるわけには……,20851,,mp2000_ev,EV_03_00_00,Loc_690,非TK,Loc_689:next,,无候选,,,2630070020,クッ……ここで捕まるわけには……,R2412,Function_2,Function_2_206,,
少匹配,──それは困るな。,118,014,mp2000_ev,EV_03_00_00,Loc_690,非TK,Loc_689:next,,无候选,,,0140070023,──それは困るな。,R2412,Function_2,Function_2_206,,
少匹配,た、隊長！,20850,,mp2000_ev,EV_03_00_00,Loc_690,非TK,Loc_689:next,,无候选,,,2620070026,た、隊長！,R2412,Function_2,Function_2_206,,
少匹配,来てくださったんですか！,20851,,mp2000_ev,EV_03_00_00,Loc_690,非TK,Loc_689:next,,无候选,,,2630070027,来てくださったんですか！,R2412,Function_2,Function_2_206,,
少匹配,も、申しわけありません。,20850,,mp2000_ev,EV_03_00_00,Loc_690,非TK,Loc_689:next,,无候选,,,2620070030,も、申しわけありません。,R2412,Function_2,Function_2_206,,
少匹配,色々と邪魔が入りまして……,20851,,mp2000_ev,EV_03_00_00,Loc_690,非TK,Loc_689:next,,无候选,,,2630070031,色々と邪魔が入りまして……,R2412,Function_2,Function_2_206,,
少匹配,感謝します、隊長！,20851,,mp2000_ev,EV_03_00_00,Loc_690,非TK,Loc_689:next,,无候选,,,2630070044,感謝します、隊長！,R2412,Function_2,Function_2_206,,
少匹配,こ、これは……分け身の戦技ッ！？,5,005,mp2000_ev,EV_03_00_00,Loc_690,非TK,Loc_689:next,,无候选,,,0050070074,こ、これは……分け身の戦技（クラフト）ッ！？,R2412,Function_2,Function_2_206,,
少匹配,エステルさん、ヨシュアさん！,4,006,mp2000_ev,EV_03_01_00,_entry,非TK,,Loc_113:cond_false;Loc_114:jump,无候选,,,0060070107,エステルさん、ヨシュアさん！,T2100,Function_39,Function_39_8562,,loc_905F:cond_true;loc_90FC:jump;loc_905F:cond_false
少匹配,ジークも……見送りに来てくれてありがと❤,0,001,mp2000_ev,EV_03_01_00,_entry,非TK,,Loc_113:cond_false;Loc_114:jump,无候选,,,0010070116,ジークも……見送りに来てくれてありがと❤,,,,,
少匹配,エステルさん、ヨシュアさん。,4,006,mp2000_ev,EV_03_04_00,_entry,非TK,,,无候选,,,0060070264|0060070301|0060130709|0060140785|0060140798|0390050477,エステルさん、ヨシュアさん。|エステルさん、ヨシュアさん。|エステルさん、ヨシュアさん。|エステルさん、ヨシュアさん。|エステルさん、ヨシュアさん。|エステルさん、ヨシュアさん。,T2700,Function_10,Function_10_173E,,
少匹配,──クローゼ。お待たせしました。,107,010,mp2000_ev,EV_03_04_00,_entry,非TK,,,无候选,,,0100070311,──クローゼ。お待たせしました。,T2700,Function_10,Function_10_173E,,
少匹配,！？,15,,mp2000_ev,QS202_00_00,Loc_131,非TK,Loc_129:cond_false;Loc_129:next,Loc_132:cond_false;Loc_132:next,无候选,,,0010141397|0010170437|0060131315|0630131368,！？|！？|！？|！？,T4204,Function_18,loc_3FB8,Function_18_3FAF:cond_true;Function_18_3FAF:cond_false,loc_5D89:next
少匹配,お仕事中、失礼します。,1,002,mp2000_ev,QS202_04_00,Loc_176,非TK,Loc_174:cond_false,Loc_178:cond_false;Loc_177:jump,无候选,,,0020170235|0020170552,お仕事中、失礼します。|お仕事中、失礼します。,T3170_1,Function_2,loc_9E6,Function_2_AC:cond_true,loc_A87:cond_true;loc_B47:jump;loc_A87:cond_false
少匹配,…………ふむ、さてどうしたもんかの。,11086,173,mp2000_ev,QS203_00_00,Loc_191,非TK,Loc_190:jump;Loc_192:next,Loc_193:cond_false;Loc_194:cond_false;Loc_194:next,无候选,,,1730160001,…………ふむ、さてどうしたもんかの。,C2209_1,Function_2,Function_2_E7D,,loc_1C8D:cond_true;loc_1BFD:cond_true;loc_FE2:cond_true;loc_FE2:cond_false;loc_FE2:next
少匹配,知らせに行こうにも灯台を離れるわけにはいかん。,11086,173,mp2000_ev,QS203_00_00,Loc_191,非TK,Loc_190:jump;Loc_192:next,Loc_193:cond_false;Loc_194:cond_false;Loc_194:next,无候选,,,1730160002,知らせに行こうにも灯台を離れるわけにはいかん。,C2209_1,Function_2,Function_2_E7D,,loc_1C8D:cond_true;loc_1BFD:cond_true;loc_FE2:cond_true;loc_FE2:cond_false;loc_FE2:next
少匹配,かと言ってこのままではのう……,11086,173,mp2000_ev,QS203_00_00,Loc_191,非TK,Loc_190:jump;Loc_192:next,Loc_193:cond_false;Loc_194:cond_false;Loc_194:next,无候选,,,1730160003,かと言ってこのままではのう……,C2209_1,Function_2,Function_2_E7D,,loc_1C8D:cond_true;loc_1BFD:cond_true;loc_FE2:cond_true;loc_FE2:cond_false;loc_FE2:next
少匹配,……なんじゃ、おまえらは？,11086,173,mp2000_ev,QS203_00_00,Loc_195,非TK,Loc_194:cond_false;Loc_194:next,Loc_196:cond_false;Loc_196:next,无候选,,,1730160004,……なんじゃ、おまえらは？,C2209_1,Function_2,loc_FE2,Function_2_E7D:cond_true;Function_2_E7D:cond_false;Function_2_E7D:next,loc_1C87:jump
少匹配,このバレンヌ灯台に何か用か？,11086,173,mp2000_ev,QS203_00_00,Loc_195,非TK,Loc_194:cond_false;Loc_194:next,Loc_196:cond_false;Loc_196:next,无候选,,,1730160005,このバレンヌ灯台に何か用か？,C2209_1,Function_2,loc_FE2,Function_2_E7D:cond_true;Function_2_E7D:cond_false;Function_2_E7D:next,loc_1C87:jump
少匹配,おい、若いの。その紋章は…………,11086,173,mp2000_ev,QS203_00_00,Loc_198,非TK,Loc_196:jump;Loc_197:next,Loc_199:cond_false;Loc_200:jump,无候选,,,1730160017,おい、若いの。その胸の紋章は…………,C2209_1,Function_1,loc_428,loc_21E:cond_true;loc_21E:cond_false,loc_542:next
少匹配,おい、おまえさん。その紋章は…………,11086,173,mp2000_ev,QS203_00_00,Loc_199,非TK,Loc_198:cond_false,Loc_201:cond_false;Loc_202:cond_false;Loc_202:next,无候选,,,1730160012,おい、おまえさん。その胸の紋章は…………,C2209_1,Function_2,loc_FE2,Function_2_E7D:cond_true;Function_2_E7D:cond_false;Function_2_E7D:next,loc_1C87:jump
少匹配,あ、うん、そうだよ。,0,001,mp2000_ev,QS203_00_00,Loc_202,非TK,Loc_199:cond_false;Loc_199:next,Loc_200:jump,无候选,,,0010160013,あ、うん、そうだよ。,C2209_1,Function_2,loc_FE2,Function_2_E7D:cond_true;Function_2_E7D:cond_false;Function_2_E7D:next,loc_1C87:jump
少匹配,あたしたち遊撃士なんだ。,0,001,mp2000_ev,QS203_00_00,Loc_202,非TK,Loc_199:cond_false;Loc_199:next,Loc_200:jump,无候选,,,0010160014,あたしたち遊撃士なんだ。,C2209_1,Function_2,loc_FE2,Function_2_E7D:cond_true;Function_2_E7D:cond_false;Function_2_E7D:next,loc_1C87:jump
少匹配,正確にはまだ準遊撃士ですけど。,1,002,mp2000_ev,QS203_00_00,Loc_202,非TK,Loc_199:cond_false;Loc_199:next,Loc_200:jump,无候选,,,0020160015,正確にはまだ準遊撃士ですけど。,C2209_1,Function_2,loc_FE2,Function_2_E7D:cond_true;Function_2_E7D:cond_false;Function_2_E7D:next,loc_1C87:jump
少匹配,かーっ、なぜそれを先に言わん！,11086,173,mp2000_ev,QS203_00_00,Loc_203,非TK,Loc_200:cond_false;Loc_200:next,Loc_204:cond_false;Loc_204:next,无候选,,,1730160022,かーっ、なぜそれを先に言わん！,C2209_1,Function_2,loc_FE2,Function_2_E7D:cond_true;Function_2_E7D:cond_false;Function_2_E7D:next,loc_1C87:jump
少匹配,老人がこんなに困っておるのに見て見ぬふりか！,11086,173,mp2000_ev,QS203_00_00,Loc_203,非TK,Loc_200:cond_false;Loc_200:next,Loc_204:cond_false;Loc_204:next,无候选,,,1730160023,老人がこんなに困っておるのに見て見ぬふりか！,C2209_1,Function_2,loc_FE2,Function_2_E7D:cond_true;Function_2_E7D:cond_false;Function_2_E7D:next,loc_1C87:jump
少匹配,困ってるなんて一言も言わなかったじゃない。,0,001,mp2000_ev,QS203_00_00,Loc_204,非TK,Loc_203:cond_false;Loc_203:next,Loc_205:cond_false;Loc_205:next,无候选,,,0010160025,困ってるなんて一言も言わなかったじゃない。,C2209_1,Function_2,loc_FE2,Function_2_E7D:cond_true;Function_2_E7D:cond_false;Function_2_E7D:next,loc_1C87:jump
少匹配,たぶん七耀石に引きつけられたんだと思うよ。,1,002,mp2000_ev,QS203_00_00,Loc_214,非TK,Loc_213:jump;Loc_215:next,Loc_216:cond_false;Loc_216:next,无候选,,,0020160040,たぶんセプチウムに引きつけられたんだと思うよ。,C2209_1,Function_2,loc_FE2,Function_2_E7D:cond_true;Function_2_E7D:cond_false;Function_2_E7D:next,loc_1C87:jump
少匹配,灯台には特大のオーブメントが使われているからね。,1,002,mp2000_ev,QS203_00_00,Loc_216,非TK,Loc_214:cond_false;Loc_214:next,Loc_217:cond_false;Loc_217:next,无候选,,,0020160041,灯台には特大のオーブメントが使われているからね。,C2209_1,Function_2,loc_FE2,Function_2_E7D:cond_true;Function_2_E7D:cond_false;Function_2_E7D:next,loc_1C87:jump
少匹配,うむ、その通りじゃ。,11086,173,mp2000_ev,QS203_00_00,Loc_217,非TK,Loc_216:cond_false;Loc_216:next,Loc_218:cond_false;Loc_218:next,无候选,,,1730160042,うむ、その通りじゃ。,C2209_1,Function_2,loc_FE2,Function_2_E7D:cond_true;Function_2_E7D:cond_false;Function_2_E7D:next,loc_1C87:jump
少匹配,以前にやられたときも魔獣どもは灯台の上の方に集まっておったからの。,11086,173,mp2000_ev,QS203_00_00,Loc_218,非TK,Loc_217:cond_false;Loc_217:next,Loc_219:jump,无候选,,,1730160043,以前にやられたときも魔獣どもは灯台の上の方に集まっておったからの。,C2209_1,Function_2,loc_FE2,Function_2_E7D:cond_true;Function_2_E7D:cond_false;Function_2_E7D:next,loc_1C87:jump
少匹配,あ、なるほど。,0,001,mp2000_ev,QS203_00_00,Loc_218,非TK,Loc_217:cond_false;Loc_217:next,Loc_219:jump,无候选,,,0010151173|0010160044,あ、なーるほど。|あ、なるほど。,T1132_1,Function_3,Function_3_6AB,,
少匹配,では、直ぐに取り掛かってくれるかのう？,11086,173,mp2000_ev,QS203_00_00,Loc_218,非TK,Loc_217:cond_false;Loc_217:next,Loc_219:jump,无候选,,,1730160045,では、直ぐに取り掛かってくれるかのう？,C2209_1,Function_2,loc_FE2,Function_2_E7D:cond_true;Function_2_E7D:cond_false;Function_2_E7D:next,loc_1C87:jump
少匹配,どうじゃ、もう魔獣退治に取り掛かってくれるかのう？,11086,173,mp2000_ev,QS203_00_00,Loc_193,非TK,Loc_191:cond_false,Loc_219:next,无候选,,,1730160046,どうじゃ、もう魔獣退治に取り掛かってくれるかのう？,C2209_1,Function_2,loc_1BFD,Function_2_E7D:cond_true,loc_1C87:next
少匹配,定期点検の時期も近いんじゃ、早いとこなんとかしとくれ。,11086,173,mp2000_ev,QS203_00_00,Loc_222,非TK,Loc_221:cond_false;Loc_221:next,Loc_223:cond_false;Loc_223:next,无候选,,,1730160092,定期点検の時期も近いんじゃ早いとこなんとかしとくれ。,C2209_1,Function_3,loc_1D00,Function_3_1C8E:switch,loc_1F36:jump
少匹配,魔獣はすばしっこいからの、見落とさんようにな。,11086,173,mp2000_ev,QS203_00_00,Loc_222,非TK,Loc_221:cond_false;Loc_221:next,Loc_223:cond_false;Loc_223:next,无候选,,,1730160093,魔獣はすばしっこいからの見落とさんようにな。,C2209_1,Function_3,loc_1D00,Function_3_1C8E:switch,loc_1F36:jump
少匹配,う、うるさい！,20851,,mp2000_ev,QS206_01_01,_entry,非TK,,Loc_331:cond_false;Loc_332:jump,无候选,,,1070160615|2620081178,う、うるさい！|う、うるさい！,C1501_1,Function_1,loc_177,loc_7F:jump;loc_DB:jump;loc_121:cond_true;loc_121:cond_false;loc_121:next,loc_126D:cond_true;loc_21C3:jump;loc_126D:cond_false
少匹配,ああ、そうなんだ。,11514,189,mp2000_ev,QS208_01_00,Loc_352,非TK,Loc_349:jump;Loc_351:next,Loc_353:jump,无候选,,,1860170620|1890170915,ああ、そうなんだ。|ああ、そうなんだ。,T2700_1,Function_0,loc_5D8,Function_0_66:jump;loc_598:next,loc_6F4:switch;loc_78F:switch;loc_8F8:switch
少匹配,はい、分かりました。,1,002,mp2000_ev,QS208_01_00,Loc_357,非TK,Loc_354:jump;Loc_356:next,Loc_355:next,无候选,,,0020170630,はい、分かりました。,T2700_1,Function_0,loc_78F,loc_5D8:switch,loc_8F8:jump
少匹配,うむ、よろしくな。,11087,186,mp2000_ev,QS208_01_00,Loc_357,非TK,Loc_354:jump;Loc_356:next,Loc_355:next,无候选,,,1860170631,うむ、よろしくな。,T2700_1,Function_0,loc_78F,loc_5D8:switch,loc_8F8:jump
少匹配,よし、それでは詳しいことは下で話すとしよう。,11087,186,mp2000_ev,QS208_01_00,Loc_355,非TK,Loc_353:jump;Loc_357:next,,无候选,,,1860170636,よし、それでは詳しいことは下で話すとしよう。,T2700,Function_4,loc_4D9,Function_4_411:switch;Function_4_411:cond_false,loc_681:jump
少匹配,『ああ、求める者よ。　女神のごとく　眼に真実だけを迎え入れる者よ。,65535,017,mp2000_ev,QS209_01_00,Loc_368,非TK,Loc_365:jump;Loc_367:jump;Loc_369:next,,无候选,,,0170170170,『ああ、求める者よ。女神のごとく眼（エイドスまなこ）に真実だけを迎え入れる者よ。,T2102_1,Function_0,Function_0_66,,
少匹配,どうしました？,1,002,mp2000_ev,QS209_04_00,_entry,非TK,,Loc_370:cond_false;Loc_371:jump,无候选,,,0060170195,どうしました？,T2101_1,Function_9,loc_3CE2,Function_9_36F0:cond_true;Function_9_36F0:cond_false,loc_406A:cond_true;loc_42E4:jump;loc_406A:cond_false
少匹配,ふう、まったく……,11532,180,mp0010_03,TK_FRIDAY,Loc_110,TK,Loc_108:jump;Loc_109:next,Loc_111:cond_false;Loc_112:jump,无候选,,,0020170327|2000180924,ふう、まったく……|ふう、まったく……,T2101_1,Function_7,Function_7_2A87,,loc_2B76:cond_true;loc_2AFC:cond_true;loc_2B70:jump;loc_2AFC:cond_false
少匹配,うん、任せて。,0,001,mp2000_ev,QS212_01_00,Loc_446,非TK,Loc_445:cond_false;Loc_445:next,Loc_447:cond_false;Loc_447:next,无候选,,,0010171104,うん、任せて。,T2500_1,Function_3,loc_21CE,loc_2170:cond_true;loc_2170:cond_false,loc_2225:next
少匹配,ふざけんなあああッ！,14,,mp2000_ev,MayaEvent03_00_00_02,Loc_625,非TK,Loc_624:cond_false;Loc_624:next,Loc_626:cond_false;Loc_626:next,无候选,,,0050070064,ふざけんなあああッ！,R2412,Function_2,Function_2_206,,
少匹配,黙って聞いてりゃあ知った風な事ほざきやがって！,14,,mp2000_ev,MayaEvent03_00_00_02,Loc_625,非TK,Loc_624:cond_false;Loc_624:next,Loc_626:cond_false;Loc_626:next,无候选,,,0050070065,黙って聞いてりゃあ知った風な事ほざきやがって！,R2412,Function_2,Function_2_206,,
少匹配,徹底的にブチのめしてやらあッ！,14,,mp2000_ev,MayaEvent03_00_00_02,Loc_625,非TK,Loc_624:cond_false;Loc_624:next,Loc_626:cond_false;Loc_626:next,无候选,,,0050070066,徹底的にブチのめしてやらあッ！,R2412,Function_2,Function_2_206,,
少匹配,フッ……,14,,mp2000_ev,MayaEvent03_00_00_02,Loc_625,非TK,Loc_624:cond_false;Loc_624:next,Loc_626:cond_false;Loc_626:next,无候选,,,0140070067,フッ……,R2412,Function_2,Function_2_206,,
少匹配,おおおおおおおおおッ！,14,,mp2000_ev,MayaEvent03_00_00_02,Loc_625,非TK,Loc_624:cond_false;Loc_624:next,Loc_626:cond_false;Loc_626:next,无候选,,,0050070068,おおおおおおおおおッ！,R2412,Function_2,Function_2_206,,
少匹配,はああああああああッ！,14,,mp2000_ev,MayaEvent03_00_00_02,Loc_625,非TK,Loc_624:cond_false;Loc_624:next,Loc_626:cond_false;Loc_626:next,无候选,,,0140070069,はああああああああッ！,R2412,Function_2,Function_2_206,,
少匹配,ぐっ……,14,,mp2000_ev,MayaEvent03_00_00_02,Loc_625,非TK,Loc_624:cond_false;Loc_624:next,Loc_626:cond_false;Loc_626:next,无候选,,,0140070070,ぐっ……,R2412,Function_2,Function_2_206,,
少匹配,……忘れろだと……,14,,mp2000_ev,MayaEvent03_00_00_03,Loc_633,非TK,Loc_632:cond_false;Loc_632:next,Loc_634:cond_false;Loc_634:next,无候选,,,0050070083,……忘れろだと……,R2412,Function_2,Function_2_206,,
少匹配,そんな事…………出来るわけねえだろうが……,14,,mp2000_ev,MayaEvent03_00_00_03,Loc_633,非TK,Loc_632:cond_false;Loc_632:next,Loc_634:cond_false;Loc_634:next,无候选,,,0050070084,そんな事…………出来るわけねえだろうが……,R2412,Function_2,Function_2_206,,
少匹配,うおおおおおおおッ！,14,,mp2000_ev,MayaEvent03_00_00_03,Loc_633,非TK,Loc_632:cond_false;Loc_632:next,Loc_634:cond_false;Loc_634:next,无候选,,,0050070085,うおおおおおおおッ！,R2412,Function_2,Function_2_206,,
少匹配,もしアイナ街道の周辺で導力銃を見つけたらここまで持ってきてくれよ。,11514,189,mp2010_01,TK_CARNOT,Loc_39,TK,,Loc_45:cond_false;Loc_46:cond_false;Loc_47:jump,无候选,,,1890170917,もしアイナ街道の周辺で導力銃を見つけたらここまで持ってきてくれよ。,T2120,Function_5,loc_1937,loc_189D:cond_true;loc_189D:cond_false,loc_19DE:cond_true;loc_1C5D:jump;loc_19DE:cond_false
少匹配,僕の失くした試作品かも知れないからね。,11514,189,mp2010_01,TK_CARNOT,Loc_39,TK,,Loc_45:cond_false;Loc_46:cond_false;Loc_47:jump,无候选,,,1890170918,僕の失くした試作品かも知れないからね。,T2120,Function_5,loc_1937,loc_189D:cond_true;loc_189D:cond_false,loc_19DE:cond_true;loc_1C5D:jump;loc_19DE:cond_false
少匹配,間もなくツァイスに帰る予定なんだ。なるべく早くお願いするよ。,11514,189,mp2010_01,TK_CARNOT,Loc_39,TK,,Loc_45:cond_false;Loc_46:cond_false;Loc_47:jump,无候选,,,1890170919,間もなくツァイスに帰る予定なんだ。なるべく早くお願いするよ。,T2120,Function_5,loc_1116,loc_1064:cond_true;loc_1064:cond_false,loc_11FF:cond_true;loc_1487:jump;loc_11FF:cond_false
少匹配,さて、と……それはさておき、仕事をしないとな。,11514,189,mp2010_01,TK_CARNOT,Loc_46,TK,Loc_39:cond_false,Loc_47:cond_false;Loc_47:jump,无候选,,,1890170932,さて、と……それはさておき、仕事をしないとな。,T2120,Function_5,loc_151F,loc_148A:cond_true;loc_148A:cond_false,loc_1612:cond_true;loc_189A:jump;loc_1612:cond_false
少匹配,開発している導力銃の市場調査のためにツァイスから来たんだけど……,11514,189,mp2010_01,QS207_00_00,Loc_52,非TK,Loc_51:cond_false;Loc_51:next,Loc_53:cond_false;Loc_54:jump,无候选,,,1890170907,開発している導力銃の市場調査のためにツァイスから来たんだけど……,T2120,Function_5,loc_19DE,loc_1937:cond_true;loc_1937:cond_false,loc_1B9D:cond_true;loc_1C5D:jump;loc_1B9D:cond_false
少匹配,途中、アイナ街道で凶暴な魔獣に追いかけられてね。,11514,189,mp2010_01,QS207_00_00,Loc_52,非TK,Loc_51:cond_false;Loc_51:next,Loc_53:cond_false;Loc_54:jump,无候选,,,1890170908,途中、アイナ街道で凶暴な魔獣に追いかけられてね。,T2120,Function_5,loc_19DE,loc_1937:cond_true;loc_1937:cond_false,loc_1B9D:cond_true;loc_1C5D:jump;loc_1B9D:cond_false
少匹配,大事な試作品の入ったバッグを放り出して逃げてきたんだ。,11514,189,mp2010_01,QS207_00_00,Loc_52,非TK,Loc_51:cond_false;Loc_51:next,Loc_53:cond_false;Loc_54:jump,多候选,1890170922,1890170922|1890170935,1890170909,大事な試作品の入ったバッグを放り出して逃げてきたんだ。,T2120,Function_5,loc_19DE,loc_1937:cond_true;loc_1937:cond_false,loc_1B9D:cond_true;loc_1C5D:jump;loc_1B9D:cond_false
少匹配,あ、掲示板を見たわよ。,0,001,mp2010_01,QS207_00_00,Loc_52,非TK,Loc_51:cond_false;Loc_51:next,Loc_53:cond_false;Loc_54:jump,无候选,,,0010170913,あ、掲示板を見たわよ。,T2120,Function_5,loc_19DE,loc_1937:cond_true;loc_1937:cond_false,loc_1B9D:cond_true;loc_1C5D:jump;loc_1B9D:cond_false
少匹配,失くしちゃったのは試作品の導力銃でしょ？,0,001,mp2010_01,QS207_00_00,Loc_52,非TK,Loc_51:cond_false;Loc_51:next,Loc_53:cond_false;Loc_54:jump,无候选,,,0010170914,失くしちゃったのは試作品の導力銃でしょ？,T2120,Function_5,loc_19DE,loc_1937:cond_true;loc_1937:cond_false,loc_1B9D:cond_true;loc_1C5D:jump;loc_1B9D:cond_false
少匹配,もし見つけたらお願いするよ。,11514,189,mp2010_01,QS207_00_00,Loc_52,非TK,Loc_51:cond_false;Loc_51:next,Loc_53:cond_false;Loc_54:jump,无候选,,,1890170916,もし見つけたらお願いするよ。,T2120,Function_5,loc_19DE,loc_1937:cond_true;loc_1937:cond_false,loc_1B9D:cond_true;loc_1C5D:jump;loc_1B9D:cond_false
少匹配,遊撃士協会には連絡したの？,0,001,mp2010_01,QS207_00_00,Loc_55,非TK,Loc_53:cond_false;Loc_53:next,Loc_54:next,无候选,,,0010170910,遊撃士協会には連絡したの？,T2120,Function_5,loc_1B9D,loc_19DE:cond_true;loc_19DE:cond_false,loc_1C5D:next
少匹配,ああ、すぐに手配してくれたよ。,11514,189,mp2010_01,QS207_00_00,Loc_55,非TK,Loc_53:cond_false;Loc_53:next,Loc_54:next,无候选,,,1890170911,ああ、すぐに手配してくれたよ。,T2120,Function_5,loc_1B9D,loc_19DE:cond_true;loc_19DE:cond_false,loc_1C5D:next
少匹配,掲示板にも出てると思うからもし見つけたら宜しく頼むよ。,11514,189,mp2010_01,QS207_00_00,Loc_55,非TK,Loc_53:cond_false;Loc_53:next,Loc_54:next,无候选,,,1890170912,掲示板にも出てると思うからもし見つけたら宜しく頼むよ。,T2120,Function_5,loc_1B9D,loc_19DE:cond_true;loc_19DE:cond_false,loc_1C5D:next
少匹配,こりゃ、やるっきゃないよね❤,0,001,mp2010_04,EV_02_40_00,_entry,非TK,,,无候选,,,0010050949,こりゃ、やるっきゃないよね❤,,,,,
少匹配,やったね❤,0,001,mp2010_04,EV_02_40_00,_entry,非TK,,,无候选,,,0010050956,やったね❤,,,,,
少匹配,かなり高価なものだからな、くれぐれも気を付けてくれ。,11027,175,mp2010_05,QS204_00_00,Loc_39,非TK,Loc_37:jump;Loc_38:next,Loc_40:cond_false;Loc_41:cond_false;Loc_42:jump,无候选,,,1750160255,かなり高価なものだからなくれぐれも気を付けてくれ。,T2120_1,Function_2,loc_5BB,loc_415:cond_true;loc_415:cond_false,loc_C67:cond_true;loc_D87:jump;loc_C67:cond_false
少匹配,それなりの広さだし調度もいい。,120,064,mp2010_06,EV_02_27_02,_entry,非TK,,,无候选,,,0640041328,それなりの広さだし調度もいい。,T2132,Function_14,Function_14_1895,,
少匹配,閣下、お待ちくださいませ。,110,066,mp2010_06,EV_02_27_02,_entry,非TK,,,无候选,,,0660041330,閣下、お待ちくださいませ。,T2132,Function_14,Function_14_1895,,
少匹配,黙れ、フィリップ！あそこは海が見えぬではないか。,120,064,mp2010_06,EV_02_27_02,_entry,非TK,,,无候选,,,0640041333,黙れ、フィリップ！あそこは海が見えぬではないか。,T2132,Function_14,Function_14_1895,,
少匹配,バルコニーにも出られるし……,120,064,mp2010_06,EV_02_27_02,_entry,非TK,,,无候选,,,0640041335,バルコニーにも出られるし……,T2132,Function_14,Function_14_1895,,
少匹配,な、なんだお前たちは！？,120,064,mp2010_06,EV_02_27_02,_entry,非TK,,,无候选,,,0640041336,な、なんだお前たちは！？,T2132,Function_14,Function_14_1895,,
少匹配,オ、オジサン呼ばわりするでない！,120,064,mp2010_06,EV_02_27_02,_entry,非TK,,,无候选,,,0640041340,オ、オジサン呼ばわりするでない！,T2132,Function_16,Function_16_1B77,,
少匹配,フッ、これだから無知蒙昧な庶民は困るのだ……,120,064,mp2010_06,EV_02_27_02,_entry,非TK,,,无候选,,,0640041347,フッ、これだから無知蒙昧（むちもうまい）な庶民は困るのだ……,T2132,Function_16,Function_16_1B77,,
少匹配,へ、変なアタマだと……！,120,064,mp2010_06,EV_02_27_02,_entry,非TK,,,无候选,,,0640041351,へ、変なアタマだと……！,T2132,Function_16,Function_16_1B77,,
少匹配,リベール国主、アリシアⅡ世陛下の甥にして公爵位を授けられし者である！,120,064,mp2010_06,EV_02_27_02,_entry,非TK,,,无候选,,,0640041358,リベール国主、アリシアU世陛下の甥にして公爵位を授けられし者である！,T2132,Function_16,Function_16_1B77,,
少匹配,フフフ……驚きのあまり声もないようだな。,120,064,mp2010_06,EV_02_27_02,_entry,非TK,,,无候选,,,0640041361,フフフ……驚きのあまり声も出ないようだな。,T2132,Function_16,Function_16_1B77,,
少匹配,……誠に失礼ながら閣下の仰ることは真実です。,110,066,mp2010_06,EV_02_27_02,_entry,非TK,,,无候选,,,0660041371,……誠に失礼ながら閣下の仰ることは真実です。,T2132,Function_16,Function_16_1B77,,
少匹配,は、はあ……,6,007,mp0010_04,TK_BLOOM,Loc_110,TK,Loc_108:jump;Loc_109:next,Loc_111:cond_false;Loc_112:jump,无候选,,,0010041376|0070080460,は、はあ……|は、はあ……,T2132,Function_16,Function_16_1B77,,
少匹配,あのオジサンのお守り大変とは思うけど頑張ってね？,0,001,mp2010_06,EV_02_27_02,_entry,非TK,,,无候选,,,0010041405,あのオジサンのお守り大変とは思うけど頑張ってね❤,,,,,
少匹配,よ、なんか困ってるみたいだな？,122,027,mp2010_06,EV_02_27_03,_entry,非TK,,,无候选,,,0270041430,よ、なんか困ってるみたいだな？,T2132,Function_16,Function_16_1B77,,
少匹配,よう、いらっしゃい。,11096,188,mp0042_01,TK_SARME,Loc_86,TK,Loc_85:cond_false,Loc_87:cond_false;Loc_76:jump,无候选,,,1760160311|1820170484,よう、いらっしゃい。|よう、いらっしゃい。,T2131,Function_15,Function_15_385A,,loc_4102:cond_true;loc_3953:cond_true;loc_3A4E:jump;loc_3953:cond_false
少匹配,おお、君たちか。,11538,201,mp2010_13,TK_DALMOA,Loc_186,TK,Loc_183:cond_false,Loc_171:cond_false;Loc_187:cond_false;Loc_171:jump,无候选,,,0490041214|0550091567|0550091577,おお、君たちか。|おお、君たちか。|おお、君たちか。,T2210,Function_4,loc_DCE,loc_C13:cond_true,loc_F04:cond_true;loc_E7D:cond_true;loc_F04:jump;loc_E7D:cond_false
少匹配,次期国王にふさわしい豪華絢爛な別荘を用意するがいい。,120,064,mp2010_13,EV_02_68_00,_entry,非TK,,Loc_188:cond_false;Loc_189:jump,无候选,,,0640061489,次期国王にふさわしい豪華絢爛（ごうかけんらん）な別荘を用意するがいい。,T2210,Function_12,Function_12_3ED8,,loc_4BD6:switch;loc_4C1A:switch;loc_4DD7:switch;loc_4E62:switch
少匹配,君たちは……,12017,123,mp2010_13,EV_02_68_00,_entry,非TK,,Loc_188:cond_false;Loc_189:jump,无候选,,,0490061500,君たちは……,T2210,Function_12,Function_12_3ED8,,loc_4BD6:switch;loc_4C1A:switch;loc_4DD7:switch;loc_4E62:switch
少匹配,ギルドの遊撃士ならば礼儀くらい弁えているだろう。,127,049,mp2010_13,EV_02_68_00,_entry,非TK,,Loc_188:cond_false;Loc_189:jump,无候选,,,0490061507,ギルドの遊撃士ならば礼儀くらい弁（わきま）えているだろう。,T2210,Function_12,Function_12_3ED8,,loc_4BD6:switch;loc_4C1A:switch;loc_4DD7:switch;loc_4E62:switch
少匹配,……莫大な借金をかかえてるからでしょう？,122,027,mp2010_13,EV_02_68_00,Loc_189,非TK,_entry:jump;Loc_188:jump;Loc_190:cond_false;Loc_190:next,,无候选,,,0270061569,……莫大な借金をかかえてるからでしょう？,T2210,Function_12,loc_4E62,Function_12_3ED8:switch;loc_4BD6:jump;loc_4C1A:jump;loc_4DD7:jump,loc_6AF7:switch;loc_6AFA:switch
少匹配,いや～。一部始終聞かせてもらったぜ❤,122,027,mp2010_13,EV_02_68_00,Loc_189,非TK,_entry:jump;Loc_188:jump;Loc_190:cond_false;Loc_190:next,,无候选,,,0270061574,いや〜。一部始終聞かせてもらったぜ❤,,,,,
少匹配,こ、これは……導力魔法なのか？,1,002,mp2010_13,EV_02_68_01,_entry,非TK,,Loc_196:cond_false;Loc_197:jump,无候选,,,0020061673,こ、これは……導力魔法（オーバルアーツ）なのか？,T2210,Function_13,Function_13_6B07,,
少匹配,これは恐らく《古代遺物》の力！,4,006,mp2010_13,EV_02_68_01,_entry,非TK,,Loc_196:cond_false;Loc_197:jump,无候选,,,0060061675,これは恐らく《古代遺物（アーティファクト）》の力！,T2210,Function_13,Function_13_6B07,,
少匹配,これぞ、わがダルモア家に伝わる家宝、アーティファクト《封じの宝杖》……,127,049,mp2010_13,EV_02_68_01,_entry,非TK,,Loc_196:cond_false;Loc_197:jump,无候选,,,0490061678,これぞ、わがダルモア家に伝わる家宝、アーティファクト《封じの宝杖（ほうじょう）》……,T2210,Function_13,Function_13_6B07,,
少匹配,最後に賢しらな小娘の息の根を止めるとしようか？,127,049,mp2010_13,EV_02_68_01,_entry,非TK,,Loc_196:cond_false;Loc_197:jump,无候选,,,0490061689,最後に賢（さか）しらな小娘の息の根を止めるとしようか？,T2210,Function_13,Function_13_6B07,,
少匹配,死ね。,127,049,mp2010_13,EV_02_68_01,_entry,非TK,,Loc_196:cond_false;Loc_197:jump,无候选,,,0490061708,死ね。,T2210,Function_13,Function_13_6B07,,
少匹配,まさか『蒼耀の灯火』が盗まれるなんてな……,128,048,mp2010_13,QS209_00_00,Loc_205,非TK,Loc_204:cond_false;Loc_204:next,Loc_206:cond_false;Loc_207:cond_false;Loc_208:jump,无候选,,,0480170002,まさか『蒼耀の灯火（サフィールともしび）』が盗まれるなんてな……,T2210_1,Function_0,loc_235,Function_0_66:cond_true,loc_43C:cond_true;loc_510:jump;loc_43C:cond_false
少匹配,やあ、君たちか。,12072,231,mp2010_13,QS209_00_00,Loc_205,非TK,Loc_204:cond_false;Loc_204:next,Loc_206:cond_false;Loc_207:cond_false;Loc_208:jump,无候选,,,0330110492|0480170004|2040180024,やあ、君たちか。|やあ、君たちか。|やあ、君たちか。,T4132,Function_11,loc_1A90,loc_19F3:cond_true;loc_19F3:cond_false,loc_1B58:next
少匹配,やあ、君たち。,11518,196,mp2010_13,QS209_00_00,Loc_206,非TK,Loc_205:cond_false,Loc_209:next,无候选,,,0480170099,やあ、君たち。,T2210_1,Function_0,Function_0_66,,loc_235:cond_true;loc_232:cond_true;loc_232:cond_false;loc_232:next
少匹配,今回、盗み出されたのは『蒼耀の灯火』と言う燭台だ。,128,048,mp2010_13,QS209_00_00,Loc_211,非TK,Loc_209:jump;Loc_213:next,,无候选,,,0480170032,今回、盗み出されたのは『蒼耀の灯火（サフィールともしび）』と言う燭台だ。,T2210_1,Function_0,loc_775,loc_232:jump;loc_510:cond_true;loc_510:cond_false;loc_510:next,
少匹配,  ああ、求める者よ。女神のごとく　眼には真実だけを迎え入れよ。,65535,017,mp2010_13,TK_GILBERT,Loc_161,TK,Loc_156:cond_false;Loc_156:next,Loc_162:cond_false;Loc_163:jump,无候选,,,0170170170,『ああ、求める者よ。女神のごとく眼（エイドスまなこ）に真実だけを迎え入れる者よ。,T2102_1,Function_0,Function_0_66,,
少匹配,うん、ありがとう。,11558,205,mp2010_13,QS209_06_00,_entry,非TK,,,无候选,,,0010170363,うん、ありがとう。,T2210_1,Function_4,Function_4_18FB,,
少匹配,では、僕たちもこれで失礼します。,1,002,mp2010_13,QS209_06_00,_entry,非TK,,,无候选,,,0020170364,では、僕たちもこれで失礼します。,,,,,
少匹配,あの人、遊撃士になってますます馬鹿力がついたんじゃないか？,138,047,mp2010_14,TK_RACE,Loc_72,TK,,Loc_74:cond_false;Loc_73:jump,无候选,,,0470050997,あの人、遊撃士になってますますバカ力がついたんじゃないか？,T2130,Function_12,loc_1A42,Function_12_1989:cond_true;Function_12_1989:cond_false,loc_1AF1:cond_true;loc_1B8E:jump;loc_1AF1:cond_false
少匹配,な、なんだ……？,20850,,mp2010_14,EV_02_38_00,_entry,非TK,,,无候选,,,0450050641|2620131152,な、なんだ……？|な、なんだ……？,T2130,Function_20,Function_20_2C34,,loc_3C77:switch;loc_3C7A:switch
少匹配,か、かっこいい……,61315,,mp2010_14,EV_02_38_00,_entry,非TK,,,无候选,,,1530050673,か、かっこいい……,T2130,Function_20,Function_20_2C34,,loc_3C77:switch;loc_3C7A:switch
少匹配,ウイーッス！,61315,,mp2010_14,EV_02_38_00,_entry,非TK,,,无候选,,,1550050680,ウイーッス！,T2130,Function_20,Function_20_2C34,,loc_3C77:switch;loc_3C7A:switch
少匹配,……そこまでにしとけや。,5,005,mp2010_14,EV_02_38_01,Loc_102,非TK,Loc_101:next,Loc_87:next,无候选,,,0050050691,……そこまでにしとけや。,T2130,Function_20,loc_3C7A,Function_20_2C34:switch;loc_3C77:next,
少匹配,クラム……,140,039,mp2010_14,EV_02_38_01,Loc_102,非TK,Loc_101:next,Loc_87:next,无候选,,,0390050726,クラム……,T2130,Function_20,loc_3C7A,Function_20_2C34:switch;loc_3C77:next,
少匹配,本当は使いたくありませんでしたけど……,14,,mp2010_14,MayaEvent02_38_00,Loc_90,非TK,Loc_89:cond_false;Loc_89:next,Loc_91:cond_false;Loc_91:next,无候选,,,0060050666,本当は使いたくありませんでしたけど……,T2130,Function_20,Function_20_2C34,,loc_3C77:switch;loc_3C7A:switch
少匹配,剣は、人を守るために振るうように教わりました。,14,,mp2010_14,MayaEvent02_38_00,Loc_90,非TK,Loc_89:cond_false;Loc_89:next,Loc_91:cond_false;Loc_91:next,无候选,,,0060050667,剣は、人を守るために振るうように教わりました。,T2130,Function_20,Function_20_2C34,,loc_3C77:switch;loc_3C7A:switch
少匹配,今が、その時だと思います。,14,,mp2010_14,MayaEvent02_38_00,Loc_90,非TK,Loc_89:cond_false;Loc_89:next,Loc_91:cond_false;Loc_91:next,无候选,,,0060050668,今が、その時だと思います。,T2130,Function_20,Function_20_2C34,,loc_3C77:switch;loc_3C7A:switch
少匹配,護身用の細剣？,14,,mp2010_14,MayaEvent02_38_00,Loc_90,非TK,Loc_89:cond_false;Loc_89:next,Loc_91:cond_false;Loc_91:next,无候选,,,0020050670,護身用の細剣（レイピア）？,T2130,Function_20,Function_20_2C34,,loc_3C77:switch;loc_3C7A:switch
少匹配,その子を放してください。,14,,mp2010_14,MayaEvent02_38_00,Loc_90,非TK,Loc_89:cond_false;Loc_89:next,Loc_91:cond_false;Loc_91:next,无候选,,,0060050671,その子を放してください。,T2130,Function_20,Function_20_2C34,,loc_3C77:switch;loc_3C7A:switch
少匹配,さもなくば……実力行使させていただきます！,14,,mp2010_14,MayaEvent02_38_00,Loc_90,非TK,Loc_89:cond_false;Loc_89:next,Loc_91:cond_false;Loc_91:next,无候选,,,0060050672,さもなくば……実力行使させていただきます！,T2130,Function_20,Function_20_2C34,,loc_3C77:switch;loc_3C7A:switch
少匹配,あら、あなたたち……,11517,200,mp2051_02,TK_THERESA,Loc_25,TK,Loc_22:cond_false,Loc_26:cond_false;Loc_27:cond_false;Loc_28:jump,无候选,,,0390050988,あら、あなたたち……,T2330,Function_9,loc_3482,loc_344A:cond_true;loc_344A:cond_false,loc_35DF:cond_true;loc_355D:cond_true;loc_35DC:jump;loc_355D:cond_false
少匹配,村外れにある風車の前が景色のいい展望台になっていてね。,11056,146,mp2051_02,TK_REX,Loc_78,TK,Loc_75:cond_false,Loc_59:cond_false;Loc_59:next,无候选,,,1460040430,町外れにある風車の前が景色のいい展望台になっていてね。,T2331,Function_4,loc_65D,loc_64C:cond_true;loc_64C:cond_false,loc_E1D:cond_true;loc_AF6:cond_true;loc_B65:jump;loc_AF6:cond_false
少匹配,昼食時は、うちで弁当を買ってそこで食べるお客さんが多いんだ。,11056,146,mp2051_02,TK_REX,Loc_78,TK,Loc_75:cond_false,Loc_59:cond_false;Loc_59:next,无候选,,,1460040431,昼食時は、うちで弁当を買ってそこで食べるお客さんが多いんだ。,T2331,Function_4,loc_65D,loc_64C:cond_true;loc_64C:cond_false,loc_E1D:cond_true;loc_AF6:cond_true;loc_B65:jump;loc_AF6:cond_false
少匹配,ようこそ《白の木蓮亭》へ。,11056,146,mp2051_02,EV_02_11_00,_entry,非TK,,Loc_167:jump,无候选,,,1460040418,ようこそ《白の木蓮亭》へ。,T2331,Function_4,loc_65D,loc_64C:cond_true;loc_64C:cond_false,loc_E1D:cond_true;loc_AF6:cond_true;loc_B65:jump;loc_AF6:cond_false
少匹配,見かけない顔だけどマノリアには観光で来たのかい？,11056,146,mp2051_02,EV_02_11_00,_entry,非TK,,Loc_167:jump,无候选,,,1460040419,見かけない顔だけどマノリアには観光で来たのかい？,T2331,Function_4,loc_65D,loc_64C:cond_true;loc_64C:cond_false,loc_E1D:cond_true;loc_AF6:cond_true;loc_B65:jump;loc_AF6:cond_false
少匹配,ううん。ルーアン市に向かう途中なの。,0,001,mp2051_02,EV_02_11_00,_entry,非TK,,Loc_167:jump,无候选,,,0010040420,ううん。ルーアン市に向かう途中なの。,T2331,Function_4,loc_65D,loc_64C:cond_true;loc_64C:cond_false,loc_E1D:cond_true;loc_AF6:cond_true;loc_B65:jump;loc_AF6:cond_false
少匹配,ボース地方からクローネ峠を越えて来たんです。,1,002,mp2051_02,EV_02_11_00,_entry,非TK,,Loc_167:jump,无候选,,,0020040421,ボース地方からクローネ峠を越えて来たんです。,T2331,Function_4,loc_65D,loc_64C:cond_true;loc_64C:cond_false,loc_E1D:cond_true;loc_AF6:cond_true;loc_B65:jump;loc_AF6:cond_false
少匹配,クローネ峠を越えた！？,11056,146,mp2051_02,EV_02_11_00,_entry,非TK,,Loc_167:jump,无候选,,,1460040422,クローネ峠を越えた！？,T2331,Function_4,loc_65D,loc_64C:cond_true;loc_64C:cond_false,loc_E1D:cond_true;loc_AF6:cond_true;loc_B65:jump;loc_AF6:cond_false
少匹配,は～、あんな場所を通る人間が今時いるとは思わなかったな。,11056,146,mp2051_02,EV_02_11_00,_entry,非TK,,Loc_167:jump,无候选,,,1460040423,は〜、あんな場所を通る人間が今時いるとは思わなかったな。,T2331,Function_4,loc_65D,loc_64C:cond_true;loc_64C:cond_false,loc_E1D:cond_true;loc_AF6:cond_true;loc_B65:jump;loc_AF6:cond_false
少匹配,ひょっとして山歩きが趣味とか？,11056,146,mp2051_02,EV_02_11_00,_entry,非TK,,Loc_167:jump,无候选,,,1460040424,ひょっとして山歩きが趣味とか？,T2331,Function_4,loc_65D,loc_64C:cond_true;loc_64C:cond_false,loc_E1D:cond_true;loc_AF6:cond_true;loc_B65:jump;loc_AF6:cond_false
少匹配,うーん……そういう訳じゃないんだけど。,0,001,mp2051_02,EV_02_11_00,_entry,非TK,,Loc_167:jump,无候选,,,0010040425,うーん……そういう訳じゃないんだけど。,T2331,Function_4,loc_65D,loc_64C:cond_true;loc_64C:cond_false,loc_E1D:cond_true;loc_AF6:cond_true;loc_B65:jump;loc_AF6:cond_false
少匹配,ところで、歩きっぱなしですっごくお腹減ってるのよね。,0,001,mp2051_02,EV_02_11_00,_entry,非TK,,Loc_167:jump,无候选,,,0010040426,ところで、歩きっぱなしですっごくお腹減ってるのよね。,T2331,Function_4,loc_65D,loc_64C:cond_true;loc_64C:cond_false,loc_E1D:cond_true;loc_AF6:cond_true;loc_B65:jump;loc_AF6:cond_false
少匹配,何かお勧めはありますか？,1,002,mp2051_02,EV_02_11_00,_entry,非TK,,Loc_167:jump,无候选,,,0020040427,何かお勧めはありますか？,T2331,Function_4,loc_65D,loc_64C:cond_true;loc_64C:cond_false,loc_E1D:cond_true;loc_AF6:cond_true;loc_B65:jump;loc_AF6:cond_false
少匹配,そうだな……今なら弁当がお勧めだけど。,11056,146,mp2051_02,EV_02_11_00,_entry,非TK,,Loc_167:jump,无候选,,,1460040428,そうだな……今なら弁当がお勧めだけど。,T2331,Function_4,loc_65D,loc_64C:cond_true;loc_64C:cond_false,loc_E1D:cond_true;loc_AF6:cond_true;loc_B65:jump;loc_AF6:cond_false
少匹配,お弁当？,0,001,mp2051_02,EV_02_11_00,_entry,非TK,,Loc_167:jump,无候选,,,0010040429,お弁当？,T2331,Function_4,loc_65D,loc_64C:cond_true;loc_64C:cond_false,loc_E1D:cond_true;loc_AF6:cond_true;loc_B65:jump;loc_AF6:cond_false
少匹配,あ、それってナイスかも♪,0,001,mp2051_02,EV_02_11_00,_entry,非TK,,Loc_167:jump,无候选,,,0010040432,あ、それってナイスかも♪,T2331,Function_4,loc_65D,loc_64C:cond_true;loc_64C:cond_false,loc_E1D:cond_true;loc_AF6:cond_true;loc_B65:jump;loc_AF6:cond_false
少匹配,聞いてるだけで美味しそうな感じがするわ。,0,001,mp2051_02,EV_02_11_00,_entry,非TK,,Loc_167:jump,无候选,,,0010040433,聞いてるだけで美味しそうな感じがするわ。,T2331,Function_4,loc_65D,loc_64C:cond_true;loc_64C:cond_false,loc_E1D:cond_true;loc_AF6:cond_true;loc_B65:jump;loc_AF6:cond_false
少匹配,それじゃ、そうしようか。,1,002,mp2051_02,EV_02_11_00,_entry,非TK,,Loc_167:jump,无候选,,,0020040434,それじゃ、そうしようか。,T2331,Function_4,loc_65D,loc_64C:cond_true;loc_64C:cond_false,loc_E1D:cond_true;loc_AF6:cond_true;loc_B65:jump;loc_AF6:cond_false
少匹配,どんな種類の弁当があるんですか？,1,002,mp2051_02,EV_02_11_00,_entry,非TK,,Loc_167:jump,无候选,,,0020040435,どんな種類の弁当があるんですか？,T2331,Function_4,loc_65D,loc_64C:cond_true;loc_64C:cond_false,loc_E1D:cond_true;loc_AF6:cond_true;loc_B65:jump;loc_AF6:cond_false
少匹配,スモークハムのサンドイッチと魚介類のパエリアの２種類だよ。,11056,146,mp2051_02,EV_02_11_00,_entry,非TK,,Loc_167:jump,无候选,,,1460040436,スモークハムのサンドイッチと魚介類のパエリアの２種類だよ。,T2331,Function_4,loc_65D,loc_64C:cond_true;loc_64C:cond_false,loc_E1D:cond_true;loc_AF6:cond_true;loc_B65:jump;loc_AF6:cond_false
少匹配,どちらもウチのお勧めさ。,11056,146,mp2051_02,EV_02_11_00,_entry,非TK,,Loc_167:jump,无候选,,,1460040437,どちらもウチのお勧めさ。,T2331,Function_4,loc_65D,loc_64C:cond_true;loc_64C:cond_false,loc_E1D:cond_true;loc_AF6:cond_true;loc_B65:jump;loc_AF6:cond_false
少匹配,うーん、あたしはサンドイッチにしようかな。,0,001,mp2051_02,EV_02_11_00,_entry,非TK,,Loc_167:jump,无候选,,,0010040438,うーん、あたしはサンドイッチにしようかな。,T2331,Function_4,loc_65D,loc_64C:cond_true;loc_64C:cond_false,loc_E1D:cond_true;loc_AF6:cond_true;loc_B65:jump;loc_AF6:cond_false
少匹配,それじゃ、僕はパエリアを。,1,002,mp2051_02,EV_02_11_00,_entry,非TK,,Loc_167:jump,无候选,,,0020040439,それじゃ、僕はパエリアを。,T2331,Function_4,loc_65D,loc_64C:cond_true;loc_64C:cond_false,loc_E1D:cond_true;loc_AF6:cond_true;loc_B65:jump;loc_AF6:cond_false
少匹配,まいどあり。しめて１２０ミラだよ。,11056,146,mp2051_02,EV_02_11_00,_entry,非TK,,Loc_167:jump,无候选,,,1460040440,まいどあり。しめて１２０ミラだよ。,T2331,Function_4,loc_65D,loc_64C:cond_true;loc_64C:cond_false,loc_E1D:cond_true;loc_AF6:cond_true;loc_B65:jump;loc_AF6:cond_false
少匹配,ウチで出せる弁当は、スモークハムのサンドイッチと魚介類のパエリアの２種類だ。,11056,146,mp2051_02,EV_02_11_00,Loc_166,非TK,,Loc_167:next,无候选,,,1460040441,ウチで出せる弁当は、スモークハムのサンドイッチと魚介類のパエリアの２種類だ。,T2331,Function_4,loc_AF6,loc_65D:cond_true;loc_65D:cond_false,loc_B65:next
少匹配,しめて１２０ミラだけど、どうする？,11056,146,mp2051_02,EV_02_11_00,Loc_166,非TK,,Loc_167:next,无候选,,,1460040442,しめて１２０ミラだけど、どうする？,T2331,Function_4,loc_AF6,loc_65D:cond_true;loc_65D:cond_false,loc_B65:next
少匹配,ついでにサービスでハーブティもつけておいたよ。,11056,146,mp2051_02,EV_02_11_00,Loc_167,非TK,_entry:jump;Loc_166:next,Loc_168:cond_false;Loc_169:jump,无候选,,,1460040443,ついでにサービスでハーブティもつけておいたよ。,T2331,Function_4,loc_BC9,loc_B65:switch,loc_CF0:cond_true;loc_D4A:jump;loc_CF0:cond_false
少匹配,これもウチの名物でね。,11056,146,mp2051_02,EV_02_11_00,Loc_167,非TK,_entry:jump;Loc_166:next,Loc_168:cond_false;Loc_169:jump,无候选,,,1460040444,これもウチの名物でね。,T2331,Function_4,loc_BC9,loc_B65:switch,loc_CF0:cond_true;loc_D4A:jump;loc_CF0:cond_false
少匹配,わ、ありがと❤,0,001,mp2051_02,EV_02_11_00,Loc_167,非TK,_entry:jump;Loc_166:next,Loc_168:cond_false;Loc_169:jump,无候选,,,0010040445,わ、ありがと❤,,,,,
少匹配,それじゃ、展望台に行こうか？,1,002,mp2051_02,EV_02_11_00,Loc_167,非TK,_entry:jump;Loc_166:next,Loc_168:cond_false;Loc_169:jump,无候选,,,0020040446,それじゃ、展望台に行こうか？,T2331,Function_4,loc_BC9,loc_B65:switch,loc_CF0:cond_true;loc_D4A:jump;loc_CF0:cond_false
少匹配,おや……ミラが足りないみたいだね。,11056,146,mp2051_02,EV_02_11_00,Loc_168,非TK,Loc_167:cond_false,Loc_170:cond_false;Loc_169:jump,无候选,,,1460040448,おや……ミラが足りないみたいだね。,T2331,Function_4,loc_CF0,loc_BC9:cond_true;loc_BC9:cond_false,loc_D4A:next
少匹配,取っておくからまた来なよ。,11056,146,mp2051_02,EV_02_11_00,Loc_168,非TK,Loc_167:cond_false,Loc_170:cond_false;Loc_169:jump,无候选,,,1460040449,取っておくからまた来なよ。,T2331,Function_4,loc_CF0,loc_BC9:cond_true;loc_BC9:cond_false,loc_D4A:next
少匹配,それじゃあここでランチにするかい？,11056,146,mp2051_02,EV_02_11_00,Loc_170,非TK,Loc_168:cond_false,Loc_169:next,无候选,,,1460040450,それじゃあここでランチにするかい？,T2331,Function_4,loc_D4D,loc_B65:switch,loc_E18:jump
少匹配,他にも色々とメニューはあるけど。,11056,146,mp2051_02,EV_02_11_00,Loc_170,非TK,Loc_168:cond_false,Loc_169:next,无候选,,,1460040451,他にも色々とメニューはあるけど。,T2331,Function_4,loc_D4D,loc_B65:switch,loc_E18:jump
少匹配,うーん、やっぱり外のランチは捨てがたいわね～。,0,001,mp2051_02,EV_02_11_00,Loc_170,非TK,Loc_168:cond_false,Loc_169:next,无候选,,,0010040452,うーん、やっぱり外のランチは捨てがたいわね〜。,T2331,Function_4,loc_D4D,loc_B65:switch,loc_E18:jump
少匹配,ゴメン、もうちょっと考えさせて。,0,001,mp2051_02,EV_02_11_00,Loc_170,非TK,Loc_168:cond_false,Loc_169:next,无候选,,,0010040453,ゴメン、もうちょっと考えさせて。,T2331,Function_4,loc_D4D,loc_B65:switch,loc_E18:jump
少匹配,お邪魔するよ。,127,049,mp2051_02,EV_02_34_00,_entry,非TK,,,无候选,,,0490050374,お邪魔するよ。,T2331,Function_16,Function_16_266D,,
少匹配,安心しなさい。２人とも大した怪我じゃないわ。,11057,,mp2051_02,EV_02_56_00,_entry,非TK,,,无候选,,,1660061018,安心しなさい。２人とも大した怪我じゃないわ。,T2330,Function_22,Function_22_6948,,
少匹配,ただ、目を醒まさないからちょっと心配なんだけど……,11057,,mp2051_02,EV_02_56_00,_entry,非TK,,,无候选,,,1660061019,ただ、目を醒まさないからちょっと心配なんだけど……,T2330,Function_22,Function_22_6948,,
少匹配,……そいつは同感だな。,5,005,mp2051_02,EV_02_56_00,_entry,非TK,,,无候选,,,0050061056,……そいつは同感だな。,T2331,Function_22,Function_22_53CD,,
少匹配,あーっ！,12125,,mp2051_02,EV_02_56_00,_entry,非TK,,,无候选,,,0010061057,あーっ！,T2330,Function_22,Function_22_6948,,
少匹配,我らの仕事ぶり満足していただけたかな？,61350,,mp2052_01,EV_02_63_00,Loc_82,非TK,Loc_78:jump;Loc_81:jump;Loc_83:jump;Loc_84:next,,无候选,,,2620061215,我らの仕事ぶり　　　　　　　　　　　満足していただけたかな？,C2210,Function_6,loc_1B62,loc_19C3:jump;loc_1A64:jump;loc_1AB7:jump;loc_1B17:cond_true;loc_1B17:cond_false;loc_1B17:next,loc_2D1C:switch;loc_2D1F:switch
少匹配,ふふ、安心するがいい。,61351,,mp2052_01,EV_02_63_00,Loc_82,非TK,Loc_78:jump;Loc_81:jump;Loc_83:jump;Loc_84:next,,无候选,,,2630061218,ふふ、安心するがいい。,C2210,Function_6,loc_1B62,loc_19C3:jump;loc_1A64:jump;loc_1AB7:jump;loc_1B17:cond_true;loc_1B17:cond_false;loc_1B17:next,loc_2D1C:switch;loc_2D1F:switch
少匹配,たとえ正気を取り戻しても我々の事は一切覚えていない。,61351,,mp2052_01,EV_02_63_00,Loc_82,非TK,Loc_78:jump;Loc_81:jump;Loc_83:jump;Loc_84:next,,无候选,,,2630061219,たとえ正気を取り戻しても我々の事は一切覚えていない。,C2210,Function_6,loc_1B62,loc_19C3:jump;loc_1A64:jump;loc_1AB7:jump;loc_1B17:cond_true;loc_1B17:cond_false;loc_1B17:next,loc_2D1C:switch;loc_2D1F:switch
少匹配,そこに寝ている灯台守も朝まで目を醒まさないはずだ。,61350,,mp2052_01,EV_02_63_00,Loc_82,非TK,Loc_78:jump;Loc_81:jump;Loc_83:jump;Loc_84:next,,无候选,,,2620061220,そこに寝ている灯台守も朝まで目を醒まさないはずだ。,C2210,Function_6,loc_1B62,loc_19C3:jump;loc_1A64:jump;loc_1AB7:jump;loc_1B17:cond_true;loc_1B17:cond_false;loc_1B17:next,loc_2D1C:switch;loc_2D1F:switch
少匹配,喜んでもらえて何よりだ。,61351,,mp2052_01,EV_02_63_00,Loc_82,非TK,Loc_78:jump;Loc_81:jump;Loc_83:jump;Loc_84:next,,无候选,,,2630061225,喜んでもらえて何よりだ。,C2210,Function_6,loc_1B62,loc_19C3:jump;loc_1A64:jump;loc_1AB7:jump;loc_1B17:cond_true;loc_1B17:cond_false;loc_1B17:next,loc_2D1C:switch;loc_2D1F:switch
少匹配,しかし、あんな孤児院を潰して何の得があるのやら……,61350,,mp2052_01,EV_02_63_00,Loc_82,非TK,Loc_78:jump;Loc_81:jump;Loc_83:jump;Loc_84:next,,无候选,,,2620061226,しかし、あんな孤児院を潰して何の得があるのやら……,C2210,Function_6,loc_1B62,loc_19C3:jump;loc_1A64:jump;loc_1AB7:jump;loc_1B17:cond_true;loc_1B17:cond_false;loc_1B17:next,loc_2D1C:switch;loc_2D1F:switch
少匹配,理解に苦しむところではあるな。,61350,,mp2052_01,EV_02_63_00,Loc_82,非TK,Loc_78:jump;Loc_81:jump;Loc_83:jump;Loc_84:next,,无候选,,,2620061227,理解に苦しむところではあるな。,C2210,Function_6,loc_1B62,loc_19C3:jump;loc_1A64:jump;loc_1AB7:jump;loc_1B17:cond_true;loc_1B17:cond_false;loc_1B17:next,loc_2D1C:switch;loc_2D1F:switch
少匹配,ほう、なかなか豪勢な話だ。,61351,,mp2052_01,EV_02_63_00,Loc_82,非TK,Loc_78:jump;Loc_81:jump;Loc_83:jump;Loc_84:next,,无候选,,,2630061235,ほう、なかなか豪勢な話だ。,C2210,Function_6,loc_1B62,loc_19C3:jump;loc_1A64:jump;loc_1AB7:jump;loc_1B17:cond_true;loc_1B17:cond_false;loc_1B17:next,loc_2D1C:switch;loc_2D1F:switch
少匹配,しかしどうして孤児院を潰す必要があるのだ？,61351,,mp2052_01,EV_02_63_00,Loc_82,非TK,Loc_78:jump;Loc_81:jump;Loc_83:jump;Loc_84:next,,无候选,,,2630061236,しかしどうして孤児院を潰す必要があるのだ？,C2210,Function_6,loc_1B62,loc_19C3:jump;loc_1A64:jump;loc_1AB7:jump;loc_1B17:cond_true;loc_1B17:cond_false;loc_1B17:next,loc_2D1C:switch;loc_2D1F:switch
少匹配,なるほどな……別荘地としての価値半減か。,61350,,mp2052_01,EV_02_63_00,Loc_82,非TK,Loc_78:jump;Loc_81:jump;Loc_83:jump;Loc_84:next,,无候选,,,2620061240,なるほどな……別荘地としての価値半減か。,C2210,Function_6,loc_1B62,loc_19C3:jump;loc_1A64:jump;loc_1AB7:jump;loc_1B17:cond_true;loc_1B17:cond_false;loc_1B17:next,loc_2D1C:switch;loc_2D1F:switch
少匹配,しかし、危ない橋を渡るくらいなら買い上げた方がいいのではないか？,61350,,mp2052_01,EV_02_63_00,Loc_82,非TK,Loc_78:jump;Loc_81:jump;Loc_83:jump;Loc_84:next,,无候选,,,2620061241,しかし、危ない橋を渡るくらいなら買い上げた方がいいのではないか？,C2210,Function_6,loc_1B62,loc_19C3:jump;loc_1A64:jump;loc_1AB7:jump;loc_1B17:cond_true;loc_1B17:cond_false;loc_1B17:next,loc_2D1C:switch;loc_2D1F:switch
少匹配,ほう……娘、我々を知っているのか？,61350,,mp2052_01,EV_02_63_00,Loc_82,非TK,Loc_78:jump;Loc_81:jump;Loc_83:jump;Loc_84:next,,无候选,,,2620061255,ほう……娘、我々を知っているのか？,C2210,Function_6,loc_1B62,loc_19C3:jump;loc_1A64:jump;loc_1AB7:jump;loc_1B17:cond_true;loc_1B17:cond_false;loc_1B17:next,loc_2D1C:switch;loc_2D1F:switch
少匹配,そこの赤毛の遊撃士とは少しばかり面識はあるが……,61350,,mp2052_01,EV_02_63_00,Loc_82,非TK,Loc_78:jump;Loc_81:jump;Loc_83:jump;Loc_84:next,,无候选,,,2630061256,そこの赤毛の遊撃士とは少しばかり面識はあるが……,C2210,Function_6,loc_1B62,loc_19C3:jump;loc_1A64:jump;loc_1AB7:jump;loc_1B17:cond_true;loc_1B17:cond_false;loc_1B17:next,loc_2D1C:switch;loc_2D1F:switch
少匹配,まあ、クライアントの要望とあらば仕方あるまい。,61351,,mp2052_01,EV_02_63_00,Loc_82,非TK,Loc_78:jump;Loc_81:jump;Loc_83:jump;Loc_84:next,,无候选,,,2620061263,まあ、クライアントの要望とあらば仕方あるまい。,C2210,Function_6,loc_1B62,loc_19C3:jump;loc_1A64:jump;loc_1AB7:jump;loc_1B17:cond_true;loc_1B17:cond_false;loc_1B17:next,loc_2D1C:switch;loc_2D1F:switch
少匹配,相手をしてもらおうか。,61350,,mp2052_01,EV_02_63_00,Loc_82,非TK,Loc_78:jump;Loc_81:jump;Loc_83:jump;Loc_84:next,,无候选,,,2630061264,相手をしてもらおうか。,C2210,Function_6,loc_1B62,loc_19C3:jump;loc_1A64:jump;loc_1AB7:jump;loc_1B17:cond_true;loc_1B17:cond_false;loc_1B17:next,loc_2D1C:switch;loc_2D1F:switch
少匹配,なかなかやるな……,20851,,mp2052_01,EV_02_63_01,_entry,非TK,,Loc_122:next,无候选,,,2620061273,なかなかやるな……,C2210,Function_6,loc_2D1F,loc_1B62:switch;loc_2D1C:next,
少匹配,真っ向からの勝負ではやはり遊撃士は手強い。,20851,,mp2052_01,EV_02_63_01,_entry,非TK,,Loc_122:next,无候选,,,2620061274,真っ向からの勝負ではやはり遊撃士は手強い。,C2210,Function_6,loc_2D1F,loc_1B62:switch;loc_2D1C:next,
少匹配,ああ、隊長の忠告通り油断すべきではなかったか。,20850,,mp2052_01,EV_02_63_01,_entry,非TK,,Loc_122:next,无候选,,,2630061275,ああ、隊長の忠告通り油断すべきではなかったか。,C2210,Function_6,loc_2D1F,loc_1B62:switch;loc_2D1C:next,
少匹配,その事も知っているとは……,20851,,mp2052_01,EV_02_63_01,_entry,非TK,,Loc_122:next,无候选,,,2620061278,その事も知っているとは……,C2210,Function_6,loc_2D1F,loc_1B62:switch;loc_2D1C:next,
少匹配,さすがギルドの犬ども。なかなか鼻が利くようだな……,20850,,mp2052_01,EV_02_63_01,_entry,非TK,,Loc_122:next,无候选,,,2630061279,さすがギルドの犬ども。なかなか鼻が利くようだな……,C2210,Function_6,loc_2D1F,loc_1B62:switch;loc_2D1C:next,
少匹配,フ、それはできんな。,20851,,mp2052_01,EV_02_63_01,_entry,非TK,,Loc_122:next,无候选,,,2620061282,フ、それはできんな。,C2210,Function_6,loc_2D1F,loc_1B62:switch;loc_2D1C:next,
少匹配,動くな。,20851,,mp2052_01,EV_02_63_01,_entry,非TK,,Loc_122:next,无候选,,,2620061285,動くな。,C2210,Function_6,loc_2D1F,loc_1B62:switch;loc_2D1C:next,
少匹配,それ以上近寄ればこいつの頭が吹き飛ぶぞ。,20851,,mp2052_01,EV_02_63_01,_entry,非TK,,Loc_122:next,无候选,,,2620061286,それ以上近寄ればこいつの頭が吹き飛ぶぞ。,C2210,Function_6,loc_2D1F,loc_1B62:switch;loc_2D1C:next,
少匹配,勘違いするな、若造。,20851,,mp2052_01,EV_02_63_01,_entry,非TK,,Loc_122:next,无候选,,,2620061289,勘違いするな、若造。,C2210,Function_6,loc_2D1F,loc_1B62:switch;loc_2D1C:next,
少匹配,我々の雇い主は市長であって貴様ではない。,20851,,mp2052_01,EV_02_63_01,_entry,非TK,,Loc_122:next,无候选,,,2620061290,我々の雇い主は市長であって貴様ではない。,C2210,Function_6,loc_2D1F,loc_1B62:switch;loc_2D1C:next,
少匹配,市長にした所で同じこと。,20850,,mp2052_01,EV_02_63_01,_entry,非TK,,Loc_122:next,无候选,,,2630061291,市長にした所で同じこと。,C2210,Function_6,loc_2D1F,loc_1B62:switch;loc_2D1C:next,
少匹配,利害が一致していたから協力していたに過ぎん……,20850,,mp2052_01,EV_02_63_01,_entry,非TK,,Loc_122:next,无候选,,,2630061292,利害が一致していたから協力していたに過ぎん……,C2210,Function_6,loc_2D1F,loc_1B62:switch;loc_2D1C:next,
少匹配,お前がここで死のうが我々は痛くも痒くもない。,20851,,mp2052_01,EV_02_63_01,_entry,非TK,,Loc_122:next,无候选,,,2620061293,お前がここで死のうが我々は痛くも痒くもない。,C2210,Function_6,loc_2D1F,loc_1B62:switch;loc_2D1C:next,
少匹配,これでも納得しないなら……,20850,,mp2052_01,EV_02_63_01,_entry,非TK,,Loc_122:next,无候选,,,2630061303,これでも納得しないなら……,C2210,Function_6,loc_2D1F,loc_1B62:switch;loc_2D1C:next,
少匹配,こちらの灯台守の頭を撃ち抜いてもいいのだが？,20850,,mp2052_01,EV_02_63_01,_entry,非TK,,Loc_122:next,无候选,,,2630061304,こちらの灯台守の頭を撃ち抜いてもいいのだが？,C2210,Function_6,loc_2D1F,loc_1B62:switch;loc_2D1C:next,
少匹配,ならば、しばらくの間離れていてもらおうか……,20851,,mp2052_01,EV_02_63_01,_entry,非TK,,Loc_122:next,无候选,,,2620061306,ならば、しばらくの間離れていてもらおうか……,C2210,Function_6,loc_2D1F,loc_1B62:switch;loc_2D1C:next,
少匹配,そうだな……階段の近くまで下がれ。,20851,,mp2052_01,EV_02_63_01,_entry,非TK,,Loc_122:next,无候选,,,2620061307,そうだな……階段の近くまで下がれ。,C2210,Function_6,loc_2D1F,loc_1B62:switch;loc_2D1C:next,
少匹配,ふふ、いいだろう。,20850,,mp2052_01,EV_02_63_01,Loc_125,非TK,Loc_124:next,,无候选,,,2630061309,ふふ、いいだろう。,C2210,Function_6,loc_2D1F,loc_1B62:switch;loc_2D1C:next,
少匹配,えへへ♪実は持ってきたんだよね。,0,001,mp2052_01,QS204_02_00,Loc_91,非TK,Loc_90:cond_false,Loc_95:cond_false;Loc_96:cond_false;Loc_97:jump,无候选,,,0010160410,えへへ♪実は持ってきたんだよね。,C2219_1,Function_1,loc_2C22,loc_29C3:switch;loc_29C3:cond_false,loc_2DF3:jump
少匹配,おお！　おお！,11086,173,mp2052_01,QS204_02_00,Loc_91,非TK,Loc_90:cond_false,Loc_95:cond_false;Loc_96:cond_false;Loc_97:jump,无候选,,,1730160411,おお！　おお！,C2219_1,Function_1,loc_2C22,loc_29C3:switch;loc_29C3:cond_false,loc_2DF3:jump
少匹配,つまみまで用意するとは随分と気が利くではないか。,11086,173,mp2052_01,QS204_02_00,Loc_91,非TK,Loc_90:cond_false,Loc_95:cond_false;Loc_96:cond_false;Loc_97:jump,无候选,,,1730160412,つまみまで用意するとは随分と気が利くではないか。,C2219_1,Function_1,loc_2C22,loc_29C3:switch;loc_29C3:cond_false,loc_2DF3:jump
少匹配,いやぁ、それにしても懐かしいのう。プレミオたちは元気か？,11086,173,mp2052_01,QS204_02_00,Loc_91,非TK,Loc_90:cond_false,Loc_95:cond_false;Loc_96:cond_false;Loc_97:jump,无候选,,,1730160413,いやぁ、それにしても懐かしいのう。プレミオたちは元気か？,C2219_1,Function_1,loc_2C22,loc_29C3:switch;loc_29C3:cond_false,loc_2DF3:jump
少匹配,少々古いが、品は確かじゃからきっと役に立つじゃろ。,11086,173,mp2052_01,QS204_02_00,Loc_102,非TK,Loc_100:jump;Loc_101:next,Loc_103:cond_false;Loc_104:jump,无候选,,,1730160427,少々古いが、品は確かじゃからきっと役に立つじゃろ。,C2219_1,Function_1,loc_2E4E,loc_2DF3:jump;loc_2DF6:next,loc_3739:cond_true;loc_3789:jump;loc_3739:cond_false
少匹配,差し入れまで頂いてしまってはさぼっているわけにもいかんからな。,11086,173,mp2052_01,QS204_02_00,Loc_106,非TK,Loc_104:jump;Loc_105:next,Loc_94:next,无候选,,,1730160432,差し入れまで頂いてしまってはさぼっているわけにもいかんからな。,C2219_1,Function_1,loc_3789,loc_2E4E:jump;loc_3739:next,loc_395E:next
少匹配,どうかお体にお気を付けて。,4,006,mp2052_01,QS204_02_00,Loc_106,非TK,Loc_104:jump;Loc_105:next,Loc_94:next,无候选,,,0060160433,どうかお体にお気を付けて。,C2219_1,Function_1,loc_3789,loc_2E4E:jump;loc_3739:next,loc_395E:next
少匹配,それじゃあ元気でね、おじいさん。,0,001,mp2052_01,QS204_02_00,Loc_106,非TK,Loc_104:jump;Loc_105:next,Loc_94:next,无候选,,,0010160434,それじゃあ元気でね、おじいさん。,C2219_1,Function_1,loc_3789,loc_2E4E:jump;loc_3739:next,loc_395E:next
少匹配,困ったものね……,11098,,mp2061_01,TK_MARY,Loc_25,TK,Loc_24:cond_false,Loc_22:cond_false;Loc_22:next,无候选,,,0410040861,困ったものね……,T2410,Function_7,Function_7_48D,,loc_501:cond_true;loc_501:cond_false;loc_501:next
少匹配,見ての通りピンピンしていますよ。コリンズ学園長もご健勝で何よりです。,127,049,mp2071_01,TK_02_48_01_colinze_dalmoa,_entry,TK,,,多候选,0490060081,0490060081|0490060075,0490060075,見ての通りピンピンしていますよ。コリンズ学園長もご健勝で何よりです。,T2520,Function_48,Function_48_6F5B,,loc_70FA:cond_true;loc_7074:cond_true;loc_70FA:jump;loc_7074:cond_false
少匹配,今日はゆっくりと楽しませてもらうつもりです。,127,049,mp2071_01,TK_02_48_01_colinze_dalmoa,_entry,TK,,,多候选,0490060082,0490060082|0490060076,0490060076,今日はゆっくりと楽しませてもらうつもりです。,T2520,Function_48,Function_48_6F5B,,loc_70FA:cond_true;loc_7074:cond_true;loc_70FA:jump;loc_7074:cond_false
少匹配,私、これでも演劇にはうるさいほうですの。,125,036,mp2071_01,TK_MAYBELL,Loc_283,TK,Loc_281:cond_false,Loc_282:next,多候选,0360060153,0360060153|0360060150|0360060169,0360060169,私、これでも演劇にはうるさいほうですの。,T2520,Function_49,loc_720E,loc_7169:jump;loc_71DD:jump;loc_71F3:jump;loc_7209:next,loc_7567:jump
少匹配,ふふ、実は私この学園の卒業生ですのよ。,125,036,mp2071_01,TK_02_48_01_maybell_lira,Loc_285,TK,_entry:jump;Loc_284:next,,多候选,0360060143,0360060143|0360060162,0360060162,ふふ、実は私この学園の卒業生ですのよ。,T2520,Function_49,loc_720E,loc_7169:jump;loc_71DD:jump;loc_71F3:jump;loc_7209:next,loc_7567:jump
少匹配,毎年、学園祭には顔を出させてもらっていますわ。,125,036,mp2071_01,TK_02_48_01_maybell_lira,Loc_285,TK,_entry:jump;Loc_284:next,,多候选,0360060144,0360060144|0360060163,0360060163,毎年、学園祭には顔を出させてもらっていますわ。,T2520,Function_49,loc_720E,loc_7169:jump;loc_71DD:jump;loc_71F3:jump;loc_7209:next,loc_7567:jump
少匹配,へぇ、そうだったんだ。,0,001,mp2071_01,TK_02_48_01_maybell_lira,Loc_285,TK,_entry:jump;Loc_284:next,,多候选,0010060145,0010060145|0010060164,0010060164,へぇ、そうだったんだ。,T2520,Function_49,loc_720E,loc_7169:jump;loc_71DD:jump;loc_71F3:jump;loc_7209:next,loc_7567:jump
少匹配,えへへ、実は……,0,001,mp2071_01,TK_02_48_01_maybell_lira,Loc_285,TK,_entry:jump;Loc_284:next,,多候选,0011350003,0011350003|0010060148|0010060167,0010060148,えへへ、実は……,T2520,Function_33,loc_5B5F,loc_5B05:jump;loc_5B2E:jump;loc_5B44:jump;loc_5B5A:next,loc_5E65:cond_true;loc_5EF0:jump;loc_5E65:cond_false
少匹配,（う～ん、知り合いの人には　なおさら見てほしくないなぁ……）,1,002,mp2071_01,TK_02_48_01_maybell_lira,Loc_285,TK,_entry:jump;Loc_284:next,,多候选,0020060152,0020060152|0020060171,0020060171,（う〜ん、知り合いの人にはなおさら見てほしくないなぁ……）,T2520,Function_49,loc_720E,loc_7169:jump;loc_71DD:jump;loc_71F3:jump;loc_7209:next,loc_7567:jump
少匹配,先ほど、ヨシュア様が深刻な顔つきで走り去っていきました……,126,037,mp2071_01,TK_LIRA,_entry,TK,,Loc_287:jump,无候选,,,0360060397,先ほど、ヨシュア様が深刻な顔つきで走り去っていきました……,T2520,Function_49,Function_49_70FE,,loc_7169:cond_true;loc_7567:jump;loc_7169:cond_false
少匹配,何かあったんでしょうか？,126,037,mp2071_01,TK_LIRA,_entry,TK,,Loc_287:jump,无候选,,,0360060398,何かあったんでしょうか？,T2520,Function_49,Function_49_70FE,,loc_7169:cond_true;loc_7567:jump;loc_7169:cond_false
少匹配,あはは……見てのお楽しみってね❤,0,001,mp2071_01,EV_02_50_00,Loc_370,非TK,Loc_369:next,,无候选,,,0010060309,あはは……見てのお楽しみってね❤,T2520,Function_60,Function_60_800E,,
少匹配,それより院長先生。まだ、マノリアにいるの？,0,001,mp2071_01,EV_02_50_00,Loc_370,非TK,Loc_369:next,,无候选,,,0010060310,それより院長先生。まだ、マノリアにいるの？,,,,,
少匹配,学園祭のためにもどうかよろしく頼む。,11072,193,mp2071_02,TK_LOGIC,Loc_37,TK,Loc_33:cond_false,Loc_51:cond_false;Loc_36:jump,无候选,,,1930171192,学園祭のためにもどうかよろしく頼む。,T2521_1,Function_1,loc_F8A,loc_EDE:cond_true;loc_EDE:cond_false,loc_105B:next
少匹配,……この短い間に良いことも悪いことも本当にたくさんあったわね。,146,051,mp2071_02,TK_JIL,_entry,TK,,Loc_123:jump,无候选,,,0510070188,……この短かい間に良いことも悪いことも本当にたくさんあったわね。,T2511,Function_10,Function_10_1876,,loc_19D0:cond_true;loc_1A5B:jump;loc_19D0:cond_false
少匹配,本当は、面白そうっていうそれだけの理由なんだけど❤,146,051,mp2071_02,EV_02_43_00,_entry,非TK,,,无候选,,,0510051139,本当は、面白そうっていうそれだけの理由なんだけど❤,,,,,
少匹配,クローゼ、ありがとね。いい人たちを紹介してくれて❤,146,051,mp2071_02,EV_02_43_00,_entry,非TK,,,无候选,,,0510051146,クローゼ、ありがとね。いい人たちを紹介してくれて❤,,,,,
少匹配,席は取っておくから用事が済んだら声をかけてよ。,1,002,mp2071_02,EV_02_47_00,Loc_171,非TK,Loc_169:cond_false,Loc_173:cond_false;Loc_174:jump,无候选,,,0020051479,席は取っておくから用事が済んだら声をかけてよ。,T2521,Function_8,loc_171B,loc_1669:switch;loc_1669:cond_false,loc_1B99:jump
少匹配,あ～、もうお腹ペコペコよ。,146,051,mp2071_02,EV_02_47_00,Loc_175,非TK,Loc_172:cond_false;Loc_172:next,,无候选,,,0510051498,あ〜、もうお腹ペコペコよ。,T2521,Function_7,loc_11E0,loc_10F7:switch,loc_1601:jump
少匹配,劇の仕上げに加えて、今日も一日、学園中を走り回ってたし……,146,051,mp2071_02,EV_02_47_00,Loc_175,非TK,Loc_172:cond_false;Loc_172:next,,无候选,,,0510051499,劇の仕上げに加えて、今日も一日、学園中を走り回ってたし……,T2521,Function_7,loc_11E0,loc_10F7:switch,loc_1601:jump
少匹配,ふふ……でも、それも今日で終わりね。,4,006,mp2071_02,EV_02_47_00,Loc_175,非TK,Loc_172:cond_false;Loc_172:next,,无候选,,,0060051500,ふふ……でも、それも今日で終わりね。,T2521,Function_7,loc_11E0,loc_10F7:switch,loc_1601:jump
少匹配,そうよね、ホント。気合いを入れ直さなくちゃ。,146,051,mp2071_02,EV_02_47_00,Loc_175,非TK,Loc_172:cond_false;Loc_172:next,,无候选,,,0510051501,そうよね、ホント。気合いを入れ直さなくちゃ。,T2521,Function_7,loc_11E0,loc_10F7:switch,loc_1601:jump
少匹配,新しい仕事も入ったことだし……,146,051,mp2071_02,EV_02_47_00,Loc_175,非TK,Loc_172:cond_false;Loc_172:next,,无候选,,,0510051502,新しい仕事も入ったことだし……,T2521,Function_7,loc_11E0,loc_10F7:switch,loc_1601:jump
少匹配,新しい仕事？なんだそりゃ？,147,052,mp2071_02,EV_02_47_00,Loc_175,非TK,Loc_172:cond_false;Loc_172:next,,无候选,,,0520051503,新しい仕事？なんだそりゃ？,T2521,Function_7,loc_11E0,loc_10F7:switch,loc_1601:jump
少匹配,うん、あとで相談するわ。,146,051,mp2071_02,EV_02_47_00,Loc_175,非TK,Loc_172:cond_false;Loc_172:next,,无候选,,,0510051504,うん、あとで相談するわ。,T2521,Function_7,loc_11E0,loc_10F7:switch,loc_1601:jump
少匹配,じゃ、学園祭の成功を祈って今日はパーッと騒ぐわよ！,146,051,mp2071_02,EV_02_47_00,Loc_175,非TK,Loc_172:cond_false;Loc_172:next,,无候选,,,0510051505,じゃ、学園祭の成功を祈って今日はパーッと騒ぐわよ！,T2521,Function_7,loc_11E0,loc_10F7:switch,loc_1601:jump
少匹配,エステル、ヨシュア君。明日はよろしく頼んだからね！,146,051,mp2071_02,EV_02_47_00,Loc_175,非TK,Loc_172:cond_false;Loc_172:next,,无候选,,,0510051506,エステル、ヨシュア君。明日はよろしく頼んだからね！,T2521,Function_7,loc_11E0,loc_10F7:switch,loc_1601:jump
少匹配,精一杯頑張らせてもらうよ。,1,002,mp2071_02,EV_02_47_00,Loc_175,非TK,Loc_172:cond_false;Loc_172:next,,无候选,,,0020051508,精一杯頑張らせてもらうよ。,T2521,Function_7,loc_11E0,loc_10F7:switch,loc_1601:jump
少匹配,……ウィオラ先生は確かに美人だ。,147,052,mp2071_02,SB_02_01_00,_entry,非TK,,,无候选,,,0520051407,……ウィオラ先生は確かに美人だ。,T2521,Function_9,loc_1D99,loc_1C46:switch,loc_217D:jump
少匹配,まあ、あえて異論を差しはさむつもりはないけど……,1,002,mp2071_02,SB_02_01_00,_entry,非TK,,,无候选,,,0020051411,まあ、あえて異論を差しはさむつもりはないけど……,T2521,Function_9,loc_1D99,loc_1C46:switch,loc_217D:jump
少匹配,べ、別に眼鏡をかけてればいいってわけじゃないんだよ。,147,052,mp2071_02,SB_02_01_00,_entry,非TK,,,无候选,,,0520051413,べ、別に眼鏡をかけてればいいってわけじゃないんだよ。,T2521,Function_9,loc_1D99,loc_1C46:switch,loc_217D:jump
少匹配,はは、ちょっと焦ってる？,1,002,mp2071_02,SB_02_01_00,_entry,非TK,,,无候选,,,0020051415,はは、ちょっと焦ってる？,T2521,Function_9,loc_1D99,loc_1C46:switch,loc_217D:jump
少匹配,だから、ありえないっての！,147,052,mp2071_02,SB_02_01_00,_entry,非TK,,,无候选,,,0520051416,だから、ありえないっての！,T2521,Function_9,loc_1D99,loc_1C46:switch,loc_217D:jump
少匹配,……そういうヨシュアこそエステルとどこまで行ってるんだ？,147,052,mp2071_02,SB_02_01_00,_entry,非TK,,,无候选,,,0520051421,……そういうヨシュアこそエステルとどこまで行ってるんだ？,T2521,Function_10,Function_10_217E,,loc_285C:cond_true;loc_28DB:jump;loc_285C:cond_false
少匹配,……あいにくだけど君の想像してることは何もないよ。,1,002,mp2071_02,SB_02_01_00,_entry,非TK,,,无候选,,,0020051423,……あいにくだけど君の想像してることは何もないよ。,T2521,Function_10,Function_10_217E,,loc_285C:cond_true;loc_28DB:jump;loc_285C:cond_false
少匹配,へえ……そうなのか。いいカップルだと思ったんだけど。,147,052,mp2071_02,SB_02_01_00,_entry,非TK,,,无候选,,,0520051425,へえ……そうなのか。いいカップルだと思ったんだけど。,T2521,Function_10,Function_10_217E,,loc_285C:cond_true;loc_28DB:jump;loc_285C:cond_false
少匹配,何を言ってるんだか……,1,002,mp2071_02,SB_02_01_00,_entry,非TK,,,无候选,,,0020051428,何を言ってるんだか……,T2521,Function_10,Function_10_217E,,loc_285C:cond_true;loc_28DB:jump;loc_285C:cond_false
少匹配,ええ、分かりました。,1,002,mp2071_02,QS210_00_00,Loc_191,非TK,Loc_190:cond_false;Loc_190:next,,无候选,,,0060171189,ええ、分かりました。,T2521_1,Function_0,loc_8DB,loc_57E:cond_true,loc_BF5:next
少匹配,最後の１冊もきっと学園の中にあるはずだ。,11072,193,mp2071_02,QS210_01_00,Loc_205,非TK,Loc_204:cond_false;Loc_204:next,Loc_206:cond_false;Loc_207:cond_false;Loc_208:jump,无候选,,,1930171218,最後の１冊もきっと学園の中にあるはずだ。,T2521_1,Function_1,loc_EDE,Function_1_BF9:cond_true;Function_1_BF9:cond_false,loc_F8A:cond_true;loc_105B:jump;loc_F8A:cond_false
少匹配,事情を知らずにあんたを見たら俺、ナンパしちゃいそうだもん❤,147,052,mp2071_03,EV_02_43_01,_entry,非TK,,,无候选,,,0520051178,事情を知らずにあんたを見たら俺、ナンパしちゃいそうだもん❤,,,,,
少匹配,おお、我ら二人の魂、女神もご照覧あれ！,11106,001,mp2071_03,EV_02_45_00,_entry,非TK,,,无候选,,,0010051284,おお、我ら二人の魂、空の女神もご照覧あれ！,T2533,Function_29,Function_29_2355,,
少匹配,いざ、尋常に勝負！,14,,mp2071_03,EV_02_45_00,_entry,非TK,,,无候选,,,0010051285|0010060610,いざ、尋常に勝負！|いざ、尋常に勝負！,T2533,Function_29,Function_29_2355,,
少匹配,やった～っ❤,11106,001,mp2071_03,EV_02_45_00,_entry,非TK,,,无候选,,,0010051289,やった〜っ❤,T2533,Function_29,Function_29_2355,,
少匹配,ついに一回も間違わずにここのシーンを乗り切ったわ！,11106,001,mp2071_03,EV_02_45_00,_entry,非TK,,,无候选,,,0010051290,ついに一回も間違わずにここのシーンを乗り切ったわ！,,,,,
少匹配,ふふ、迫真の演技でしたよ。,11107,006,mp2071_03,EV_02_45_00,_entry,非TK,,,无候选,,,0060051291,ふふ、迫真の演技でしたよ。,T2533,Function_29,Function_29_2355,,
少匹配,えへへ、クローゼにはぜんぜん敵わないけどね。,11106,001,mp2071_03,EV_02_45_00,_entry,非TK,,,无候选,,,0010051292,えへへ、クローゼにはぜんぜん敵（かな）わないけどね。,T2533,Function_29,Function_29_2355,,
少匹配,セリフを間違えたことほとんど無かったじゃない？,11106,001,mp2071_03,EV_02_45_00,_entry,非TK,,,无候选,,,0010051293,セリフを間違えたことほとんど無かったじゃない？,T2533,Function_29,Function_29_2355,,
少匹配,私はずいぶん前から台本に目を通していましたから。,11107,006,mp2071_03,EV_02_45_00,_entry,非TK,,,无候选,,,0060051294,私はずいぶん前から台本に目を通していましたから。,T2533,Function_29,Function_29_2355,,
少匹配,私もようやく、エステルさんの動きに付いていけそうです。,11107,006,mp2071_03,EV_02_45_00,_entry,非TK,,,无候选,,,0060051295,私もようやく、エステルさんの動きに付いていけそうです。,T2533,Function_29,Function_29_2355,,
少匹配,色々と、稽古をつけてくれて本当にありがとうございました。,11107,006,mp2071_03,EV_02_45_00,_entry,非TK,,,无候选,,,0060051296,色々と、稽古をつけてくれて本当にありがとうございました。,T2533,Function_29,Function_29_2355,,
少匹配,ううん、クローゼの場合は基本がしっかりしてたからね。,11106,001,mp2071_03,EV_02_45_00,_entry,非TK,,,无候选,,,0010051297,ううん、クローゼの場合は基本がしっかりしてたからね。,T2533,Function_29,Function_29_2355,,
少匹配,その気になれば、いつでも遊撃士資格を取れると思うよ？,11106,001,mp2071_03,EV_02_45_00,_entry,非TK,,,无候选,,,0010051298,その気になれば、いつでも遊撃士資格を取れると思うよ？,T2533,Function_29,Function_29_2355,,
少匹配,ふふ、おだてないで下さい。,11107,006,mp2071_03,EV_02_45_00,_entry,非TK,,,无候选,,,0060051299,ふふ、おだてないで下さい。,T2533,Function_29,Function_29_2355,,
少匹配,そうだったんだ……,0,001,mp0000_ev,QS010_07_00,_entry,非TK,,,无候选,,,0010051318|0010080541|0010101014|0010111339|0010111615|0010121619|0010130748,そうだったんだ……|そうだったんだ……|そうだったんだ……|そうだったんだ……|そうだったんだ……|そうだったんだ……|そうだったんだ……,T2533,Function_29,Function_29_20B9,,
少匹配,あたしも、出会うまでの事は良く知らなかったりするのよね。,11106,001,mp2071_03,EV_02_45_00,_entry,非TK,,,无候选,,,0010051340,あたしも、出会うまでの事はよく知らなかったりするのよね。,T2533,Function_29,Function_29_20B9,,
少匹配,つい先ほど学園長に呼ばれましたけど……,11107,006,mp2071_03,EV_02_45_00,_entry,非TK,,,无候选,,,0060051388,つい先程ほど学園長に呼ばれましたけど……,T2533,Function_29,Function_29_20B9,,
少匹配,抜け出して口説きに行くからさ❤,147,052,mp2071_03,EV_02_48_00,_entry,非TK,,Loc_217:cond_false;Loc_218:jump,无候选,,,0520060024,抜け出して口説きに行くからさ❤,,,,,
少匹配,……大変長らくお待たせしました。,20700,,mp2071_03,EV_02_48_00,Loc_220,非TK,Loc_218:jump;Loc_219:next,,无候选,,,1560060035,……大変長らくお待たせしました。,T2523,Function_11,loc_1925,Function_11_11FA:jump;loc_18C5:next,
少匹配,うっわ～……めちゃめちゃ人がいる～。,11106,001,mp2071_03,EV_02_51_01,_entry,非TK,,,无候选,,,0010060455,うっわ〜……めちゃめちゃ人がいる〜。,T2523,Function_12,Function_12_1A6B,,
少匹配,大丈夫ですよ、エステルさん。あれだけ練習したんですから。,11107,006,mp2071_03,EV_02_51_01,_entry,非TK,,,无候选,,,0060060457,大丈夫ですよ、エステルさん。あれだけ練習したんですから。,T2523,Function_12,Function_12_1A6B,,
少匹配,それに、劇が始まったら他のことは気にならなくなるさ。,11105,002,mp2071_03,EV_02_51_01,_entry,非TK,,,无候选,,,0020060458,それに、劇が始まったら他のことは気にならなくなるさ。,T2523,Function_12,Function_12_1A6B,,
少匹配,むっ、言ってくれるじゃない。,11106,001,mp2071_03,EV_02_51_01,_entry,非TK,,,无候选,,,0010060460,むっ、言ってくれるじゃない。,T2523,Function_12,Function_12_1A6B,,
少匹配,でもまあ、そのカッコじゃ何言われても腹は立たないけど❤,11106,001,mp2071_03,EV_02_51_01,_entry,非TK,,,无候选,,,0010060461,でもまあ、そのカッコじゃ何言われても腹は立たないけど❤,T2523,Function_12,Function_12_1A6B,,
少匹配,う……,11105,002,mp2071_03,EV_02_51_01,_entry,非TK,,,无候选,,,0020060462,う……,,,,,
少匹配,……大変お待たせしました。,146,051,mp2071_03,EV_02_52_00,_entry,非TK,,,无候选,,,1560060469,……大変お待たせしました。,T2523,Function_16,Function_16_22D7,,loc_2C32:next
少匹配,ただ今より、生徒会が主催する史劇、《白き花のマドリガル》を上演します。,146,051,mp2071_03,EV_02_52_00,_entry,非TK,,,无候选,,,1560060470,ただ今より、生徒会が主催する史劇、《白き花のマドリガル》を上演します。,T2523,Function_16,Function_16_22D7,,loc_2C32:next
少匹配,皆さま、最後までごゆっくりお楽しみください……,146,051,mp2071_03,EV_02_52_00,_entry,非TK,,,无候选,,,1560060471,皆さま、最後までごゆっくりお楽しみください……,T2523,Function_16,Function_16_22D7,,loc_2C32:next
少匹配,はあ～、どちらも素敵ですわ❤,11100,158,mp2071_03,EV_02_52_00,_entry,非TK,,,无候选,,,1570060498,はあ〜、どちらも素敵ですわ❤,,,,,
少匹配,あんたが目障りというさる高貴な方のご命令でなぁ。,11104,161,mp2071_03,EV_02_52_04,_entry,非TK,,,无候选,,,1610060572,あんたが目障りというさる高貴な方のご命令でなぁ。,T2523,Function_16,loc_2EB3,loc_2E8E:cond_true;loc_2E8E:jump,
少匹配,前払いも気前が良かったしてめえには死んでもらうぜっ！,11104,161,mp2071_03,EV_02_52_04,_entry,非TK,,,无候选,,,1610060573,前払いも気前が良かったしてめえには死んでもらうぜっ！,T2523,Function_16,loc_2EB3,loc_2E8E:cond_true;loc_2E8E:jump,
少匹配,まだ……判っていないようですね。,146,051,mp2071_03,EV_02_52_06,Loc_221,非TK,Loc_224:cond_false;Loc_222:jump,Loc_251:next,无候选,,,1650060689,まだ……判っていないようですね。,T2523,Function_17,loc_5923,loc_58FE:cond_true;loc_58FE:jump,
少匹配,……確かに私はあなたたちに器としての肉体を与えました。,146,051,mp2071_03,EV_02_52_06,Loc_221,非TK,Loc_224:cond_false;Loc_222:jump,Loc_251:next,无候选,,,1650060690,……確かに私はあなたたちに器としての肉体を与えました。,T2523,Function_17,loc_5923,loc_58FE:cond_true;loc_58FE:jump,
少匹配,しかし、人の子の魂はもっと気高く自由であれるはず。,146,051,mp2071_03,EV_02_52_06,Loc_221,非TK,Loc_224:cond_false;Loc_222:jump,Loc_251:next,无候选,,,1650060691,しかし、人の子の魂はもっと気高く自由であれるはず。,T2523,Function_17,loc_5923,loc_58FE:cond_true;loc_58FE:jump,
少匹配,それをおとしめているのは他ならぬ、あなたたち自身です。,146,051,mp2071_03,EV_02_52_06,Loc_221,非TK,Loc_224:cond_false;Loc_222:jump,Loc_251:next,无候选,,,1650060692,それをおとしめているのは他ならぬ、あなたたち自身です。,T2523,Function_17,loc_5923,loc_58FE:cond_true;loc_58FE:jump,
少匹配,若き騎士たちよ。,146,051,mp2071_03,EV_02_52_06,Loc_221,非TK,Loc_224:cond_false;Loc_222:jump,Loc_251:next,无候选,,,1650060699,若き騎士たちよ。,T2523,Function_17,loc_5923,loc_58FE:cond_true;loc_58FE:jump,
少匹配,あなたたちの勝負、私も見せてもらいました。,146,051,mp2071_03,EV_02_52_06,Loc_221,非TK,Loc_224:cond_false;Loc_222:jump,Loc_251:next,无候选,,,1650060700,あなたたちの勝負、私も見せてもらいました。,T2523,Function_17,loc_5923,loc_58FE:cond_true;loc_58FE:jump,
少匹配,なかなかの勇壮さでしたが……肝心なものが欠けていましたね。,146,051,mp2071_03,EV_02_52_06,Loc_221,非TK,Loc_224:cond_false;Loc_222:jump,Loc_251:next,无候选,,,1650060701,なかなかの勇壮さでしたが……肝心なものが欠けていましたね。,T2523,Function_17,loc_5923,loc_58FE:cond_true;loc_58FE:jump,
少匹配,議長よ……,146,051,mp2071_03,EV_02_52_06,Loc_221,非TK,Loc_224:cond_false;Loc_222:jump,Loc_251:next,无候选,,,1650060704,議長よ……,T2523,Function_17,loc_5923,loc_58FE:cond_true;loc_58FE:jump,
少匹配,あなたは、身分を憎むあまり貴族や王族が、同じ人である事を忘れてはいませんでしたか？,146,051,mp2071_03,EV_02_52_06,Loc_221,非TK,Loc_224:cond_false;Loc_222:jump,Loc_251:next,无候选,,,1650060705,あなたは、身分を憎むあまり貴族や王族が、同じ人である事を忘れてはいませんでしたか？,T2523,Function_17,loc_5923,loc_58FE:cond_true;loc_58FE:jump,
少匹配,そして公爵よ……,146,051,mp2071_03,EV_02_52_06,Loc_221,非TK,Loc_224:cond_false;Loc_222:jump,Loc_251:next,无候选,,,1650060707,そして公爵よ……,T2523,Function_17,loc_5923,loc_58FE:cond_true;loc_58FE:jump,
少匹配,あなたの罪は、あなた自身が一番良く判っているはずですね？,146,051,mp2071_03,EV_02_52_06,Loc_221,非TK,Loc_224:cond_false;Loc_222:jump,Loc_251:next,无候选,,,1650060708,あなたの罪は、あなた自身が一番良く判っているはずですね？,T2523,Function_17,loc_5923,loc_58FE:cond_true;loc_58FE:jump,
少匹配,そして、今回の事態を傍観するだけだった者たち……,146,051,mp2071_03,EV_02_52_06,Loc_221,非TK,Loc_224:cond_false;Loc_222:jump,Loc_251:next,无候选,,,1650060710,そして、今回の事態を傍観するだけだった者たち……,T2523,Function_17,loc_5923,loc_58FE:cond_true;loc_58FE:jump,
少匹配,あなたたちもまた大切なものが欠けていたはず。,146,051,mp2071_03,EV_02_52_06,Loc_221,非TK,Loc_224:cond_false;Loc_222:jump,Loc_251:next,无候选,,,1650060711,あなたたちもまた大切なものが欠けていたはず。,T2523,Function_17,loc_5923,loc_58FE:cond_true;loc_58FE:jump,
少匹配,胸に手を当てて考えてごらんなさい。,146,051,mp2071_03,EV_02_52_06,Loc_221,非TK,Loc_224:cond_false;Loc_222:jump,Loc_251:next,无候选,,,1650060712,胸に手を当てて考えてごらんなさい。,T2523,Function_17,loc_5923,loc_58FE:cond_true;loc_58FE:jump,
少匹配,ふふ、それぞれの心に思い当たる所があったようですね。,146,051,mp2071_03,EV_02_52_06,Loc_221,非TK,Loc_224:cond_false;Loc_222:jump,Loc_251:next,无候选,,,1650060713,ふふ、それぞれの心に思い当たる所があったようですね。,T2523,Function_17,loc_5923,loc_58FE:cond_true;loc_58FE:jump,
少匹配,ならば、リベールにはまだ未来が残されているでしょう。,146,051,mp2071_03,EV_02_52_06,Loc_221,非TK,Loc_224:cond_false;Loc_222:jump,Loc_251:next,无候选,,,1650060714,ならば、リベールにはまだ未来が残されているでしょう。,T2523,Function_17,loc_5923,loc_58FE:cond_true;loc_58FE:jump,
少匹配,今日という日のことを決して忘れる事がないように……,146,051,mp2071_03,EV_02_52_06,Loc_221,非TK,Loc_224:cond_false;Loc_222:jump,Loc_251:next,无候选,,,1650060715,今日という日のことを決して忘れる事がないように……,T2523,Function_17,loc_5923,loc_58FE:cond_true;loc_58FE:jump,
少匹配,おお、女神よ！,11101,159,mp2071_03,EV_02_52_06,Loc_221,非TK,Loc_224:cond_false;Loc_222:jump,Loc_251:next,无候选,,,1590060732,おお、女神（エイドス）よ！,T2523,Function_17,loc_5923,loc_58FE:cond_true;loc_58FE:jump,
少匹配,きゃあきゃあ❤,11099,157,mp2071_03,EV_02_52_06,Loc_221,非TK,Loc_224:cond_false;Loc_222:jump,Loc_251:next,无候选,,,1570060758,きゃあきゃあ❤,,,,,
少匹配,お２人ともお似合いです❤,11100,158,mp2071_03,EV_02_52_06,Loc_221,非TK,Loc_224:cond_false;Loc_222:jump,Loc_251:next,无候选,,,1580060759,お２人ともお似合いです❤,,,,,
少匹配,『お姉さま』なーんて呼ばれちゃったりして❤,146,051,mp2071_03,EV_02_53_00,_entry,非TK,,Loc_323:next,无候选,,,0510060781,『お姉さま』なーんて呼ばれちゃったりして❤,,,,,
少匹配,ああん、ユリウス様～❤,143,041,mp2071_03,EV_02_53_00,_entry,非TK,,Loc_323:next,无候选,,,0410060805,ああん、ユリウス様〜❤,,,,,
少匹配,やるな、ユリウス……！,14,,mp2071_03,MayaEvent02_52_06,Loc_227,非TK,Loc_226:cond_false;Loc_226:next,Loc_228:cond_false;Loc_228:next,无候选,,,0060060612,やるな、ユリウス……,T2523,Function_17,loc_5923,loc_58FE:cond_true;loc_58FE:jump,
少匹配,それはこちらの台詞だ。,14,,mp2071_03,MayaEvent02_52_06,Loc_227,非TK,Loc_226:cond_false;Loc_226:next,Loc_228:cond_false;Loc_228:next,无候选,,,0010060613,それはこちらの台詞だ。,T2523,Function_17,loc_5923,loc_58FE:cond_true;loc_58FE:jump,
少匹配,だが、どうやら……いまだ迷いがあるようだな！,14,,mp2071_03,MayaEvent02_52_06,Loc_227,非TK,Loc_226:cond_false;Loc_226:next,Loc_228:cond_false;Loc_228:next,无候选,,,0010060614,だが、どうやら……いまだ迷いがあるようだな！,T2523,Function_17,loc_5923,loc_58FE:cond_true;loc_58FE:jump,
少匹配,どうしたオスカー！お前の剣はそんなものか！？,14,,mp2071_03,MayaEvent02_52_06,Loc_227,非TK,Loc_226:cond_false;Loc_226:next,Loc_228:cond_false;Loc_228:next,无候选,,,0010060615,どうしたオスカー！お前の剣はそんなものか！？,T2523,Function_17,loc_5923,loc_58FE:cond_true;loc_58FE:jump,
少匹配,帝国を退けた武勲はその程度のものだったのか！,14,,mp2071_03,MayaEvent02_52_06,Loc_227,非TK,Loc_226:cond_false;Loc_226:next,Loc_228:cond_false;Loc_228:next,无候选,,,0010060616,帝国を退けた武勲はその程度のものだったのか！,T2523,Function_17,loc_5923,loc_58FE:cond_true;loc_58FE:jump,
少匹配,おおおおおおおおおっ！,14,,mp2071_03,MayaEvent02_52_06,Loc_227,非TK,Loc_226:cond_false;Loc_226:next,Loc_228:cond_false;Loc_228:next,无候选,,,0060060618,おおおおおおおおおっ！,T2523,Function_17,loc_5923,loc_58FE:cond_true;loc_58FE:jump,
少匹配,だめ────────っ！！,14,,mp2071_03,MayaEvent02_52_06_02,Loc_237,非TK,Loc_236:cond_false;Loc_236:next,Loc_238:cond_false;Loc_238:next,无候选,,,0020060645,だめ────────っ！！,T2523,Function_17,loc_5923,loc_58FE:cond_true;loc_58FE:jump,
少匹配,セ……シリア……？,14,,mp2071_03,MayaEvent02_52_06_02,Loc_239,非TK,Loc_238:cond_false;Loc_238:next,Loc_240:cond_false;Loc_240:next,无候选,,,0060060648,セ……シリア……？,T2523,Function_17,loc_5923,loc_58FE:cond_true;loc_58FE:jump,
少匹配,うん？,11538,201,mp2082_01,QS208_03_00,_entry,非TK,,Loc_162:cond_false;Loc_163:cond_false;Loc_164:jump,无候选,,,0640170717,うん？,T2710_1,Function_11,Function_11_E85,,loc_1CD9:switch;loc_238C:switch;loc_2E01:switch
少匹配,大至急、宿泊の準備しろ。,120,064,mp2082_01,QS208_03_00,Loc_165,非TK,Loc_164:jump;Loc_170:jump;Loc_168:next,Loc_171:cond_false;Loc_172:jump,无候选,,,0640170748,大至急、宿泊の準備しろ。,T2710_1,Function_14,loc_2EF3,Function_14_2E5B:switch,loc_35F2:jump
少匹配,ルーアンのホテルに連絡しこの関所までベッドを届けさせるのだ。,120,064,mp2082_01,QS208_03_00,Loc_165,非TK,Loc_164:jump;Loc_170:jump;Loc_168:next,Loc_171:cond_false;Loc_172:jump,无候选,,,0640170749,ルーアンのホテルに連絡しこの関所までベッドを届けさせるのだ。,T2710_1,Function_14,loc_2EF3,Function_14_2E5B:switch,loc_35F2:jump
少匹配,合わせて、一流の料理人と新鮮な食材も忘れずにな。,120,064,mp2082_01,QS208_03_00,Loc_165,非TK,Loc_164:jump;Loc_170:jump;Loc_168:next,Loc_171:cond_false;Loc_172:jump,无候选,,,0640170750,合わせて、一流の料理人と新鮮な食材も忘れずにな。,T2710_1,Function_14,loc_2EF3,Function_14_2E5B:switch,loc_35F2:jump
少匹配,皆を助けるためだったんだ。女神も許してくれるはずさ。,11088,187,mp2082_01,QS208_04_00,Loc_193,非TK,Loc_192:cond_false;Loc_192:next,Loc_194:cond_false;Loc_195:jump,无候选,,,1870170873,皆を助けるためだったんだ。女神（エイドス）も許してくれるはずさ。,T2710_1,Function_23,Function_23_420A,,
少匹配,うん、それじゃあね。,0,001,mp2010_07,TK_PREMIO,Loc_91,TK,Loc_86:jump;Loc_90:next,Loc_92:cond_false;Loc_93:jump,无候选,,,0010170876,うん、それじゃあね。,T2710_1,Function_24,Function_24_48FD,,
少匹配,やあ、遊撃士の諸君。,107,010,mp2090,EV_02_69_01,_entry,非TK,,,无候选,,,0100061789,やあ、遊撃士の諸君。,,,,,
少匹配,諸君の協力に感謝する。後のことは我々に任せてほしい。,107,010,mp2090,EV_02_69_01,_entry,非TK,,,无候选,,,0100061790,諸君の協力を感謝する。後のことは我々に任せてほしい。,,,,,
少匹配,くっ……しつこいヤツらだ……,14,,mp2090,MayaEvent02_69_01_01,Loc_5,非TK,Loc_4:cond_false;Loc_4:jump,Loc_6:cond_false;Loc_6:jump,无候选,,,0490061748,くっ……しつこいヤツらだ……,T2103,Function_2,Function_2_1B9,,
少匹配,これでも喰らえっ！,14,,mp2090,MayaEvent02_69_01_01,Loc_5,非TK,Loc_4:cond_false;Loc_4:jump,Loc_6:cond_false;Loc_6:jump,无候选,,,0490061749,これでも喰らえっ！,T2103,Function_2,Function_2_1B9,,
少匹配,とりゃあっ！,14,,mp2090,MayaEvent02_69_01_01,Loc_5,非TK,Loc_4:cond_false;Loc_4:jump,Loc_6:cond_false;Loc_6:jump,无候选,,,0010061750,とりゃあっ！,T2103,Function_2,Function_2_1B9,,
少匹配,な、なにいい！！,14,,mp2090,MayaEvent02_69_01_01,Loc_6,非TK,Loc_5:cond_false;Loc_5:jump,Loc_7:cond_false;Loc_7:jump,无候选,,,0490061751,な、なにいい！！,T2103,Function_2,Function_2_1B9,,
少匹配,ふふん、遊撃士を舐めんじゃないわよっ！,14,,mp2090,MayaEvent02_69_01_01,Loc_7,非TK,Loc_6:cond_false;Loc_6:jump,Loc_8:cond_false;Loc_8:jump,无候选,,,0010061752,ふふん、遊撃士を舐めんじゃないわよっ！,T2103,Function_2,Function_2_1B9,,
少匹配,ヨシュア、そのまま右側につけちゃって！,14,,mp2090,MayaEvent02_69_01_01,Loc_7,非TK,Loc_6:cond_false;Loc_6:jump,Loc_8:cond_false;Loc_8:jump,无候选,,,0010061753,ヨシュア、そのまま右側につけちゃって！,T2103,Function_2,Function_2_1B9,,
少匹配,……あれっ？,14,,mp2090,MayaEvent02_69_01_01,Loc_7,非TK,Loc_6:cond_false;Loc_6:jump,Loc_8:cond_false;Loc_8:jump,无候选,,,0020061755,……あれっ？,T2103,Function_2,Function_2_1B9,,
少匹配,い、いきなり速くなった！？,14,,mp2090,MayaEvent02_69_01_01,Loc_7,非TK,Loc_6:cond_false;Loc_6:jump,Loc_8:cond_false;Loc_8:jump,无候选,,,0010061756,い、いきなり速くなった！？,T2103,Function_2,Function_2_1B9,,
少匹配,これは……沖合いを流れる風です！,14,,mp2090,MayaEvent02_69_01_01,Loc_7,非TK,Loc_6:cond_false;Loc_6:jump,Loc_8:cond_false;Loc_8:jump,无候选,,,0060061757,これは……沖合いを流れる風です！,T2103,Function_2,Function_2_1B9,,
少匹配,まずいな、こうなったらヨットの方が断然有利だ……,14,,mp2090,MayaEvent02_69_01_01,Loc_7,非TK,Loc_6:cond_false;Loc_6:jump,Loc_8:cond_false;Loc_8:jump,无候选,,,0020061758,まずいな、こうなったらヨットの方が断然有利だ……,T2103,Function_2,Function_2_1B9,,
少匹配,わはは、女神は私の方に微笑みかけてくれたようだな！,14,,mp2090,MayaEvent02_69_01_01,Loc_8,非TK,Loc_7:cond_false;Loc_7:jump,Loc_9:cond_false;Loc_9:next,无候选,,,0490061760,わはは、女神（エイドス）は私の方に微笑みかけてくれたようだな！,T2103,Function_2,Function_2_1B9,,
少匹配,それではさらばだ、小娘ども！,14,,mp2090,MayaEvent02_69_01_01,Loc_8,非TK,Loc_7:cond_false;Loc_7:jump,Loc_9:cond_false;Loc_9:next,无候选,,,0490061761,それではさらばだ、小娘ども！,T2103,Function_2,Function_2_1B9,,
少匹配,冗談じゃないわよ！あと一歩のところで～っ！,14,,mp2090,MayaEvent02_69_01_01,Loc_8,非TK,Loc_7:cond_false;Loc_7:jump,Loc_9:cond_false;Loc_9:next,无候选,,,0010061762,冗談じゃないわよ！あと一歩のところで〜っ！,T2103,Function_2,Function_2_1B9,,
少匹配,このままだと高飛びされかねない……,14,,mp2090,MayaEvent02_69_01_01,Loc_8,非TK,Loc_7:cond_false;Loc_7:jump,Loc_9:cond_false;Loc_9:next,无候选,,,0020061763,このままだと高飛びされかねない……,T2103,Function_2,Function_2_1B9,,
少匹配,なにか手段は……,14,,mp2090,MayaEvent02_69_01_01,Loc_8,非TK,Loc_7:cond_false;Loc_7:jump,Loc_9:cond_false;Loc_9:next,无候选,,,0020061764,なにか手段は……,T2103,Function_2,Function_2_1B9,,
少匹配,……来た。,14,,mp2090,MayaEvent02_69_01_01,Loc_8,非TK,Loc_7:cond_false;Loc_7:jump,Loc_9:cond_false;Loc_9:next,无候选,,,0060061766,……来た。,T2103,Function_2,Function_2_1B9,,
少匹配,フン、逃げたはいいがこれからどうしたものか……,14,,mp2090,MayaEvent02_69_01_02,Loc_20,非TK,Loc_19:cond_false;Loc_19:next,Loc_21:cond_false;Loc_21:jump,无候选,,,0490061767,フン、逃げたはいいがこれからどうしたものか……,T2103,Function_2,Function_2_1B9,,
少匹配,やはり、軍の手が回る前に帝国に高飛びするしかないか。,14,,mp2090,MayaEvent02_69_01_02,Loc_20,非TK,Loc_19:cond_false;Loc_19:next,Loc_21:cond_false;Loc_21:jump,无候选,,,0490061768,やはり、軍の手が回る前に帝国に高飛びするしかないか。,T2103,Function_2,Function_2_1B9,,
少匹配,なあに、しばらく我慢すれば『彼』が何とかしてくれる……,14,,mp2090,MayaEvent02_69_01_02,Loc_20,非TK,Loc_19:cond_false;Loc_19:next,Loc_21:cond_false;Loc_21:jump,无候选,,,0490061769,なあに、しばらく我慢すれば『彼』が何とかしてくれる……,T2103,Function_2,Function_2_1B9,,
少匹配,な、な、なああああああっ！？,14,,mp2090,MayaEvent02_69_01_02,Loc_20,非TK,Loc_19:cond_false;Loc_19:next,Loc_21:cond_false;Loc_21:jump,无候选,,,0490061770,な、な、なああああああっ！？,T2103,Function_2,Function_2_1B9,,
少匹配,うわあああっ！！,14,,mp2090,MayaEvent02_69_01_02,Loc_20,非TK,Loc_19:cond_false;Loc_19:next,Loc_21:cond_false;Loc_21:jump,无候选,,,0490061772,うわあああっ！！,T2103,Function_2,Function_2_1B9,,
少匹配,な、なんだこの飛行船は！,14,,mp2090,MayaEvent02_69_01_02,Loc_20,非TK,Loc_19:cond_false;Loc_19:next,Loc_21:cond_false;Loc_21:jump,无候选,,,0490061773,な、なんだこの飛行船は！,T2104,Function_2,Function_2_1E1,,
少匹配,王国軍の……いや、この紋章は……,14,,mp2090,MayaEvent02_69_01_02,Loc_20,非TK,Loc_19:cond_false;Loc_19:next,Loc_21:cond_false;Loc_21:jump,无候选,,,0490061774,王国軍の……いや、この紋章は……,T2104,Function_2,Function_2_1E1,,
少匹配,……王室親衛隊所属。高速巡洋艦《アルセイユ》。,107,010,mp2090,MayaEvent02_69_01_02,Loc_20,非TK,Loc_19:cond_false;Loc_19:next,Loc_21:cond_false;Loc_21:jump,无候选,,,0100061775,……王室親衛隊所属。高速巡洋艦《アルセイユ》。,T2104,Function_2,Function_2_1E1,,
少匹配,やれやれ……何とか間に合ったみたいだな。,14,,mp2090,MayaEvent02_69_01_02,Loc_21,非TK,Loc_20:cond_false;Loc_20:jump,Loc_22:cond_false;Loc_22:next,无候选,,,0100061777,やれやれ……何とか間に合ったみたいだな。,T2104,Function_2,Function_2_1E1,,
少匹配,あ、君たち……,11533,206,mp3000,TK_BRAM,Loc_687,TK,,Loc_693:cond_false;Loc_694:cond_false;Loc_695:cond_false;Loc_696:cond_false;Loc_697:cond_false;Loc_698:jump,无候选,,,2050180368,あ、君たち……,T3300,Function_9,loc_1081,loc_1006:cond_true;loc_1006:cond_false,loc_1109:next
少匹配,うん、届けて来たわよ。,0,001,mp3000,TK_BRAM,Loc_687,TK,,Loc_693:cond_false;Loc_694:cond_false;Loc_695:cond_false;Loc_696:cond_false;Loc_697:cond_false;Loc_698:jump,多候选,0010180370,0010180370|0010180372,0010180372,うん、届けて来たわよ。,T3300,Function_9,loc_F83,loc_EFB:cond_true;loc_EFB:cond_false,loc_F9B:next
少匹配,おう、遅いのにすまねえな。,130,056,mp3000,TK_GUSTAVUS,Loc_779,TK,Loc_778:cond_false,Loc_780:cond_false;Loc_777:jump,多候选,0560090614,0560090614|0560091531,0560091531,おう、遅いのにすまねえな。,T3105,Function_8,Function_8_F5E,,loc_FF8:cond_true;loc_11B5:jump;loc_FF8:cond_false
少匹配,まあ、いつも通り事故のないようにお願いするぜ。,130,056,mp3000,TK_GUSTAVUS,Loc_779,TK,Loc_778:cond_false,Loc_780:cond_false;Loc_777:jump,多候选,0560090616,0560090616|0560091533,0560091533,まあ、いつも通り事故のないようにお願いするぜ。,T3105,Function_8,Function_8_F5E,,loc_FF8:cond_true;loc_11B5:jump;loc_FF8:cond_false
少匹配,おう、ティータ坊。気ィつけていくんだぞ。,130,056,mp3000,TK_GUSTAVUS,Loc_789,TK,Loc_787:cond_false,Loc_790:next,多候选,0560090629,0560090629|0560071605,0560071605,おう、ティータ坊。気ィつけていくんだぞ。,T3105,Function_8,loc_10BF,loc_FF8:cond_true;loc_FF8:cond_false,loc_11B5:cond_true;loc_10F1:cond_true;loc_11B5:jump;loc_10F1:cond_false
少匹配,用意が出来しだい、またここに来てくれたまえ。,132,055,mp3000,TK_MORDOG,Loc_804,TK,,Loc_806:cond_false;Loc_807:cond_false;Loc_808:jump,多候选,0550090598,0550090598|0550090602,0550090602,用意が出来しだい、またここに来てくれたまえ。,T3105,Function_11,loc_3198,loc_311E:cond_true;loc_311E:cond_false,loc_3270:next
少匹配,ん……なんだァ、嬢ちゃんたちは？,130,056,mp3000_ev,EV_03_23_00,_entry,非TK,,Loc_73:cond_false;Loc_74:jump,无候选,,,0560071427,ん……なんだァ、嬢ちゃんたちは？,T3102,Function_13,loc_53E2,Function_13_5356:cond_true;Function_13_5356:cond_false,loc_543A:next
少匹配,いや……何でもないよ。,1,002,mp3000_ev,EV_03_23_00,Loc_76,非TK,Loc_74:jump;Loc_75:next,Loc_77:cond_false;Loc_78:jump,无候选,,,0020071461|0020071463,いや……何でもないよ。|いや……何でもないよ。,T3102,Function_15,loc_5DD5,loc_5B45:jump;loc_5D71:next,loc_5E61:next
少匹配,目的の品も手に入ったし、そろそろ博士の所に戻ろうか？,1,002,mp3000_ev,EV_03_23_00,Loc_76,非TK,Loc_74:jump;Loc_75:next,Loc_77:cond_false;Loc_78:jump,无候选,,,0020071462,目的の品も手に入ったし、そろそろ博士の所に戻ろうか？,T3105,Function_15,loc_3C9D,loc_3701:jump;loc_3BD9:next,loc_3EBF:cond_true;loc_3F0A:jump;loc_3EBF:cond_false
少匹配,残りはガソリンだね。地下にある工場に行こうか？,1,002,mp3000_ev,EV_03_23_00,Loc_77,非TK,Loc_76:cond_false,Loc_78:next,无候选,,,0020071464,残りはガソリンだね。地下にある工場に行こうか？,T3105,Function_15,loc_3EBF,loc_3C9D:cond_true;loc_3C9D:cond_false,loc_3F0A:next
少匹配,ふえ～ん……！やだやだ、助けて～～～っ！,123,028,mp3000_ev,EV_03_33_00,_entry,非TK,,,无候选,,,0280080152,ふえ〜ん……！やだやだ、助けて〜〜〜っ！,R3101,Function_3,Function_3_A72,,
少匹配,女神さまぁ！お父さん、お母さ～ん！,123,028,mp3000_ev,EV_03_33_00,_entry,非TK,,,无候选,,,0280080155,女神（エイドス）さまぁ！お父さん、お母さ〜ん！,R3101,Function_4,Function_4_C7F,,loc_212E:cond_true;loc_17E1:switch;loc_17E4:switch;loc_17E1:cond_false
少匹配,ナイアルせんぱ～い！たすけてくださいよ～！,123,028,mp3000_ev,EV_03_33_00,_entry,非TK,,,无候选,,,0280080156,ナイアルせんぱ〜い！たすけてくださいよ〜！,R3101,Function_4,Function_4_C7F,,loc_212E:cond_true;loc_17E1:switch;loc_17E4:switch;loc_17E1:cond_false
少匹配,ガクッ……,0,001,mp3000_ev,EV_03_33_00,_entry,非TK,,,无候选,,,0010080170|0010080437|0080081466,ガクッ……|ガクッ……|ガクッ……,R3101,Function_4,Function_4_C7F,,loc_212E:cond_true;loc_17E1:switch;loc_17E4:switch;loc_17E1:cond_false
少匹配,（………………………）,0,001,mp3000_ev,EV_03_39_02,_entry,非TK,,,无候选,,,0010080469,（………………………）,T3201,Function_15,Function_15_1F7A,,
少匹配,（ええい、悩むのやめっ！  あたしのキャラじゃないしっ！）,0,001,mp3000_ev,EV_03_39_02,_entry,非TK,,,无候选,,,0010080470,（ええい、悩むのやめっ！あたしのキャラじゃないしっ！）,T3201,Function_15,Function_15_1F7A,,
少匹配,は～っ、いい気持ち～！,0,001,mp3000_ev,EV_03_39_02,_entry,非TK,,,无候选,,,0010080471,は〜っ、いい気持ち〜！,T3201,Function_15,Function_15_1F7A,,
少匹配,中のお風呂もよかったけど外のはまたカクベツよねぇ。,0,001,mp3000_ev,EV_03_39_02,_entry,非TK,,,无候选,,,0010080472,中のお風呂もよかったけど外のはまたカクベツよねぇ。,T3201,Function_15,Function_15_1F7A,,
少匹配,うーん。広くてのびのびできるし……,0,001,mp3000_ev,EV_03_39_02,_entry,非TK,,,无候选,,,0010080473,うーん。広くてのびのびできるし……,T3201,Function_15,Function_15_1F7A,,
少匹配,……言っておくけど泳いだりしたらダメだからね。,1,002,mp3000_ev,EV_03_39_02,_entry,非TK,,,无候选,,,0020080474,……言っておくけど泳いだりしたらダメだからね。,T3201,Function_15,Function_15_1F7A,,
少匹配,ギクッ……そんなことしないわよ！,0,001,mp3000_ev,EV_03_39_02,_entry,非TK,,,无候选,,,0010080475,ギクッ……そんなことしないわよ！,T3201,Function_15,Function_15_1F7A,,
少匹配,やあ、エステル。お先に入らせてもらってるよ。,1,002,mp3000_ev,EV_03_39_02,_entry,非TK,,,无候选,,,0020080478,やあ、エステル。お先に入らせてもらってるよ。,T3201,Function_15,Function_15_1F7A,,
少匹配,はは……この格好だとさすがにちょっと照れるね。,1,002,mp3000_ev,EV_03_39_02,_entry,非TK,,,无候选,,,0020080479,はは……この格好だとさすがにちょっと照れるね。,T3201,Function_15,Function_15_1F7A,,
少匹配,で、でも温泉って思った以上に効果があるね。,1,002,mp3000_ev,EV_03_39_02,_entry,非TK,,,无候选,,,0020080481,で、でも温泉って思った以上に効果があるね。,T3201,Function_15,Function_15_1F7A,,
少匹配,傷にも良さそうだし、体の芯から疲れが取れそうだ。,1,002,mp3000_ev,EV_03_39_02,_entry,非TK,,,无候选,,,0020080482,傷にも良さそうだし、体の芯から疲れが取れそうだ。,T3201,Function_15,Function_15_1F7A,,
少匹配,遊撃士稼業にはぴったりかもしれないな。,1,002,mp3000_ev,EV_03_39_02,_entry,非TK,,,无候选,,,0020080483,遊撃士稼業にはぴったりかもしれないな。,T3201,Function_15,Function_15_1F7A,,
少匹配,………………………………………………………………………………………,0,001,mp3000_ev,EV_03_39_02,_entry,非TK,,,无候选,,,0010080484,………………………………………………………………………………………,T3201,Function_15,Function_15_1F7A,,
少匹配,こういう状況で黙られると落ち着かないんですけど……,1,002,mp3000_ev,EV_03_39_02,_entry,非TK,,,无候选,,,0020080486,こういう状況で黙られると落ち着かないんですけど……,T3201,Function_15,Function_15_1F7A,,
少匹配,え、う、あ……,0,001,mp3000_ev,EV_03_39_02,_entry,非TK,,,无候选,,,0010080487,え、う、あ……,T3201,Function_15,Function_15_1F7A,,
少匹配,ものすごい悲鳴がしたから何かと思って飛んできてみれば……,129,057,mp3000_ev,EV_03_39_03,_entry,非TK,,,无候选,,,0570080489,ものすごい悲鳴がしたから何かと思って飛んできてみれば……,T3201,Function_15,Function_15_1F7A,,
少匹配,まったく人騒がせな娘だねぇ。,129,057,mp3000_ev,EV_03_39_03,_entry,非TK,,,无候选,,,0570080490,まったく人騒がせな娘だねぇ。,T3201,Function_15,Function_15_1F7A,,
少匹配,うう……スミマセン。,0,001,mp3000_ev,EV_03_39_03,_entry,非TK,,,无候选,,,0010080491,うう……スミマセン。,T3201,Function_15,Function_15_1F7A,,
少匹配,いいかい。この露天風呂は混浴なんだ。,129,057,mp3000_ev,EV_03_39_03,_entry,非TK,,,无候选,,,0570080492,いいかい。この露天風呂は混浴なんだ。,T3201,Function_15,Function_15_1F7A,,
少匹配,脱衣場の張り紙にでっかく書いてあっただろう？,129,057,mp3000_ev,EV_03_39_03,_entry,非TK,,,无候选,,,0570080493,脱衣場の張り紙にでっかく書いてあっただろう？,T3201,Function_15,Function_15_1F7A,,
少匹配,あう……,0,001,mp3000_ev,EV_03_39_03,_entry,非TK,,,无候选,,,0010080494,あう……,T3201,Function_15,Function_15_1F7A,,
少匹配,……要するにまったく見てなかったんだね。,1,002,mp3000_ev,EV_03_39_03,_entry,非TK,,,无候选,,,0020080495,……要するにまったく見てなかったんだね。,T3201,Function_15,Function_15_1F7A,,
少匹配,だいいち、裸の一つや二つ、見られたからって騒ぐんじゃないよ。,129,057,mp3000_ev,EV_03_39_03,_entry,非TK,,,无候选,,,0570080496,だいいち、裸の一つや二つ、見られたからって騒ぐんじゃないよ。,T3201,Function_15,Function_15_1F7A,,
少匹配,そ、そうなのー！？,6,007,mp3000_ev,EV_03_39_03,_entry,非TK,,,无候选,,,0070080498,そ、そうなのー！？,T3201,Function_15,Function_15_1F7A,,
少匹配,そこ、信じちゃダメ！,0,001,mp3000_ev,EV_03_39_03,_entry,非TK,,,无候选,,,0010080499,そこ、信じちゃダメ！,T3201,Function_15,Function_15_1F7A,,
少匹配,ていうか、そもそも裸は見られてないもんっ！,0,001,mp3000_ev,EV_03_39_03,_entry,非TK,,,无候选,,,0010080500,ていうか、そもそも裸は見られてないもんっ！,T3201,Function_15,Function_15_1F7A,,
少匹配,まあ、それはともかく風呂くらい仲良くお入り。,129,057,mp3000_ev,EV_03_39_03,_entry,非TK,,,无候选,,,0570080501,まあ、それはともかく風呂くらい仲良くお入り。,T3201,Function_15,Function_15_1F7A,,
少匹配,ここは本来、家族で入れるように混浴にしてあるんだからね。,129,057,mp3000_ev,EV_03_39_03,_entry,非TK,,,无候选,,,0570080502,ここは本来、家族で入れるように混浴にしてあるんだからね。,T3201,Function_15,Function_15_1F7A,,
少匹配,それじゃあ、アタシは行くよ。,129,057,mp3000_ev,EV_03_39_03,_entry,非TK,,,无候选,,,0570080503,それじゃあ、アタシは行くよ。,T3201,Function_15,Function_15_1F7A,,
少匹配,は～……なんか思いっきり疲れた……,0,001,mp3000_ev,EV_03_39_03,_entry,非TK,,,无候选,,,0010080504,は〜……なんか思いっきり疲れた……,T3201,Function_15,Function_15_1F7A,,
少匹配,う～っ、それもこれも全部、ヨシュアのせいなんだからっ！,0,001,mp3000_ev,EV_03_39_03,_entry,非TK,,,无候选,,,0010080505,う〜っ、それもこれも全部、ヨシュアのせいなんだからっ！,T3201,Function_15,Function_15_1F7A,,
少匹配,なんで僕が……,1,002,mp3000_ev,EV_03_39_03,_entry,非TK,,,无候选,,,0020080506,なんで僕が……,T3201,Function_15,Function_15_1F7A,,
少匹配,結局、エステルが一人で大騒ぎしてただけじゃないか。,1,002,mp3000_ev,EV_03_39_03,_entry,非TK,,,无候选,,,0020080507,結局、エステルが一人で大騒ぎしてただけじゃないか。,T3201,Function_15,Function_15_1F7A,,
少匹配,脱衣場の張り紙も見てないし、日頃の注意が足りない証拠だね。,1,002,mp3000_ev,EV_03_39_03,_entry,非TK,,,无候选,,,0020080508,脱衣場の張り紙も見てないし、日頃の注意が足りない証拠だね。,T3201,Function_15,Function_15_1F7A,,
少匹配,よ、よけーなお世話！,0,001,mp3000_ev,EV_03_39_03,_entry,非TK,,,无候选,,,0010080509,よ、よけーなお世話！,T3201,Function_15,Function_15_1F7A,,
少匹配,ほんとにもう、可愛くないんだからっ！,0,001,mp3000_ev,EV_03_39_03,_entry,非TK,,,无候选,,,0010080510,ほんとにもう、可愛くないんだからっ！,T3201,Function_15,Function_15_1F7A,,
少匹配,あー、そうですか。,1,002,mp3000_ev,EV_03_39_03,_entry,非TK,,,无候选,,,0020080511,あー、そうですか。,T3201,Function_15,Function_15_1F7A,,
少匹配,いいよ、別に。,1,002,mp3000_ev,EV_03_39_03,_entry,非TK,,,无候选,,,0020080512,いいよ、別に。,T3201,Function_15,Function_15_1F7A,,
少匹配,君に可愛いと思われたって嬉しくもなんともないからね。,1,002,mp3000_ev,EV_03_39_03,_entry,非TK,,,无候选,,,0020080513,君に可愛いと思われたって嬉しくもなんともないからね。,T3201,Function_15,Function_15_1F7A,,
少匹配,大体、なんだよ。人を見るなり悲鳴を上げて……,1,002,mp3000_ev,EV_03_39_03,_entry,非TK,,,无候选,,,0020080515,大体、なんだよ。人を見るなり悲鳴を上げて……,T3201,Function_15,Function_15_1F7A,,
少匹配,そんな反応をされるなんて……夢にも思わなかったよ。,1,002,mp3000_ev,EV_03_39_03,_entry,非TK,,,无候选,,,0020080516,そんな反応をされるなんて……夢にも思わなかったよ。,T3201,Function_15,Function_15_1F7A,,
少匹配,あ……あれはその……あまりにもタイミングが……,0,001,mp3000_ev,EV_03_39_03,_entry,非TK,,,无候选,,,0010080517,あ……あれはその……あまりにもタイミングが……,T3201,Function_15,Function_15_1F7A,,
少匹配,別にヨシュアと一緒がイヤってわけじゃないからね？,0,001,mp3000_ev,EV_03_39_03,_entry,非TK,,,无候选,,,0010080518,別にヨシュアと一緒がイヤってわけじゃないからね？,T3201,Function_15,Function_15_1F7A,,
少匹配,いいよ、無理しないで。,1,002,mp3000_ev,EV_03_39_03,_entry,非TK,,,无候选,,,0020080519,いいよ、無理しないで。,T3201,Function_15,Function_15_1F7A,,
少匹配,僕はもう上がるから２人でゆっくり入っていきなよ。,1,002,mp3000_ev,EV_03_39_03,_entry,非TK,,,无候选,,,0020080520,僕はもう上がるから２人でゆっくり入っていきなよ。,T3201,Function_15,Function_15_1F7A,,
少匹配,無理してるなんて一言も言ってないでしょっ！,0,001,mp3000_ev,EV_03_39_03,_entry,非TK,,,无候选,,,0010080521,無理してるなんて一言も言ってないでしょっ！,T3201,Function_15,Function_15_1F7A,,
少匹配,ヨシュアのバカっ！,0,001,mp3000_ev,EV_03_39_03,_entry,非TK,,,无候选,,,0010080522,ヨシュアのバカっ！,T3201,Function_15,Function_15_1F7A,,
少匹配,む……バカはどっちさ。,1,002,mp3000_ev,EV_03_39_03,_entry,非TK,,,无候选,,,0020080523,む……バカはどっちさ。,T3201,Function_15,Function_15_1F7A,,
少匹配,ほ、ほら！,0,001,mp3000_ev,EV_03_39_03,_entry,非TK,,,无候选,,,0010080525,ほ、ほら！,T3201,Function_15,Function_15_1F7A,,
少匹配,ティータちゃんにも笑われちゃったじゃない！,0,001,mp3000_ev,EV_03_39_03,_entry,非TK,,,无候选,,,0010080526,ティータちゃんにも笑われちゃったじゃない！,T3201,Function_15,Function_15_1F7A,,
少匹配,だからなんで僕が……,1,002,mp3000_ev,EV_03_39_03,_entry,非TK,,,无候选,,,0020080527,だからなんで僕が……,T3201,Function_15,Function_15_1F7A,,
少匹配,ご、ごめんね。みっともないところ見せて。,1,002,mp3000_ev,EV_03_39_03,_entry,非TK,,,无候选,,,0020080528,ご、ごめんね。みっともないところ見せて。,T3201,Function_15,Function_15_1F7A,,
少匹配,あ、ううん。笑ったりしてごめんなさい。,6,007,mp3000_ev,EV_03_39_03,_entry,非TK,,,无候选,,,0070080529,あ、ううん。笑ったりしてごめんなさい。,T3201,Function_15,Function_15_1F7A,,
少匹配,ただ……うらやましいなって思って……,6,007,mp3000_ev,EV_03_39_03,_entry,非TK,,,无候选,,,0070080530,ただ……うらやましいなって思って……,T3201,Function_15,Function_15_1F7A,,
少匹配,う、うらやましい？,0,001,mp3000_ev,EV_03_39_03,_entry,非TK,,,无候选,,,0010080531,う、うらやましい？,T3201,Function_15,Function_15_1F7A,,
少匹配,えっと……どうして？,1,002,mp3000_ev,EV_03_39_03,_entry,非TK,,,无候选,,,0020080532,えっと……どうして？,T3201,Function_15,Function_15_1F7A,,
少匹配,わたし、兄弟がいないからケンカとかしたことないんです。,6,007,mp3000_ev,EV_03_39_03,_entry,非TK,,,无候选,,,0070080533,わたし、兄弟がいないからケンカとかしたことないんです。,T3201,Function_15,Function_15_1F7A,,
少匹配,おじいちゃんは優しいからあんまり叱られたことないし……,6,007,mp3000_ev,EV_03_39_03,_entry,非TK,,,无候选,,,0070080534,おじいちゃんは優しいからあんまり叱られたことないし……,T3201,Function_15,Function_15_1F7A,,
少匹配,お父さんと、お母さんとはあんまり一緒にいられないから……,6,007,mp3000_ev,EV_03_39_03,_entry,非TK,,,无候选,,,0070080535,お父さんと、お母さんとはあんまり一緒にいられないから……,T3201,Function_15,Function_15_1F7A,,
少匹配,あの、ティータちゃんのお父さんとお母さんって……？,1,002,mp3000_ev,EV_03_39_03,_entry,非TK,,,无候选,,,0020080537,あの、ティータちゃんのお父さんとお母さんって……？,T3201,Function_15,Function_15_1F7A,,
少匹配,２人とも、導力技術者でずっと外国に行ってるんです。,6,007,mp3000_ev,EV_03_39_03,_entry,非TK,,,无候选,,,0070080538,２人とも、導力技術者でずっと外国に行ってるんです。,T3201,Function_15,Function_15_1F7A,,
少匹配,オーブメントの普及していない所で技術指導をしているみたいで……,6,007,mp3000_ev,EV_03_39_03,_entry,非TK,,,无候选,,,0070080539,オーブメントの普及していない所で技術指導をしているみたいで……,T3201,Function_15,Function_15_1F7A,,
少匹配,もう何年もツァイスに戻って来てないんです。,6,007,mp3000_ev,EV_03_39_03,_entry,非TK,,,无候选,,,0070080540,もう何年もツァイスに戻って来てないんです。,T3201,Function_15,Function_15_1F7A,,
少匹配,それは……寂しいね。,1,002,mp3000_ev,EV_03_39_03,_entry,非TK,,,无候选,,,0020080542,それは……寂しいね。,T3201,Function_15,Function_15_1F7A,,
少匹配,そんなこと、ないです。おじいちゃんがいてくれるから。,6,007,mp3000_ev,EV_03_39_03,_entry,非TK,,,无候选,,,0070080543,そんなこと、ないです。おじいちゃんがいてくれるから。,T3201,Function_15,Function_15_1F7A,,
少匹配,中央工房の人たちもみんな親切でいい人ばかりだし。,6,007,mp3000_ev,EV_03_39_03,_entry,非TK,,,无候选,,,0070080544,中央工房の人たちもみんな親切でいい人ばかりだし。,T3201,Function_15,Function_15_1F7A,,
少匹配,でも……エステルさんたちを見ているとちょっとうらやましいなぁって……,6,007,mp3000_ev,EV_03_39_03,_entry,非TK,,,无候选,,,0070080545,でも……エステルさんたちを見ているとちょっとうらやましいなぁって……,T3201,Function_15,Function_15_1F7A,,
少匹配,えへへ、こういうのって無いものねだりって言うんですよね。,6,007,mp3000_ev,EV_03_39_03,_entry,非TK,,,无候选,,,0070080546,えへへ、こういうのって無いものねだりって言うんですよね。,T3201,Function_15,Function_15_1F7A,,
少匹配,ティータちゃん……,1,002,mp3000_ev,EV_03_39_03,_entry,非TK,,,无候选,,,0020080547,ティータちゃん……,T3201,Function_15,Function_15_1F7A,,
少匹配,いいこと思い付いちゃった。,0,001,mp3000_ev,EV_03_39_03,_entry,非TK,,,无候选,,,0010080549,いいこと思い付いちゃった。,T3201,Function_15,Function_15_1F7A,,
少匹配,あたしが、ティータちゃんのお姉さんになってあげるわ！,0,001,mp3000_ev,EV_03_39_03,_entry,非TK,,,无候选,,,0010080552,あたしが、ティータちゃんのお姉さんになってあげるわ！,T3201,Function_15,Function_15_1F7A,,
少匹配,ちなみにヨシュアはお兄さん。,0,001,mp3000_ev,EV_03_39_03,_entry,非TK,,,无候选,,,0010080553,ちなみにヨシュアはお兄さん。,T3201,Function_15,Function_15_1F7A,,
少匹配,はあ……また突拍子もないことを……,1,002,mp3000_ev,EV_03_39_03,_entry,非TK,,,无候选,,,0020080555,はあ……また突拍子もないことを……,T3201,Function_15,Function_15_1F7A,,
少匹配,なによう、文句でもあるの？,0,001,mp3000_ev,EV_03_39_03,_entry,非TK,,,无候选,,,0010080556,なによう、文句でもあるの？,T3201,Function_15,Function_15_1F7A,,
少匹配,いや……エステルらしいと思ってね。,1,002,mp3000_ev,EV_03_39_03,_entry,非TK,,,无候选,,,0020080557,いや……エステルらしいと思ってね。,T3201,Function_15,Function_15_1F7A,,
少匹配,僕も異存はないよ。ティータちゃんさえよければね。,1,002,mp3000_ev,EV_03_39_03,_entry,非TK,,,无候选,,,0020080558,僕も異存はないよ。ティータちゃんさえよければね。,T3201,Function_15,Function_15_1F7A,,
少匹配,あ、ありがとう……エステルさん、ヨシュアさん。,6,007,mp3000_ev,EV_03_39_03,_entry,非TK,,,无候选,,,0070080560,あ、ありがとう……エステルさん、ヨシュアさん。,T3201,Function_15,Function_15_1F7A,,
少匹配,わたし、わたし……なんだかすっごく嬉しいですっ。,6,007,mp3000_ev,EV_03_39_03,_entry,非TK,,,无候选,,,0070080561,わたし、わたし……なんだかすっごく嬉しいですっ。,T3201,Function_15,Function_15_1F7A,,
少匹配,それじゃあ、決定っ！,0,001,mp3000_ev,EV_03_39_03,_entry,非TK,,,无候选,,,0010080562,それじゃあ、決定っ！,T3201,Function_15,Function_15_1F7A,,
少匹配,あ、そうそう。もう『さん』付けはナシね？,0,001,mp3000_ev,EV_03_39_03,_entry,非TK,,,无候选,,,0010080563,あ、そうそう。もう『さん』付けはナシね？,T3201,Function_15,Function_15_1F7A,,
少匹配,代わりにあたしたちも呼び捨てにさせてもらうから。,0,001,mp3000_ev,EV_03_39_03,_entry,非TK,,,无候选,,,0010080564,代わりにあたしたちも呼び捨てにさせてもらうから。,T3201,Function_15,Function_15_1F7A,,
少匹配,あと、博士と話す時みたいに気軽に喋ってくれると嬉しいな。,1,002,mp3000_ev,EV_03_39_03,_entry,非TK,,,无候选,,,0020080566,あと、博士と話す時みたいに気軽に喋ってくれると嬉しいな。,T3201,Function_15,Function_15_1F7A,,
少匹配,あ、あう……さん付けはやめて気軽に……,6,007,mp3000_ev,EV_03_39_03,_entry,非TK,,,无候选,,,0070080567,あ、あう……さん付けはやめて気軽に……,T3201,Function_15,Function_15_1F7A,,
少匹配,エステルお姉ちゃん。それと、ヨシュアお兄ちゃん。,6,007,mp3000_ev,EV_03_39_03,_entry,非TK,,,无候选,,,0070080569,エステルお姉ちゃん。それと、ヨシュアお兄ちゃん。,T3201,Function_15,Function_15_1F7A,,
少匹配,……こ、これでいいかなぁ？,6,007,mp3000_ev,EV_03_39_03,_entry,非TK,,,无候选,,,0070080570,……こ、これでいいかなぁ？,T3201,Function_15,Function_15_1F7A,,
少匹配,うん、バッチリ！,0,001,mp3000_ev,EV_03_39_03,_entry,非TK,,,无候选,,,0010080571|0010181361,うん、バッチリ！|うん、バッチリ！,T3201,Function_15,Function_15_1F7A,,
少匹配,あらためて、よろしくね。,1,002,mp3000_ev,EV_03_39_03,_entry,非TK,,,无候选,,,0020080572,あらためて、よろしくね。,T3201,Function_15,Function_15_1F7A,,
少匹配,おお、ちょうど良かったぜ。,7,008,mp3000_ev,EV_03_42_00,_entry,非TK,,,无候选,,,0080080632,おお、ちょうど良かったぜ。,R3101,Function_4,loc_17E4,Function_4_C7F:switch;loc_17E1:next,loc_212E:next
少匹配,な……！遊撃士ども！？,61430,,mp3000_ev,EV_03_52_00,_entry,非TK,,,无候选,,,2620081161,な……！遊撃士ども！？,C3502,Function_2,Function_2_2BA,,loc_8C1:switch;loc_8C4:switch
少匹配,邪魔者は排除するのみ！,61430,,mp3000_ev,EV_03_52_00,_entry,非TK,,,无候选,,,2630081172,邪魔者は排除するのみ！,C3502,Function_2,Function_2_2BA,,loc_8C1:switch;loc_8C4:switch
少匹配,クッ……さすがは遊撃士ども……,20851,,mp3000_ev,EV_03_52_01,_entry,非TK,,,无候选,,,2620081173,クッ……さすがは遊撃士ども……,C3502,Function_2,loc_8C4,Function_2_2BA:switch;loc_8C1:next,
少匹配,だが……人質がいるのを忘れたか？,20850,,mp3000_ev,EV_03_52_01,_entry,非TK,,,无候选,,,2630081174,だが……人質がいるのを忘れたか？,C3502,Function_2,loc_8C4,Function_2_2BA:switch;loc_8C1:next,
少匹配,本当に傷付けられないか試してやってもいいのだぞ！？,20850,,mp3000_ev,EV_03_52_01,_entry,非TK,,,无候选,,,2630081179,本当に傷付けられないか試してやってもいいのだぞ！？,C3502,Function_2,loc_8C4,Function_2_2BA:switch;loc_8C1:next,
少匹配,……クク……,20851,,mp3000_ev,EV_03_52_01,_entry,非TK,,,无候选,,,2620081182,……クク……,C3502,Function_2,loc_8C4,Function_2_2BA:switch;loc_8C1:next,
少匹配,ははは……,20850,,mp1050,QS110_03_00,Loc_109,非TK,_entry:jump;Loc_108:next,,无候选,,,2630081183,ははは……,C3502,Function_2,loc_8C4,Function_2_2BA:switch;loc_8C1:next,
少匹配,いや、なに。おめでたい連中だと思ってな。,20851,,mp3000_ev,EV_03_52_01,_entry,非TK,,,无候选,,,2620081185,いや、なに。おめでたい連中だと思ってな。,C3502,Function_2,loc_8C4,Function_2_2BA:switch;loc_8C1:next,
少匹配,それに……そろそろ時間だ。,20851,,mp3000_ev,EV_03_52_01,_entry,非TK,,,无候选,,,2620081186,それに……そろそろ時間だ。,C3502,Function_2,loc_8C4,Function_2_2BA:switch;loc_8C1:next,
少匹配,フフ……形勢逆転だな。,20851,,mp3000_ev,EV_03_52_01,_entry,非TK,,,无候选,,,2620081193,フフ……形勢逆転だな。,C3502,Function_2,loc_8C4,Function_2_2BA:switch;loc_8C1:next,
少匹配,ここで皆殺しにしてもいいが……遊撃士協会を敵に回すつもりはない。,20850,,mp3000_ev,EV_03_52_01,_entry,非TK,,,无候选,,,2630081194,ここで皆殺しにしてもいいが……遊撃士協会を敵に回すつもりはない。,C3502,Function_2,loc_8C4,Function_2_2BA:switch;loc_8C1:next,
少匹配,そこで黙って見ていれば命だけは助けてやってもいいぞ。,20851,,mp3000_ev,EV_03_52_01,_entry,非TK,,,无候选,,,2620081195,そこで黙って見ていれば命だけは助けてやってもいいぞ。,C3502,Function_2,loc_8C4,Function_2_2BA:switch;loc_8C1:next,
少匹配,……どうやら諦めたようだな。,20851,,mp3000_ev,EV_03_52_01,_entry,非TK,,,无候选,,,2620081202,……どうやら諦めたようだな。,C3502,Function_2,loc_8C4,Function_2_2BA:switch;loc_8C1:next,
少匹配,フフ……賢明な判断というものだ。,20850,,mp3000_ev,EV_03_52_01,_entry,非TK,,,无候选,,,2630081203,フフ……賢明な判断というものだ。,C3502,Function_2,loc_8C4,Function_2_2BA:switch;loc_8C1:next,
少匹配,では、失礼させてもらうぞ。,20851,,mp3000_ev,EV_03_52_01,_entry,非TK,,,无候选,,,2620081204,では、失礼させてもらうぞ。,C3502,Function_2,loc_8C4,Function_2_2BA:switch;loc_8C1:next,
少匹配,だ、だめえ～っ！,6,007,mp3000_ev,EV_03_52_01,_entry,非TK,,,无候选,,,0070081206,だ、だめえ〜っ！,C3502,Function_2,loc_8C4,Function_2_2BA:switch;loc_8C1:next,
少匹配,こ、子供！？,20850,,mp3000_ev,EV_03_52_01,_entry,非TK,,,无候选,,,2620081208,こ、子供！？,C3502,Function_2,loc_8C4,Function_2_2BA:switch;loc_8C1:next,
少匹配,うおっ……,20850,,mp3000_ev,EV_03_52_01,_entry,非TK,,,无候选,,,2620081213|2680130805,うおっ……|うおっ……,C3502,Function_2,loc_8C4,Function_2_2BA:switch;loc_8C1:next,
少匹配,可愛いとこ、あるじゃない❤,0,001,mp3000_ev,EV_03_52_02,_entry,非TK,,,无候选,,,0010081290,可愛いとこ、あるじゃない❤,,,,,
少匹配,おや？お前さんたちは……,7,008,mp3000_ev,EV_03_54_00,_entry,非TK,,,无候选,,,0080081312,おや？お前さんたちは……,R3100,Function_2,loc_8CD,loc_83F:cond_true;loc_83F:cond_false,loc_955:next
少匹配,王都方面行き定期飛行船、《セシリア号》まもなく離陸します。,20700,,mp3000_ev,EV_03_62_00,_entry,非TK,,,无候选,,,0880090010,王都方面行き定期飛行船、《セシリア号》まもなく離陸します。,T3102,Function_16,Function_16_5E62,,
少匹配,な、なんだ……どうして途中で止まったのだ？,115,062,mp3000_ev,EV_03_65_00,Loc_103,非TK,_entry:jump;Loc_102:jump;Loc_104:next,,无候选,,,0620090269,な、なんだ……どうして途中で止まったのだ？,C3100,Function_5,loc_1AD1,Function_5_C22:switch;loc_173A:jump;loc_18A6:jump;loc_1A0E:jump,loc_293F:next
少匹配,了解であります！,20851,,mp3000_ev,EV_03_65_00,Loc_103,非TK,_entry:jump;Loc_102:jump;Loc_104:next,,无候选,,,2490090284|2630121661,了解であります！|了解であります！,C3100,Function_5,loc_1AD1,Function_5_C22:switch;loc_173A:jump;loc_18A6:jump;loc_1A0E:jump,loc_293F:next
少匹配,レイストン要塞に出発するかよ？,130,056,mp3000_ev,EV_03_70_00,Loc_113,非TK,Loc_111:jump;Loc_112:next,Loc_114:cond_false;Loc_115:jump,无候选,,,0560090588,レイストン要塞に出発するかよ？,T3102,Function_11,loc_417A,Function_11_40D6:cond_true;Function_11_40D6:cond_false,loc_4E79:cond_true;loc_4CF9:switch;loc_4E2D:switch;loc_4E76:switch;loc_4CF9:cond_false
少匹配,よし！だったら乗った乗った！,130,056,mp3000_ev,EV_03_70_00,Loc_115,非TK,Loc_113:jump;Loc_114:next,Loc_116:cond_false;Loc_117:jump,无候选,,,0560090606,よし！だったら乗った乗った！,T3105,Function_11,loc_24A4,Function_11_2414:switch;Function_11_2414:cond_false,loc_2605:jump
少匹配,工房船《ライプニッツ号》、レイストン要塞に出発するぜ！,130,056,mp3000_ev,EV_03_70_00,Loc_115,非TK,Loc_113:jump;Loc_114:next,Loc_116:cond_false;Loc_117:jump,无候选,,,0560090607,工房船《ライプニッツ号》、レイストン要塞に出発するぜ！,T3105,Function_11,loc_24A4,Function_11_2414:switch;Function_11_2414:cond_false,loc_2605:jump
少匹配,遊撃士諸君……博士のこと、よろしくお願いする。,132,055,mp3000_ev,EV_03_70_00,Loc_115,非TK,Loc_113:jump;Loc_114:next,Loc_116:cond_false;Loc_117:jump,无候选,,,0550090608,遊撃士諸君……博士のこと、よろしくお願いする。,T3102,Function_8,loc_137A,Function_8_12E1:switch;Function_8_12E1:cond_false,loc_14E8:jump
少匹配,それから……ティータ君を守ってあげてくれ。,132,055,mp3000_ev,EV_03_70_00,Loc_115,非TK,Loc_113:jump;Loc_114:next,Loc_116:cond_false;Loc_117:jump,无候选,,,0550090609,それから……ティータ君を守ってあげてくれ。,T3102,Function_8,loc_137A,Function_8_12E1:switch;Function_8_12E1:cond_false,loc_14E8:jump
少匹配,工房長さん……,6,007,mp3000_ev,EV_03_70_00,Loc_115,非TK,Loc_113:jump;Loc_114:next,Loc_116:cond_false;Loc_117:jump,无候选,,,0070090610,工房長さん……,T3102,Function_8,loc_137A,Function_8_12E1:switch;Function_8_12E1:cond_false,loc_14E8:jump
少匹配,うん、どーんと任せて！,0,001,mp3000_ev,EV_03_70_00,Loc_115,非TK,Loc_113:jump;Loc_114:next,Loc_116:cond_false;Loc_117:jump,无候选,,,0010090611,うん、どーんと任せて！,T3102,Function_8,loc_137A,Function_8_12E1:switch;Function_8_12E1:cond_false,loc_14E8:jump
少匹配,わーった。準備ができたら声をかけな。,130,056,mp3000_ev,EV_03_70_00,Loc_116,非TK,Loc_115:cond_false,Loc_117:next,无候选,,,0561130002,わかった。準備ができたら声をかけな。,T3105,Function_11,loc_25CB,Function_11_2414:switch,loc_2605:next
少匹配,ラジャー！,20851,,mp3000_ev,EV_03_73_00,_entry,非TK,,,无候选,,,0010090132|2500090845|2620130570,ラジャー！|ラジャー！|ラジャー！,T3120,Function_23,Function_23_9742,,loc_9B62:switch;loc_9C8F:switch;loc_9DA0:switch;loc_9E3F:switch
少匹配,了解しました！,20850,,mp3000_ev,EV_03_73_00,_entry,非TK,,,无候选,,,2350131097|2440090846|2440090883|2630130935,了解しました！|了解しました！|了解しました！|了解しました！,C4103,Function_24,loc_2319,Function_24_218E:switch;loc_228A:jump;loc_22A8:next,
少匹配,異常なし、次……,20850,,mp3000_ev,EV_03_73_00,_entry,非TK,,,无候选,,,2500090847,異常なし、次……,C3102,Function_3,Function_3_22E,,
少匹配,……ＯＫです。,20851,,mp3000_ev,EV_03_73_00,_entry,非TK,,,无候选,,,2440090848,……ＯＫです。,C3102,Function_3,Function_3_22E,,
少匹配,センサーに異常あり！,20850,,mp3000_ev,EV_03_73_00,_entry,非TK,,,无候选,,,2500090849,センサーに異常あり！,C3102,Function_3,Function_3_22E,,
少匹配,生体反応です！,20850,,mp3000_ev,EV_03_73_00,_entry,非TK,,,无候选,,,2500090850,生体反応です！,C3102,Function_3,Function_3_22E,,
少匹配,あ、あの、少佐殿……,20850,,mp3000_ev,EV_03_73_01,_entry,非TK,,Loc_124:cond_false;Loc_125:jump,无候选,,,4190090886,あ、あの、少佐殿……,C3106,Function_2,Function_2_226,,loc_DE7:switch;loc_F95:switch;loc_10DD:switch;loc_1246:switch;loc_142B:switch;loc_15AA:switch
少匹配,ここ数日の非常体制ですがいつまで続くのでしょうか？,20850,,mp3000_ev,EV_03_73_01,_entry,非TK,,Loc_124:cond_false;Loc_125:jump,无候选,,,4190090887,ここ数日の非常体制ですがいつまで続くのでしょうか？,C3106,Function_2,Function_2_226,,loc_DE7:switch;loc_F95:switch;loc_10DD:switch;loc_1246:switch;loc_142B:switch;loc_15AA:switch
少匹配,そ、そうです！,20851,,mp3000_ev,EV_03_73_01,_entry,非TK,,Loc_124:cond_false;Loc_125:jump,无候选,,,2490090889,そ、そうです！,C3106,Function_2,Function_2_226,,loc_DE7:switch;loc_F95:switch;loc_10DD:switch;loc_1246:switch;loc_142B:switch;loc_15AA:switch
少匹配,どうして我々正規軍があんな連中のいいなりに……,20851,,mp3000_ev,EV_03_73_01,_entry,非TK,,Loc_124:cond_false;Loc_125:jump,无候选,,,2490090890,どうして我々正規軍があんな連中のいいなりに……,C3106,Function_2,Function_2_226,,loc_DE7:switch;loc_F95:switch;loc_10DD:switch;loc_1246:switch;loc_142B:switch;loc_15AA:switch
少匹配,は……,20850,,mp3000_ev,EV_03_73_01,_entry,非TK,,Loc_124:cond_false;Loc_125:jump,无候选,,,4190090895,は……,C3106,Function_2,Function_2_226,,loc_DE7:switch;loc_F95:switch;loc_10DD:switch;loc_1246:switch;loc_142B:switch;loc_15AA:switch
少匹配,少佐殿、申し上げます！,20852,,mp3000_ev,EV_03_73_01,_entry,非TK,,Loc_124:cond_false;Loc_125:jump,无候选,,,2440090898,少佐殿、申し上げます！,C3106,Function_2,Function_2_226,,loc_DE7:switch;loc_F95:switch;loc_10DD:switch;loc_1246:switch;loc_142B:switch;loc_15AA:switch
少匹配,カノーネ大尉が話したいことがあるから来てくれとのことです。,20852,,mp3000_ev,EV_03_73_01,_entry,非TK,,Loc_124:cond_false;Loc_125:jump,无候选,,,2440090899,カノーネ大尉が話したいことがあるから来てくれとのことです。,C3106,Function_2,Function_2_226,,loc_DE7:switch;loc_F95:switch;loc_10DD:switch;loc_1246:switch;loc_142B:switch;loc_15AA:switch
少匹配,ま、そういうことだ。,7,008,mp3000_ev,EV_03_73_01,Loc_125,非TK,_entry:jump;Loc_124:jump;Loc_126:jump;Loc_127:jump;Loc_128:cond_false;Loc_128:next,,无候选,,,0050090951|0080130695,ま、そういうことだ。|ま、そういうことだ。,C3106,Function_2,loc_15AA,Function_2_226:switch;loc_DE7:jump;loc_F95:jump;loc_10DD:jump;loc_1246:jump;loc_142B:jump,
少匹配,ば、馬鹿な……！,61451,262,mp3000_ev,EV_03_76_00,_entry,非TK,,,无候选,,,2620091076,ば、馬鹿な……！,C3107,Function_4,loc_BD8,Function_4_973:cond_true,loc_13C3:cond_true;loc_11E2:cond_true;loc_F9C:switch;loc_F9F:switch;loc_F9C:cond_false
少匹配,う……く……このまま逃がすものか……,20850,,mp3000_ev,EV_03_78_00,_entry,非TK,,Loc_348:next,无候选,,,2630091152,う……く……このまま逃がすものか……,C3107,Function_6,Function_6_1583,,
少匹配,あはは、照れてやんの♪,0,001,mp3000_ev,EV_03_84_01,_entry,非TK,,,无候选,,,0010091465,あはは、照れてやんの❤,,,,,
少匹配,聞いちゃいない。,0,001,mp3000_ev,EV_04_04_00,_entry,非TK,,Loc_147:cond_false;Loc_148:jump,无候选,,,0010100212,聞いちゃいない。,T3102,Function_19,loc_73C9,Function_19_6F5A:jump;loc_7234:next,loc_82ED:next
少匹配,はは、ひょっとしたらトボけられているのかもね。,1,002,mp3000_ev,EV_04_04_00,_entry,非TK,,Loc_147:cond_false;Loc_148:jump,无候选,,,0020100213,はは、ひょっとしたらトボけられているのかもね。,T3102,Function_19,loc_73C9,Function_19_6F5A:jump;loc_7234:next,loc_82ED:next
少匹配,しかし、さすがは大佐殿……こんな手段をお考えになるなんて。,114,061,mp3000_ev,EV_04_05_00,_entry,非TK,,Loc_353:next,无候选,,,0610100300,しかし、さすがは大佐殿……こんな手をお考えになるなんて。,T3102,Function_10,Function_10_1B32,,loc_27E4:cond_true;loc_40D2:jump;loc_27E4:cond_false
少匹配,なんだ、今の音は！？,20852,,mp3000_ev,SB_03_09_01,_entry,非TK,,,无候选,,,2500091188,なんだ、今の音は！？,C3105,Function_20,loc_2FFD,loc_2F3C:switch;loc_2FFA:next,loc_3386:jump
少匹配,侵入者か！？,20853,,mp3000_ev,SB_03_09_01,_entry,非TK,,,无候选,,,2440091189,侵入者か！？,C3105,Function_20,loc_2FFD,loc_2F3C:switch;loc_2FFA:next,loc_3386:jump
少匹配,ま、また来るわよ！？,0,001,mp3000_ev,SB_03_09_01,_entry,非TK,,,无候选,,,0010091190,ま、また来るわよ！？,C3105,Function_20,loc_2FFD,loc_2F3C:switch;loc_2FFA:next,loc_3386:jump
少匹配,いったん研究棟まで戻るぞ！,5,005,mp3000_ev,SB_03_09_01,_entry,非TK,,,无候选,,,0050091191,いったん研究棟まで戻るぞ！,C3105,Function_20,loc_2FFD,loc_2F3C:switch;loc_2FFA:next,loc_3386:jump
少匹配,ガ、ガキが！調子に乗るんじゃない！,14,,mp3000_ev,MayaEvent03_52_01,Loc_278,非TK,Loc_277:cond_false;Loc_277:next,Loc_279:cond_false;Loc_279:next,无候选,,,2630081214,ガ、ガキが！調子に乗るんじゃない！,C3502,Function_2,loc_8C4,Function_2_2BA:switch;loc_8C1:next,
少匹配,まずい……！,14,,mp3000_ev,MayaEvent03_52_01,Loc_278,非TK,Loc_277:cond_false;Loc_277:next,Loc_279:cond_false;Loc_279:next,无候选,,,0020081216,まずい……！,C3502,Function_2,loc_8C4,Function_2_2BA:switch;loc_8C1:next,
少匹配,……チイイイッ！,14,,mp3000_ev,MayaEvent03_52_01,Loc_278,非TK,Loc_277:cond_false;Loc_277:next,Loc_279:cond_false;Loc_279:next,无候选,,,0050081218,……チイイイッ！,C3502,Function_2,loc_8C4,Function_2_2BA:switch;loc_8C1:next,
少匹配,アガット！？,14,,mp3000_ev,MayaEvent03_52_01,Loc_278,非TK,Loc_277:cond_false;Loc_277:next,Loc_279:cond_false;Loc_279:next,无候选,,,0010081220,アガット！？,C3502,Function_2,loc_8C4,Function_2_2BA:switch;loc_8C1:next,
少匹配,アガットさん！,14,,mp3000_ev,MayaEvent03_52_01,Loc_278,非TK,Loc_277:cond_false;Loc_277:next,Loc_279:cond_false;Loc_279:next,无候选,,,0020081221,アガットさん！,C3502,Function_2,loc_8C4,Function_2_2BA:switch;loc_8C1:next,
少匹配,お、おい！子供を撃とうとするヤツがいるか！,14,,mp3000_ev,MayaEvent03_52_01,Loc_278,非TK,Loc_277:cond_false;Loc_277:next,Loc_279:cond_false;Loc_279:next,无候选,,,2620081222,お、おい！子供を撃とうとするヤツがいるか！,C3502,Function_2,loc_8C4,Function_2_2BA:switch;loc_8C1:next,
少匹配,しかもそいつはテスト用の……！,14,,mp3000_ev,MayaEvent03_52_01,Loc_278,非TK,Loc_277:cond_false;Loc_277:next,Loc_279:cond_false;Loc_279:next,无候选,,,2620081223,しかもそいつはテスト用の……！,C3502,Function_2,loc_8C4,Function_2_2BA:switch;loc_8C1:next,
少匹配,す、すまん……船が落とされると思って……,14,,mp3000_ev,MayaEvent03_52_01,Loc_278,非TK,Loc_277:cond_false;Loc_277:next,Loc_279:cond_false;Loc_279:next,无候选,,,2630081224,す、すまん……船が落とされると思って……,C3502,Function_2,loc_8C4,Function_2_2BA:switch;loc_8C1:next,
少匹配,まあいい、このまま撤収するぞ！,14,,mp3000_ev,MayaEvent03_52_01,Loc_278,非TK,Loc_277:cond_false;Loc_277:next,Loc_279:cond_false;Loc_279:next,无候选,,,2620081225,まあいい、このまま撤収するぞ！,C3502,Function_2,loc_8C4,Function_2_2BA:switch;loc_8C1:next,
少匹配,ま、待ちなさいよ！,14,,mp3000_ev,MayaEvent03_52_01,Loc_279,非TK,Loc_278:cond_false;Loc_278:next,Loc_280:cond_false;Loc_280:jump,无候选,,,0010081227,ま、待ちなさいよ！,C3502,Function_2,loc_8C4,Function_2_2BA:switch;loc_8C1:next,
少匹配,お、おじいちゃああああん！,14,,mp3000_ev,MayaEvent03_52_01,Loc_280,非TK,Loc_279:cond_false;Loc_279:jump,Loc_281:cond_false;Loc_281:next,无候选,,,0070081228,お、おじいちゃああああん！,C3502,Function_2,loc_8C4,Function_2_2BA:switch;loc_8C1:next,
少匹配,い、今は動物を使ったストレスの軽減法を研究してたの。,11517,200,mp3010_01,TK_MILLIUM,Loc_295,TK,Loc_293:cond_false,Loc_296:next,无候选,,,2000181229,い、今は動物を使ったストレスの軽減法を研究していたの。,T3118,Function_7,loc_1636,loc_1590:cond_true;loc_1590:cond_false,loc_16E9:cond_true;loc_17D3:jump;loc_16E9:cond_false
少匹配,それでは、失礼します。,1,002,mp3010_01,TK_MILLIUM,Loc_326,TK,Loc_307:jump;Loc_325:next,Loc_327:cond_false;Loc_328:jump,无候选,,,0020120136,それでは失礼します。,T4262,Function_12,Function_12_37BE,,
少匹配,さあ、早く行くんだ。,132,055,mp3010_01,TK_MORDOG,Loc_552,TK,Loc_544:cond_false,Loc_554:cond_false;Loc_553:jump,多候选,0550091586,0550091586|0550091583|0550091572,0550091572|0550091583,さあ、早く行くんだ。|さあ、早く行くんだ。,T3115,Function_11,loc_4D5A,loc_4BB4:cond_true;loc_4BB4:cond_false,loc_4EA0:next
少匹配,博士のことをどうかよろしく頼むよ。,132,055,mp3010_01,TK_MORDOG,Loc_550,TK,Loc_544:cond_false,Loc_556:cond_false;Loc_543:jump,多候选,0550091601,0550091601|0550091604,0550091604,博士のことをどうかよろしく頼むよ。,T3115,Function_11,loc_4FF0,loc_4FAC:jump;loc_4FD5:jump;loc_4FEB:next,loc_50B7:cond_true;loc_5230:jump;loc_50B7:cond_false
少匹配,では、エルモ村までティータ君をよろしく頼むよ。,132,055,mp3010_01,TK_MORDOG,Loc_561,TK,Loc_557:cond_false,Loc_563:cond_false;Loc_562:jump,无候选,,,0550181204,では、エルモまでティータ君をよろしく頼むよ。,T3115,Function_11,loc_52D8,loc_529B:jump;loc_52BD:jump;loc_52D3:next,loc_53AA:cond_true;loc_546B:jump;loc_53AA:cond_false
少匹配,おや、おはよう。,11097,,mp3010_01,TK_MORDOG,Loc_565,TK,Loc_560:cond_false,Loc_568:cond_false;Loc_569:cond_false;Loc_570:jump,无候选,,,0550091612,おや、おはよう。,T3115,Function_11,loc_5681,loc_55B8:cond_true;loc_55B8:cond_false,loc_5AC9:next
少匹配,何に使うか知らないけど取り扱いには注意しなよね。,11520,198,mp3010_01,TK_FEY,Loc_736,TK,Loc_733:cond_false,Loc_739:cond_false;Loc_740:cond_false;Loc_741:jump,无候选,,,1980071496,あ、何に使うか知らないけど取り扱いには注意しなよね。,T3111,Function_9,loc_2354,Function_9_22BA:jump;loc_232C:next,loc_3781:jump
少匹配,最大積載量、１０トリム……,6,007,mp3010_01,EV_03_08_00,_entry,非TK,,,无候选,,,0070070531,最大積載量、５０トリム……,T3112,Function_2,Function_2_116,,
少匹配,えっと、失礼します。,6,007,mp3010_01,EV_03_12_00,_entry,非TK,,,无候选,,,0070070744,えっと、失礼します。,T3115,Function_15,Function_15_76AA,,
少匹配,オッケー、任せて！,0,001,mp3010_01,EV_03_19_00,_entry,非TK,,,无候选,,,0010071280,オッケー、任せて！,T3116,Function_10,Function_10_1B10,,
少匹配,おや、君たちは……,108,013,mp3010_01,EV_03_20_00,_entry,非TK,,Loc_814:cond_false;Loc_815:jump,无候选,,,0130120810|1960071305,おや、君たちは……|おや、君たちは……,T4250,Function_3,Function_3_458,,
少匹配,はは……女神は二物を与えずですね。,1,002,mp3010_01,EV_03_21_00,_entry,非TK,,,无候选,,,0020071349,はは……女神（エイドス）は二物を与えずですね。,T3119,Function_8,loc_3F99,loc_27B9:cond_true,loc_448D:cond_true;loc_448D:cond_false;loc_448D:next
少匹配,ドキドキ……,6,007,mp3010_01,EV_03_25_00,Loc_824,非TK,Loc_822:jump;Loc_823:next,,无候选,,,0070071524|0070080420,ドキドキ……|ドキドキ……,T3116,Function_11,Function_11_2E1E,,
少匹配,なぬ？,14,,mp3010_01,EV_03_25_00,Loc_824,非TK,Loc_822:jump;Loc_823:next,,无候选,,,0540070956|0540071550,なぬ？|なぬ？,T3172,Function_10,Function_10_28F6,,
少匹配,どうしてこんな所に……,1,002,mp3010_01,EV_03_46_00,Loc_1581,非TK,Loc_1580:next,,无候选,,,0020080765|0020111641,どうしてこんな所に……|どうしてこんな所に……,T3116,Function_16,Function_16_42AD,,
少匹配,……待たせたな。最後の目標を確保した。,20850,,mp3010_01,EV_03_47_00,Loc_1585,非TK,Loc_1584:next,,无候选,,,2620080892,……待たせたな。最後の目標を確保した。,T3119,Function_9,Function_9_4490,,
少匹配,よし……それでは脱出するぞ。,20851,,mp3010_01,EV_03_47_00,Loc_1585,非TK,Loc_1584:next,,无候选,,,2630080893,よし……それでは脱出するぞ。,T3119,Function_9,Function_9_4490,,
少匹配,用意は出来てるだろうな？,20851,,mp3010_01,EV_03_47_00,Loc_1585,非TK,Loc_1584:next,,无候选,,,2630080894,用意は出来てるだろうな？,T3119,Function_9,Function_9_4490,,
少匹配,面倒な……ここはやり過ごすぞ！,20851,,mp3010_01,EV_03_47_00,Loc_1585,非TK,Loc_1584:next,,无候选,,,2630080901,面倒な……ここはやり過ごすぞ！,T3119,Function_9,Function_9_4490,,
少匹配,ああ、逃げるとしたら、町かトンネル道のどちらかだ。,5,005,mp3010_01,EV_03_47_00,Loc_1585,非TK,Loc_1584:next,,无候选,,,0050080910,ああ、逃げるとしたら、町かトンネル道のどちらかだ。,,,,,
少匹配,急ぐぞ、ガキども！,5,005,mp3010_01,EV_03_47_00,Loc_1585,非TK,Loc_1584:next,,无候选,,,0050080911,急ぐぞ、ガキども！,,,,,
少匹配,言われなくても！,0,001,mp3010_01,EV_03_47_00,Loc_1585,非TK,Loc_1584:next,,无候选,,,0010080912,言われなくても！,,,,,
少匹配,女神様……,6,007,mp3010_01,EV_03_61_00,_entry,非TK,,,无候选,,,0070081586,女神（エイドス）様……,T3118,Function_10,Function_10_3BFC,,
少匹配,あ……ヨシュア、これって！？,0,001,mp3010_01,SB_03_04_00_main,Loc_915,非TK,Loc_909:jump;Loc_914:next,Loc_916:cond_false;Loc_917:jump,无候选,,,0010080786,あ……ヨシュア、これって！？,T3111,Function_30,Function_30_7F32,,loc_839F:cond_true;loc_7FE3:cond_true;loc_8157:jump;loc_7FE3:cond_false
少匹配,さっき言った発煙筒だ。ちょっと貸してみて。,1,002,mp3010_01,SB_03_04_00_main,Loc_915,非TK,Loc_909:jump;Loc_914:next,Loc_916:cond_false;Loc_917:jump,无候选,,,0020080791|0020080812,さっき言った発煙筒だ。ちょっと貸してみて。|さっき言った発煙筒だ。ちょっと貸してみて。,T3111,Function_30,loc_8073,loc_7FE3:cond_true;loc_7FE3:cond_false,loc_80FD:cond_true;loc_8157:jump;loc_80FD:cond_false
少匹配,あ……ヨシュア、それって！,0,001,mp3010_01,SB_03_04_00_main,Loc_916,非TK,Loc_915:cond_false,Loc_918:cond_false;Loc_917:jump,无候选,,,0010080809,あ……ヨシュア、それって！,T3111,Function_31,loc_858E,Function_31_84DD:cond_true;Function_31_84DD:cond_false,loc_861E:cond_true;loc_8702:jump;loc_861E:cond_false
少匹配,うん。さっき言った発煙筒だ。,1,002,mp3010_01,SB_03_04_00_main,Loc_916,非TK,Loc_915:cond_false,Loc_918:cond_false;Loc_917:jump,无候选,,,0020080789,うん。さっき言った発煙筒だ。,T3111,Function_30,loc_7FE3,Function_30_7F32:cond_true;Function_30_7F32:cond_false,loc_8073:cond_true;loc_8157:jump;loc_8073:cond_false
少匹配,あ……お兄ちゃん、これ！？,6,007,mp3010_01,SB_03_04_00_main,Loc_918,非TK,Loc_916:cond_false,Loc_919:cond_false;Loc_917:jump,无候选,,,0070080790,あ……お兄ちゃん、これ！？,T3111,Function_30,loc_8073,loc_7FE3:cond_true;loc_7FE3:cond_false,loc_80FD:cond_true;loc_8157:jump;loc_80FD:cond_false
少匹配,こいつは……発煙筒ってやつか。,5,005,mp3010_01,SB_03_04_00_main,Loc_919,非TK,Loc_918:cond_false,Loc_917:next,无候选,,,0050080792,こいつは……発煙筒ってやつか。,T3111,Function_30,loc_80FD,loc_8073:cond_true;loc_8073:cond_false,loc_8157:cond_true;loc_8157:cond_false;loc_8157:next
少匹配,アガットさん。ちょっと貸してください。,1,002,mp3010_01,SB_03_04_00_main,Loc_919,非TK,Loc_918:cond_false,Loc_917:next,无候选,,,0020080793,アガットさん。ちょっと貸してください。,T3111,Function_30,loc_80FD,loc_8073:cond_true;loc_8073:cond_false,loc_8157:cond_true;loc_8157:cond_false;loc_8157:next
少匹配,わ……モヤが無くなったわ！,0,001,mp3010_01,SB_03_04_00_main,Loc_929,非TK,Loc_926:jump;Loc_936:jump;Loc_945:jump;Loc_954:jump;Loc_948:cond_false;Loc_961:cond_false;Loc_963:next,Loc_964:cond_false;Loc_965:jump,无候选,,,0010080794|0010080820,わ……モヤが無くなったわ！|わ……モヤが無くなったわ！,T3111,Function_30,loc_81E4,loc_8157:cond_true;loc_8157:cond_false,loc_82C5:cond_true;loc_839C:jump;loc_82C5:cond_false
少匹配,すごい……ヨシュアお兄ちゃん。,6,007,mp3010_01,SB_03_04_00_main,Loc_929,非TK,Loc_926:jump;Loc_936:jump;Loc_945:jump;Loc_954:jump;Loc_948:cond_false;Loc_961:cond_false;Loc_963:next,Loc_964:cond_false;Loc_965:jump,无候选,,,0070080795|0070080800,すごい……ヨシュアお兄ちゃん。|すごい……ヨシュアお兄ちゃん。,T3111,Function_30,loc_81E4,loc_8157:cond_true;loc_8157:cond_false,loc_82C5:cond_true;loc_839C:jump;loc_82C5:cond_false
少匹配,これと同じ発煙筒が他にもあると思う。,1,002,mp3010_01,SB_03_04_00_main,Loc_929,非TK,Loc_926:jump;Loc_936:jump;Loc_945:jump;Loc_954:jump;Loc_948:cond_false;Loc_961:cond_false;Loc_963:next,Loc_964:cond_false;Loc_965:jump,无候选,,,0020080817,これと同じ発煙筒が他にもあると思う。,T3111,Function_31,loc_878F,loc_8702:cond_true;loc_8702:cond_false,loc_8870:cond_true;loc_8947:jump;loc_8870:cond_false
少匹配,見つけしだい解体しよう。,1,002,mp3010_01,SB_03_04_00_main,Loc_929,非TK,Loc_926:jump;Loc_936:jump;Loc_945:jump;Loc_954:jump;Loc_948:cond_false;Loc_961:cond_false;Loc_963:next,Loc_964:cond_false;Loc_965:jump,无候选,,,0020080797,見つけしだい解体しよう。,T3111,Function_30,loc_81E4,loc_8157:cond_true;loc_8157:cond_false,loc_82C5:cond_true;loc_839C:jump;loc_82C5:cond_false
少匹配,へえ……妙な特技を持ってやがるな。,5,005,mp3010_01,SB_03_04_00_main,Loc_964,非TK,Loc_929:cond_false,Loc_965:next,无候选,,,0050080801|0050080804,へえ……妙な特技を持ってやがるな。|へえ……妙な特技を持ってやがるな。,T3111,Function_30,loc_82C5,loc_81E4:cond_true;loc_81E4:cond_false,loc_839C:next
少匹配,これと同じ発煙筒が他にもあると思います。,1,002,mp3010_01,SB_03_04_00_main,Loc_964,非TK,Loc_929:cond_false,Loc_965:next,无候选,,,0020080802|0020080826,これと同じ発煙筒が他にもあると思います。|これと同じ発煙筒が他にもあると思います。,T3111,Function_30,loc_82C5,loc_81E4:cond_true;loc_81E4:cond_false,loc_839C:next
少匹配,見つけしだい解体しましょう。,1,002,mp3010_01,SB_03_04_00_main,Loc_964,非TK,Loc_929:cond_false,Loc_965:next,无候选,,,0020080866,見つけしだい解体しましょう。,T3115,Function_16,loc_9696,loc_95B5:cond_true;loc_95B5:cond_false,loc_976D:next
少匹配,見つけたら解体しましょう。,1,002,mp3010_01,SB_03_04_00_main,Loc_968,非TK,Loc_913:jump;Loc_967:jump;Loc_969:jump;Loc_970:jump;Loc_971:cond_false;Loc_971:next,Loc_966:cond_false;Loc_966:next,无候选,,,0020080848,見つけたら解体しましょう。,T3114,Function_3,loc_CD3,loc_C40:cond_true;loc_C40:cond_false,loc_D79:cond_true;loc_D79:cond_false;loc_D79:next
少匹配,こんにちはー。,0,001,mp0010_02,TK_elger_1st,_entry,TK,,Loc_102:jump,无候选,,,0070180927,こんにちはー。,T3118_1,Function_2,Function_2_AC,,loc_465:cond_true;loc_2A8:cond_true;loc_3D2:jump;loc_2A8:cond_false
少匹配,うん、了解。,1,002,mp0000_ev,QS010_01_00,_entry,非TK,,,无候选,,,0010181140,うん、了解。,T3115,Function_21,loc_AB0C,Function_21_AA55:cond_true;Function_21_AA55:cond_false,loc_AC13:cond_true;loc_AC13:cond_false;loc_AC13:next
少匹配,おめえさんたち、今日はありがとうな。,11540,210,mp3010_03,TK_BEN,Loc_4,TK,Loc_6:next,Loc_7:cond_false;Loc_7:next,无候选,,,2100180846,おめえさんたち、今日はありがとうな。,T3170_1,Function_13,loc_1675,loc_1604:jump;loc_1664:cond_true;loc_1664:cond_false,loc_16CD:cond_true;loc_28BC:jump;loc_16CD:cond_false
少匹配,おう、なんだい？,11540,210,mp3010_03,QS303_00_00,Loc_139,非TK,Loc_137:jump;Loc_138:jump;Loc_140:cond_false;Loc_140:next,Loc_141:cond_false;Loc_142:jump,无候选,,,2100180782,おう、なんだい？,T3170_1,Function_2,loc_9E6,Function_2_AC:cond_true,loc_A87:cond_true;loc_B47:jump;loc_A87:cond_false
少匹配,掲示板を見て食材をお持ちしたんですが。,1,002,mp3010_03,QS303_00_00,Loc_139,非TK,Loc_137:jump;Loc_138:jump;Loc_140:cond_false;Loc_140:next,Loc_141:cond_false;Loc_142:jump,无候选,,,0020180786,掲示板を見て食材をお持ちしたんですが。,T3170_1,Function_2,loc_9E6,Function_2_AC:cond_true,loc_A87:cond_true;loc_B47:jump;loc_A87:cond_false
少匹配,こんにちわ、ベンさん。,6,007,mp3010_03,QS303_00_00,Loc_141,非TK,Loc_139:cond_false,Loc_143:cond_false;Loc_142:jump,无候选,,,0070180821,こんにちわ、ベンさん。,T3170_1,Function_2,loc_A87,loc_9E6:cond_true;loc_9E6:cond_false,loc_AD8:cond_true;loc_B47:jump;loc_AD8:cond_false
少匹配,お料理の材料を持って来たんですよ。,6,007,mp3010_03,QS303_00_00,Loc_141,非TK,Loc_139:cond_false,Loc_143:cond_false;Loc_142:jump,无候选,,,0070180822,お料理の材料を持って来たんですよ。,T3170_1,Function_2,loc_A87,loc_9E6:cond_true;loc_9E6:cond_false,loc_AD8:cond_true;loc_B47:jump;loc_AD8:cond_false
少匹配,掲示板を見て食材を持って来たんだけど。,0,001,mp3010_03,QS303_00_00,Loc_143,非TK,Loc_141:cond_false,Loc_142:cond_false;Loc_142:next,无候选,,,0010180784,掲示板を見て食材を持って来たんだけど。,T3170_1,Function_2,loc_AD8,loc_A87:cond_true;loc_A87:cond_false,loc_B47:next
少匹配,よし、ちょっと見せてみな。,11540,210,mp3010_03,QS303_00_00,Loc_142,非TK,Loc_139:jump;Loc_141:jump;Loc_143:cond_false;Loc_143:next,Loc_144:cond_false;Loc_145:cond_false;Loc_145:next,无候选,,,2100180823,よし、ちょっと見せてみな。,T3170_1,Function_2,loc_B47,loc_9E6:jump;loc_A87:jump;loc_AD8:next,loc_1263:cond_true;loc_FCF:cond_true;loc_FCF:cond_false;loc_FCF:next
少匹配,ふむふむ………………,11540,210,mp3010_03,QS303_00_00,Loc_142,非TK,Loc_139:jump;Loc_141:jump;Loc_143:cond_false;Loc_143:next,Loc_144:cond_false;Loc_145:cond_false;Loc_145:next,无候选,,,2100180789,ふむふむ………………,T3170_1,Function_2,loc_B47,loc_9E6:jump;loc_A87:jump;loc_AD8:next,loc_1263:cond_true;loc_FCF:cond_true;loc_FCF:cond_false;loc_FCF:next
少匹配,…………………うん？,11540,210,mp3010_03,QS303_00_00,Loc_142,非TK,Loc_139:jump;Loc_141:jump;Loc_143:cond_false;Loc_143:next,Loc_144:cond_false;Loc_145:cond_false;Loc_145:next,无候选,,,2100180790,…………………うん？,T3170_1,Function_2,loc_B47,loc_9E6:jump;loc_A87:jump;loc_AD8:next,loc_1263:cond_true;loc_FCF:cond_true;loc_FCF:cond_false;loc_FCF:next
少匹配,おう、ちょっとこのトマトをもらうぜ。,11540,210,mp3010_03,QS303_00_00,Loc_142,非TK,Loc_139:jump;Loc_141:jump;Loc_143:cond_false;Loc_143:next,Loc_144:cond_false;Loc_145:cond_false;Loc_145:next,无候选,,,2100180791,おう、ちょっとこのトマトをもらうぜ。,T3170_1,Function_2,loc_B47,loc_9E6:jump;loc_A87:jump;loc_AD8:next,loc_1263:cond_true;loc_FCF:cond_true;loc_FCF:cond_false;loc_FCF:next
少匹配,普通のトマトみてえだがずいぶんと香りが強いな。,11540,210,mp3010_03,QS303_00_00,Loc_145,非TK,Loc_142:cond_false;Loc_142:next,Loc_146:cond_false;Loc_146:next,无候选,,,2100180827,普通のトマトみてえだがずいぶんと香りが強いな。,T3170_1,Function_2,loc_B47,loc_9E6:jump;loc_A87:jump;loc_AD8:next,loc_1263:cond_true;loc_FCF:cond_true;loc_FCF:cond_false;loc_FCF:next
少匹配,ちょっと味見を、と……,11540,210,mp3010_03,QS303_00_00,Loc_145,非TK,Loc_142:cond_false;Loc_142:next,Loc_146:cond_false;Loc_146:next,无候选,,,2100180828,ちょっと味見を、と……,T3170_1,Function_2,loc_B47,loc_9E6:jump;loc_A87:jump;loc_AD8:next,loc_1263:cond_true;loc_FCF:cond_true;loc_FCF:cond_false;loc_FCF:next
少匹配,…………ぶ、ぶふっ！！,11540,210,mp3010_03,QS303_00_00,Loc_145,非TK,Loc_142:cond_false;Loc_142:next,Loc_146:cond_false;Loc_146:next,无候选,,,2100180794,…………ぶ、ぶふっ！！,T3170_1,Function_2,loc_B47,loc_9E6:jump;loc_A87:jump;loc_AD8:next,loc_1263:cond_true;loc_FCF:cond_true;loc_FCF:cond_false;loc_FCF:next
少匹配,な、なんだこりゃ！？めちゃくちゃ苦えじゃねえか。,11540,210,mp3010_03,QS303_00_00,Loc_145,非TK,Loc_142:cond_false;Loc_142:next,Loc_146:cond_false;Loc_146:next,无候选,,,2100180795,な、なんだこりゃ！？めちゃくちゃ苦えじゃねえか。,T3170_1,Function_2,loc_B47,loc_9E6:jump;loc_A87:jump;loc_AD8:next,loc_1263:cond_true;loc_FCF:cond_true;loc_FCF:cond_false;loc_FCF:next
少匹配,ね？　そのトマトものすごくまずいでしょ。,0,001,mp3010_03,QS303_00_00,Loc_146,非TK,Loc_145:cond_false;Loc_145:next,Loc_147:cond_false;Loc_147:next,无候选,,,0010180832,ね？　そのトマトものすごくまずいでしょ。,T3170_1,Function_2,loc_B47,loc_9E6:jump;loc_A87:jump;loc_AD8:next,loc_1263:cond_true;loc_FCF:cond_true;loc_FCF:cond_false;loc_FCF:next
少匹配,研究の副産物らしいけど、食べるようなものじゃないわよね。,0,001,mp3010_03,QS303_00_00,Loc_146,非TK,Loc_145:cond_false;Loc_145:next,Loc_147:cond_false;Loc_147:next,无候选,,,0010180833,研究の副産物らしいけど、食べるようなものじゃないわよね。,T3170_1,Function_2,loc_B47,loc_9E6:jump;loc_A87:jump;loc_AD8:next,loc_1263:cond_true;loc_FCF:cond_true;loc_FCF:cond_false;loc_FCF:next
少匹配,ううーむ、確かにこのままでは食えないが……,11540,210,mp3010_03,QS303_00_00,Loc_146,非TK,Loc_145:cond_false;Loc_145:next,Loc_147:cond_false;Loc_147:next,无候选,,,2100180797,ううーむ、確かにこのままでは食えないが……,T3170_1,Function_2,loc_B47,loc_9E6:jump;loc_A87:jump;loc_AD8:next,loc_1263:cond_true;loc_FCF:cond_true;loc_FCF:cond_false;loc_FCF:next
少匹配,これだけ味と香りが強いんだ。上手くひねれば面白い料理が出来るかも知れんぞ。,11540,210,mp3010_03,QS303_00_00,Loc_146,非TK,Loc_145:cond_false;Loc_145:next,Loc_147:cond_false;Loc_147:next,无候选,,,2100180798,これだけ味と香りが強いんだ。上手くひねれば面白い料理が出来るかも知れんぞ。,T3170_1,Function_2,loc_B47,loc_9E6:jump;loc_A87:jump;loc_AD8:next,loc_1263:cond_true;loc_FCF:cond_true;loc_FCF:cond_false;loc_FCF:next
少匹配,そ、そこまで無理して食べる必要はないんじゃない？,0,001,mp3010_03,QS303_00_00,Loc_146,非TK,Loc_145:cond_false;Loc_145:next,Loc_147:cond_false;Loc_147:next,无候选,,,0010180799,そ、そこまで無理して食べる必要はないんじゃない？,T3170_1,Function_2,loc_B47,loc_9E6:jump;loc_A87:jump;loc_AD8:next,loc_1263:cond_true;loc_FCF:cond_true;loc_FCF:cond_false;loc_FCF:next
少匹配,いや、アクの強い食材ほど体に有効な成分もいろいろと入っているものだからな。,11540,210,mp3010_03,QS303_00_00,Loc_146,非TK,Loc_145:cond_false;Loc_145:next,Loc_147:cond_false;Loc_147:next,无候选,,,2100180800,いや、アクの強い食材ほど体に有効な成分もいろいろと入っているものだからな。,T3170_1,Function_2,loc_B47,loc_9E6:jump;loc_A87:jump;loc_AD8:next,loc_1263:cond_true;loc_FCF:cond_true;loc_FCF:cond_false;loc_FCF:next
少匹配,だからこそツァイス料理は伝統的に刺激の強い素材をわざわざ使ってきたんだ。,11540,210,mp3010_03,QS303_00_00,Loc_146,非TK,Loc_145:cond_false;Loc_145:next,Loc_147:cond_false;Loc_147:next,无候选,,,2100180801,だからこそツァイス料理は伝統的に刺激の強い素材をわざわざ使ってきたんだ。,T3170_1,Function_2,loc_B47,loc_9E6:jump;loc_A87:jump;loc_AD8:next,loc_1263:cond_true;loc_FCF:cond_true;loc_FCF:cond_false;loc_FCF:next
少匹配,へ、変な料理なのね～。,0,001,mp3010_03,QS303_00_00,Loc_146,非TK,Loc_145:cond_false;Loc_145:next,Loc_147:cond_false;Loc_147:next,无候选,,,0010180839,へ、変な料理なのね〜。,T3170_1,Function_2,loc_B47,loc_9E6:jump;loc_A87:jump;loc_AD8:next,loc_1263:cond_true;loc_FCF:cond_true;loc_FCF:cond_false;loc_FCF:next
少匹配,は、はは……………,6,007,mp3010_03,QS303_00_00,Loc_146,非TK,Loc_145:cond_false;Loc_145:next,Loc_147:cond_false;Loc_147:next,无候选,,,0070180840,は、はは……………,T3170_1,Function_2,loc_B47,loc_9E6:jump;loc_A87:jump;loc_AD8:next,loc_1263:cond_true;loc_FCF:cond_true;loc_FCF:cond_false;loc_FCF:next
少匹配,……うん、肉類と合わせればこの苦味も良い風味になりそうだな。,11540,210,mp3010_03,QS303_00_00,Loc_148,非TK,Loc_147:cond_false;Loc_147:next,Loc_149:cond_false;Loc_149:next,无候选,,,2100180805,……うん、肉類と合わせればこの苦味も良い風味になりそうだな。,T3170_1,Function_2,loc_FCF,loc_B47:cond_true;loc_B47:cond_false;loc_B47:next,loc_1350:jump
少匹配,ほらよ、新メニューの試作第１号だ。,11540,210,mp3010_03,QS303_00_00,Loc_148,非TK,Loc_147:cond_false;Loc_147:next,Loc_149:cond_false;Loc_149:next,无候选,,,2100180842,ほらよ、新メニューの試作第１号だ。,T3170_1,Function_2,loc_FCF,loc_B47:cond_true;loc_B47:cond_false;loc_B47:next,loc_1350:jump
少匹配,素晴らしい食材に巡り合わせてくれたお礼だ。遠慮なく食ってくれよ。,11540,210,mp3010_03,QS303_00_00,Loc_148,非TK,Loc_147:cond_false;Loc_147:next,Loc_149:cond_false;Loc_149:next,无候选,,,2100180843,素晴らしい食材に巡り合わせてくれたお礼だ。遠慮なく食ってくれよ。,T3170_1,Function_2,loc_FCF,loc_B47:cond_true;loc_B47:cond_false;loc_B47:next,loc_1350:jump
少匹配,あ、あはは……あとでご馳走になるわ。,0,001,mp3010_03,QS303_00_00,Loc_148,非TK,Loc_147:cond_false;Loc_147:next,Loc_149:cond_false;Loc_149:next,无候选,,,0010180807,あ、あはは……あとでご馳走になるわ。,T3170_1,Function_2,loc_FCF,loc_B47:cond_true;loc_B47:cond_false;loc_B47:next,loc_1350:jump
少匹配,おしっ、じゃ俺は仕事に戻るぜ。,11540,210,mp3010_03,QS303_00_00,Loc_149,非TK,Loc_148:cond_false;Loc_148:next,Loc_150:jump,无候选,,,2100180845,おしっ、じゃ俺は仕事に戻るぜ。,T3170_1,Function_2,loc_FCF,loc_B47:cond_true;loc_B47:cond_false;loc_B47:next,loc_1350:jump
少匹配,うん、じゃあまた。,0,001,mp3010_03,QS303_00_00,Loc_149,非TK,Loc_148:cond_false;Loc_148:next,Loc_150:jump,无候选,,,0010180847,うん、じゃあまた。,T3170_1,Function_2,loc_FCF,loc_B47:cond_true;loc_B47:cond_false;loc_B47:next,loc_1350:jump
少匹配,……う～む、イマイチだな。,11540,210,mp3010_03,QS303_00_00,Loc_144,非TK,Loc_142:cond_false,Loc_151:cond_false;Loc_151:next,无候选,,,2100180812,……う〜む、イマイチだな。,T3170_1,Function_2,loc_1263,loc_B47:cond_true,loc_1350:next
少匹配,もっと個性の強い高機能なやつを頼むぜ。,11540,210,mp3010_03,QS303_00_00,Loc_151,非TK,Loc_144:cond_false;Loc_144:next,Loc_150:next,无候选,,,2100180813,もっと個性の強い高機能なやつを頼むぜ。,T3170_1,Function_2,loc_1263,loc_B47:cond_true,loc_1350:next
少匹配,むう～、残念。,0,001,mp3010_03,QS303_00_00,Loc_151,非TK,Loc_144:cond_false;Loc_144:next,Loc_150:next,无候选,,,0010180814,むう〜、残念。,T3170_1,Function_2,loc_1263,loc_B47:cond_true,loc_1350:next
少匹配,じゃ、また来るわね。,0,001,mp3010_03,QS303_00_00,Loc_151,非TK,Loc_144:cond_false;Loc_144:next,Loc_150:next,无候选,,,0010180815,じゃ、また来るわね。,T3170_1,Function_2,loc_1263,loc_B47:cond_true,loc_1350:next
少匹配,ハ～カ～セ～ッ！！,132,055,mp3010_05,EV_03_16_02,_entry,非TK,,,无候选,,,0550070997,ハ〜カ〜セ〜ッ！！,T3172,Function_11,Function_11_3580,,
少匹配,うん、バッチリよ❤,0,001,mp3010_05,EV_03_17_01,_entry,非TK,,,无候选,,,0010071025,うん、バッチリよ❤,T3133,Function_13,Function_13_3DFD,,
少匹配,そう言えば、博士はもう起きてるの？,0,001,mp3010_05,EV_03_17_01,_entry,非TK,,,无候选,,,0010071026,そう言えば、博士はもう起きてるの？,,,,,
少匹配,ポチっとな。,14,,mp3010_05,MayaEvent03_16_00,Loc_35,非TK,Loc_34:cond_false;Loc_34:next,Loc_36:cond_false;Loc_36:next,无候选,,,0540070949,ポチっとな。,T3172,Function_10,Function_10_28F6,,
少匹配,へえ……いかにもそれっぽい光ねぇ。,14,,mp3010_05,MayaEvent03_16_00,Loc_35,非TK,Loc_34:cond_false;Loc_34:next,Loc_36:cond_false;Loc_36:next,无候选,,,0010070950,へえ……いかにもそれっぽい光ねぇ。,T3172,Function_10,Function_10_28F6,,
少匹配,なるほど、ああやって結晶回路に負荷をかけるのか……,14,,mp3010_05,MayaEvent03_16_00,Loc_35,非TK,Loc_34:cond_false;Loc_34:next,Loc_36:cond_false;Loc_36:next,无候选,,,0020070951,なるほど、ああやって結晶回路に負荷をかけるのか……,T3172,Function_10,Function_10_28F6,,
少匹配,よしよし……,14,,mp3010_05,MayaEvent03_16_00,Loc_35,非TK,Loc_34:cond_false;Loc_34:next,Loc_36:cond_false;Loc_36:next,无候选,,,0540070952,よしよし……,T3172,Function_10,Function_10_28F6,,
少匹配,ティータや。測定器の反応はどうじゃ？,14,,mp3010_05,MayaEvent03_16_00,Loc_35,非TK,Loc_34:cond_false;Loc_34:next,Loc_36:cond_false;Loc_36:next,无候选,,,0540070953,ティータや。測定器の反応はどうじゃ？,T3172,Function_10,Function_10_28F6,,
少匹配,なんだか、ヘンかも……,14,,mp3010_05,MayaEvent03_16_00,Loc_35,非TK,Loc_34:cond_false;Loc_34:next,Loc_36:cond_false;Loc_36:next,无候选,,,0070070955,なんだか、ヘンかも……,T3172,Function_10,Function_10_28F6,,
少匹配,タコメーターの針がぶるぶる震えちゃって……,14,,mp3010_05,MayaEvent03_16_00,Loc_35,非TK,Loc_34:cond_false;Loc_34:next,Loc_36:cond_false;Loc_36:next,无候选,,,0070070957,タコメーターの針がぶるぶる震えちゃって……,T3172,Function_10,Function_10_28F6,,
少匹配,ぐ、ぐるぐる回り始めたよ！？,14,,mp3010_05,MayaEvent03_16_00,Loc_35,非TK,Loc_34:cond_false;Loc_34:next,Loc_36:cond_false;Loc_36:next,无候选,,,0070070959,ぐ、ぐるぐる回り始めたよ！？,T3172,Function_10,Function_10_28F6,,
少匹配,なんじゃと！？,14,,mp3010_05,MayaEvent03_16_00,Loc_35,非TK,Loc_34:cond_false;Loc_34:next,Loc_36:cond_false;Loc_36:next,无候选,,,0540070960|0540070965,なんじゃと！？|なんじゃと！？,T3172,Function_10,Function_10_28F6,,
少匹配,な、なんじゃこれは！？,14,,mp3010_05,MayaEvent03_16_00,Loc_35,非TK,Loc_34:cond_false;Loc_34:next,Loc_36:cond_false;Loc_36:next,无候选,,,0540070962,な、なんじゃこれは！？,T3172,Function_10,Function_10_28F6,,
少匹配,ヨシュア、これ……！？,14,,mp3010_05,MayaEvent03_16_00,Loc_35,非TK,Loc_34:cond_false;Loc_34:next,Loc_36:cond_false;Loc_36:next,无候选,,,0010070963,ヨシュア、これ……！？,T3172,Function_10,Function_10_28F6,,
少匹配,あの時の黒い光……！,14,,mp3010_05,MayaEvent03_16_00,Loc_35,非TK,Loc_34:cond_false;Loc_34:next,Loc_36:cond_false;Loc_36:next,无候选,,,0020070964,あの時の黒い光……！,T3172,Function_10,Function_10_28F6,,
少匹配,お、おじいちゃん、これ以上はダメだよぉ！,14,,mp3010_05,MayaEvent03_16_02,Loc_47,非TK,Loc_46:cond_false;Loc_46:next,Loc_48:cond_false;Loc_48:next,无候选,,,0070070966,お、おじいちゃん、これ以上はダメだよぉ！,T3172,Function_11,Function_11_3580,,
少匹配,測定装置を止めなくっちゃ！,14,,mp3010_05,MayaEvent03_16_02,Loc_47,非TK,Loc_46:cond_false;Loc_46:next,Loc_48:cond_false;Loc_48:next,无候选,,,0070070967,測定装置を止めなくっちゃ！,T3172,Function_11,Function_11_3580,,
少匹配,ええい、止めてくれるな！,14,,mp3010_05,MayaEvent03_16_02,Loc_47,非TK,Loc_46:cond_false;Loc_46:next,Loc_48:cond_false;Loc_48:next,无候选,,,0540070968,ええい、止めてくれるな！,T3172,Function_11,Function_11_3580,,
少匹配,あと少しで何かが掴めそう……,14,,mp3010_05,MayaEvent03_16_02,Loc_47,非TK,Loc_46:cond_false;Loc_46:next,Loc_48:cond_false;Loc_48:next,无候选,,,0540070969,あと少しで何かが掴めそう……,T3172,Function_11,Function_11_3580,,
少匹配,ちょっとちょっと！町中の照明が消えてるわよ？,14,,mp3010_05,MayaEvent03_16_02,Loc_47,非TK,Loc_46:cond_false;Loc_46:next,Loc_48:cond_false;Loc_48:next,无候选,,,0010070970,ちょっとちょっと！町中の照明が消えてるわよ？,T3172,Function_11,Function_11_3580,,
少匹配,なんと……,14,,mp3010_05,MayaEvent03_16_02,Loc_47,非TK,Loc_46:cond_false;Loc_46:next,Loc_48:cond_false;Loc_48:next,无候选,,,0540070972,なんと……,T3172,Function_11,Function_11_3580,,
少匹配,ええい、仕方ない！これにて実験終了じゃああっ！,14,,mp3010_05,MayaEvent03_16_02,Loc_47,非TK,Loc_46:cond_false;Loc_46:next,Loc_48:cond_false;Loc_48:next,无候选,,,0540070973,ええい、仕方ない！これにて実験終了じゃああっ！,T3172,Function_11,Function_11_3580,,
少匹配,も、元に戻った……,14,,mp3010_05,MayaEvent03_16_02,Loc_47,非TK,Loc_46:cond_false;Loc_46:next,Loc_48:cond_false;Loc_48:next,无候选,,,0010070975,も、元に戻った……,T3172,Function_11,Function_11_3580,,
少匹配,女神の加護を。２人とも気を付けて行きなさい。,111,058,mp3010_08,TK_KIRIKA,Loc_39,TK,Loc_31:cond_false,Loc_40:next,无候选,,,0580100163|0580100317,女神（エイドス）の加護を。２人とも気を付けて行きなさい。|女神の加護を。２人とも気を付けて行きなさい。,T3120,Function_9,loc_E9D,loc_E8C:cond_true;loc_E8C:cond_false,loc_10D9:cond_true;loc_F2A:cond_true;loc_10D6:jump;loc_F2A:cond_false
少匹配,女神の加護を。くれぐれも気を付けて。,111,058,mp3010_08,TK_KIRIKA,Loc_42,TK,Loc_38:cond_false,Loc_43:cond_false;Loc_41:jump,无候选,,,0580071211|0580090544,女神（エイドス）の加護を。くれぐれも気を付けて。|女神（エイドス）の加護を。くれぐれも気を付けて。,T3120,Function_9,loc_11F9,loc_1177:cond_true;loc_1177:cond_false,loc_1292:next
少匹配,アガットは一刻を争う容態みたいね。,111,058,mp3010_08,TK_KIRIKA,Loc_48,TK,Loc_47:cond_false,Loc_49:cond_false;Loc_41:jump,无候选,,,0580081433,アガットは一刻を争う容体みたいね。,T3150,Function_9,loc_9FF,loc_99C:cond_true;loc_99C:cond_false,loc_BE0:cond_true;loc_A5C:cond_true;loc_BE0:jump;loc_A5C:cond_false
少匹配,あのオーブメントの正体には協会も注目しているんだから。,111,058,mp3010_08,TK_KIRIKA,Loc_56,TK,Loc_53:cond_false,Loc_63:cond_false;Loc_64:cond_false;Loc_65:jump,无候选,,,0580071181|0580071184,あのオーブメントの正体には協会（ギルド）も注目しているんだから。|あのオーブメントの正体には協会（ギルド）も注目しているんだから。,T3120,Function_9,loc_19A4,loc_1659:cond_true,loc_1A9F:cond_true;loc_1A11:cond_true;loc_1A9C:jump;loc_1A11:cond_false
少匹配,協会としても気になるからこのまま博士に協力してちょうだい。,111,058,mp3010_08,TK_KIRIKA,Loc_63,TK,Loc_56:cond_false,Loc_66:cond_false;Loc_41:jump,无候选,,,0580071147,協会（ギルド）としても気になるからこのまま博士に協力してちょうだい。,T3120,Function_9,loc_1DE3,loc_1A9F:cond_true;loc_1A9F:cond_false,loc_1EA0:next
少匹配,塔っていうと……例の《四輪の塔》の１つね。,0,001,mp3010_08,EV_03_50_00,Loc_144,非TK,Loc_143:next,,无候选,,,0010081063,塔っていうと……例の《四輪（しりん）の塔》の１つね。,T3120,Function_21,Function_21_6EDC,,
少匹配,平原道の北にある《紅蓮の塔》だな……,5,005,mp3010_08,EV_03_50_00,Loc_144,非TK,Loc_143:next,,无候选,,,0050081064,平原道の北にある《紅蓮（ぐれん）の塔》だな……,T3120,Function_21,Function_21_6EDC,,
少匹配,おじいちゃんが掠われたのにわたし……わたし……！,6,007,mp3010_08,EV_03_50_00,Loc_144,非TK,Loc_143:next,,无候选,,,0070081085,おじいちゃんが掠（さら）われたのにわたし……わたし……！,T3120,Function_21,Function_21_6EDC,,
少匹配,まーまー。堅いこと言いっこナシ❤,123,028,mp3010_08,EV_03_63_00,Loc_146,非TK,Loc_145:next,,无候选,,,0280090089,まーまー。堅いこと言いっこナシ❤,T3120,Function_22,Function_22_7FCC,,
少匹配,ほらぁ、見て見て。さっき現像したばかりなの。,123,028,mp3010_08,EV_03_63_00,Loc_146,非TK,Loc_145:next,,无候选,,,0280090090,ほらぁ、見て見て。さっき現像したばかりなの。,,,,,
少匹配,博士を掠った飛行艇と同じシルエットなわけね。,111,058,mp3010_08,EV_03_63_00,Loc_146,非TK,Loc_145:next,,无候选,,,0580090107,博士を掠（さら）った飛行艇と同じシルエットなわけね。,T3120,Function_22,Function_22_7FCC,,
少匹配,博士を掠ったって…………………………………,0,001,mp3010_08,EV_03_63_00,Loc_146,非TK,Loc_145:next,,无候选,,,0010090109,博士を掠（さら）ったって…………………………………,T3120,Function_22,Function_22_7FCC,,
少匹配,色々な可能性が考えられるけどまだ結論するのは早すぎると思う。,1,002,mp3010_08,EV_03_63_00,Loc_146,非TK,Loc_145:next,,无候选,,,0020090115,色々な可能性が考えられるけどまだ結論を出すのは早すぎると思う。,T3120,Function_22,Function_22_7FCC,,
少匹配,あの装置、生体感知器の走査を妨害する導力場を発生するの！,6,007,mp3010_08,EV_03_66_01,Loc_130,非TK,_entry:jump;Loc_129:jump;Loc_131:next,,无候选,,,0070090412,あの装置、生体感知器の走査を妨害する導力場（フィールド）を発生するの！,T3120,Function_23,loc_9E3F,Function_23_9742:switch;loc_9B62:jump;loc_9C8F:jump;loc_9DA0:jump,
少匹配,遊撃士協会には、こういう面もあることを覚えておきなさい。,111,058,mp3010_08,EV_03_69_00,_entry,非TK,,,无候选,,,0580090449,遊撃士協会（わたしたち）には、こういう面もあることを覚えておきなさい。,T3120,Function_24,Function_24_BB35,,
少匹配,それが遊撃士の仕事でしょ？,0,001,mp3010_08,EV_03_69_00,_entry,非TK,,,无候选,,,0010090500,それが遊撃士（あたしたち）の仕事でしょ？,T3120,Function_24,Function_24_BB35,,
少匹配,本当に……何から何まですみません。,1,002,mp3010_08,EV_04_02_00,_entry,非TK,,,无候选,,,0020100159,本当に……何から何まですみません。,,,,,
少匹配,フフ、前にも言ったけどそれが私たち受付の仕事だから。,111,058,mp3010_08,EV_04_02_00,_entry,非TK,,,无候选,,,0580100160,フフ、前にも言ったけどそれが私たち受付の仕事だから。,,,,,
少匹配,さて……王都行きの船は１１時出発よ。,111,058,mp3010_08,EV_04_02_00,_entry,非TK,,,无候选,,,0580100161,さて……王都行きの船は１１時出発よ。,,,,,
少匹配,早めに発着場に行って搭乗手続きをした方がいいわね。,111,058,mp3010_08,EV_04_02_00,_entry,非TK,,,无候选,,,0580100162,早めに発着場に行って搭乗手続きをした方がいいわね。,,,,,
少匹配,照れない、照れない。お姉さんにはお見通しよ❤,0,001,mp3030,EV_03_04_01,_entry,非TK,,,无候选,,,0010070345,照れない、照れない。お姉さんにはお見通しよ❤,R3400,Function_2,Function_2_2B0,,
少匹配,ま、まあ無理ないわよね……,0,001,mp3030,EV_03_04_01,_entry,非TK,,,无候选,,,0010070346,ま、まあ無理ないわよね……,,,,,
少匹配,（どうしてこんなに  ホッとしてんのよ～っ！？）,21000,220,mp3030,EV_03_04_01,_entry,非TK,,,无候选,,,0010070366,（どうしてこんなにホッとしてんのよ〜っ！？）,R3400,Function_2,Function_2_2B0,,
少匹配,はうぅ～っ……,6,007,mp3030,EV_03_06_00,Loc_147,非TK,Loc_146:next,,无候选,,,0070070406,はうぅ〜っ……,R3401,Function_3,loc_600,loc_5C9:cond_true;loc_5C9:cond_false,loc_634:next
少匹配,も、もうこんなに集まって来ちゃうなんて～……,6,007,mp3030,EV_03_06_00,Loc_147,非TK,Loc_146:next,,无候选,,,0070070407,も、もうこんなに集まって来ちゃうなんて〜……,R3401,Function_3,loc_600,loc_5C9:cond_true;loc_5C9:cond_false,loc_634:next
少匹配,こ、こわかった～っ……,6,007,mp3030,EV_03_06_01,_entry,非TK,,Loc_94:cond_false;Loc_95:jump,无候选,,,0070070422,こ、こわかった〜っ……,R3401,Function_4,Function_4_637,,loc_1E51:cond_true;loc_F49:switch;loc_F4C:switch;loc_F49:cond_false
少匹配,あ、でもでも……,6,007,mp3030,EV_03_06_01,_entry,非TK,,Loc_94:cond_false;Loc_95:jump,无候选,,,0070070428,あ、でもでも……,R3401,Function_4,loc_F4C,Function_4_637:switch;loc_F49:next,loc_12D6:cond_true;loc_1392:jump;loc_12D6:cond_false
少匹配,あぅ……ご、ごめんなさぁい。,6,007,mp3030,EV_03_06_01,Loc_95,非TK,_entry:jump;Loc_94:next,Loc_96:cond_false;Loc_97:jump,无候选,,,0070070442,あぅ……ご、ごめんなさぁい。,R3401,Function_4,loc_1392,loc_F4C:jump;loc_12D6:next,loc_1E51:next
少匹配,こ、こうなったら……,14,,mp3030,MayaEvent03_06_00,Loc_123,非TK,Loc_122:cond_false;Loc_122:next,Loc_124:cond_false;Loc_124:jump,无候选,,,0070070409,こ、こうなったら……,R3401,Function_3,loc_600,loc_5C9:cond_true;loc_5C9:cond_false,loc_634:next
少匹配,方向ヨシ、仰角２０度……,14,,mp3030,MayaEvent03_06_00,Loc_124,非TK,Loc_123:cond_false;Loc_123:jump,Loc_125:cond_false;Loc_125:jump,无候选,,,0070070410,方向ヨシ、仰角２０度……,R3401,Function_3,loc_600,loc_5C9:cond_true;loc_5C9:cond_false,loc_634:next
少匹配,導力充填率３０％……,14,,mp3030,MayaEvent03_06_00,Loc_125,非TK,Loc_124:cond_false;Loc_124:jump,Loc_126:cond_false;Loc_126:jump,无候选,,,0070070411,導力充填率３０％……,R3401,Function_3,loc_600,loc_5C9:cond_true;loc_5C9:cond_false,loc_634:next
少匹配,………いっけええっ！,14,,mp3030,MayaEvent03_06_00,Loc_125,非TK,Loc_124:cond_false;Loc_124:jump,Loc_126:cond_false;Loc_126:jump,无候选,,,0070070412,………いっけええっ！,R3401,Function_3,loc_600,loc_5C9:cond_true;loc_5C9:cond_false,loc_634:next
少匹配,そ、それ以上近づいたら今度は当てちゃうんだから！,14,,mp3030,MayaEvent03_06_00,Loc_125,非TK,Loc_124:cond_false;Loc_124:jump,Loc_126:cond_false;Loc_126:jump,无候选,,,0070070413,そ、それ以上近づいたら今度は当てちゃうんだから！,R3401,Function_3,loc_600,loc_5C9:cond_true;loc_5C9:cond_false,loc_634:next
少匹配,ほ、本当に、本気なんだからっ！,14,,mp3030,MayaEvent03_06_00,Loc_125,非TK,Loc_124:cond_false;Loc_124:jump,Loc_126:cond_false;Loc_126:jump,无候选,,,0070070414,ほ、本当に、本気なんだからっ！,R3401,Function_3,loc_600,loc_5C9:cond_true;loc_5C9:cond_false,loc_634:next
少匹配,あう……ぎゃ、逆効果だったかも……,14,,mp3030,MayaEvent03_06_00,Loc_125,非TK,Loc_124:cond_false;Loc_124:jump,Loc_126:cond_false;Loc_126:jump,无候选,,,0070070415,あう……ぎゃ、逆効果だったかも……,R3401,Function_3,loc_600,loc_5C9:cond_true;loc_5C9:cond_false,loc_634:next
少匹配,やああっ……！,14,,mp3030,MayaEvent03_06_00,Loc_125,非TK,Loc_124:cond_false;Loc_124:jump,Loc_126:cond_false;Loc_126:jump,无候选,,,0070070416,やああっ……！,R3401,Function_3,loc_600,loc_5C9:cond_true;loc_5C9:cond_false,loc_634:next
少匹配,うりゃああああっ！,14,,mp3030,MayaEvent03_06_00,Loc_126,非TK,Loc_125:cond_false;Loc_125:jump,Loc_127:cond_false;Loc_127:next,无候选,,,0010070417,うりゃああああっ！,R3401,Function_4,Function_4_637,,loc_1E51:cond_true;loc_F49:switch;loc_F4C:switch;loc_F49:cond_false
少匹配,あ、さっきの……！,14,,mp3030,MayaEvent03_06_00,Loc_126,非TK,Loc_125:cond_false;Loc_125:jump,Loc_127:cond_false;Loc_127:next,无候选,,,0070070419,あ、さっきの……！,R3401,Function_4,Function_4_637,,loc_1E51:cond_true;loc_F49:switch;loc_F4C:switch;loc_F49:cond_false
少匹配,話はあとあと！いいから下がってて！,14,,mp3030,MayaEvent03_06_00,Loc_126,非TK,Loc_125:cond_false;Loc_125:jump,Loc_127:cond_false;Loc_127:next,无候选,,,0010070420,話はあとあと！いいから下がってて！,R3401,Function_4,Function_4_637,,loc_1E51:cond_true;loc_F49:switch;loc_F4C:switch;loc_F49:cond_false
少匹配,とりあえずこいつらを追っ払うからね！,14,,mp3030,MayaEvent03_06_00,Loc_126,非TK,Loc_125:cond_false;Loc_125:jump,Loc_127:cond_false;Loc_127:next,无候选,,,0020070421,とりあえずこいつらを追っ払うからね！,R3401,Function_4,Function_4_637,,loc_1E51:cond_true;loc_F49:switch;loc_F4C:switch;loc_F49:cond_false
少匹配,中央工房で強盗事件があったって聞いてね、ちょっと心配してたんだよ。,129,057,mp3041_02,TK_MAO,Loc_20,TK,Loc_19:cond_false,Loc_21:cond_false;Loc_22:cond_false;Loc_23:jump,多候选,0570080304,0570080304|0570080302,0570080302,中央工房で強盗事件があったって聞いてね、ちょっと心配してたんだよ。,T3223,Function_18,loc_2C8C,loc_2B9F:cond_true;loc_2B9F:cond_false,loc_2D3D:next
少匹配,しかしその様子なら大丈夫だね。ふう、やれやれひと安心だよ。,129,057,mp3041_02,TK_MAO,Loc_20,TK,Loc_19:cond_false,Loc_21:cond_false;Loc_22:cond_false;Loc_23:jump,多候选,0570080305,0570080305|0570080303,0570080303,しかしその様子なら大丈夫だね。ふう、やれやれひと安心だよ。,T3223,Function_18,loc_2C8C,loc_2B9F:cond_true;loc_2B9F:cond_false,loc_2D3D:next
少匹配,えっと……ここがお風呂の入口よね？,0,001,mp3041_02,EV_03_39_00,Loc_101,非TK,Loc_99:jump;Loc_100:next,Loc_102:cond_false;Loc_103:jump,无候选,,,0010080372|0010080374,えっと……ここがお風呂の入口よね？|えっと……ここがお風呂の入口よね？,T3233,Function_14,Function_14_7CB,,loc_1F26:cond_true;loc_8B3:cond_true;loc_99F:jump;loc_8B3:cond_false
少匹配,はい、こっちが女湯で手前にあるのが男湯なんです。,6,007,mp3041_02,EV_03_39_00,Loc_101,非TK,Loc_99:jump;Loc_100:next,Loc_102:cond_false;Loc_103:jump,无候选,,,0070080373,はい、こっちが女湯で手前にあるのが男湯なんです。,T3233,Function_14,Function_14_7CB,,loc_1F26:cond_true;loc_8B3:cond_true;loc_99F:jump;loc_8B3:cond_false
少匹配,エ、エステルさん。こっちは男湯ですよー。,6,007,mp3041_02,EV_03_39_00,Loc_102,非TK,Loc_101:cond_false,Loc_103:next,无候选,,,0070080375,エ、エステルさん。こっちは男湯ですよー。,T3233,Function_14,loc_8B3,Function_14_7CB:cond_true;Function_14_7CB:cond_false,loc_99F:next
少匹配,奥にあるのが女湯なんです。,6,007,mp3041_02,EV_03_39_00,Loc_102,非TK,Loc_101:cond_false,Loc_103:next,无候选,,,0070080376,奥にあるのが女湯なんです。,T3233,Function_14,loc_8B3,Function_14_7CB:cond_true;Function_14_7CB:cond_false,loc_99F:next
少匹配,あ、なるほど。男女に分かれてるんだ。,0,001,mp3041_02,EV_03_39_00,Loc_103,非TK,Loc_101:jump;Loc_102:next,Loc_104:cond_false;Loc_105:jump,无候选,,,0010080377,あ、なるほど。男女に分かれてるんだ。,T3233,Function_14,loc_99F,Function_14_7CB:jump;loc_8B3:next,loc_1E85:cond_true;loc_1E85:cond_false
少匹配,はは、そりゃそうよね。着替えたりするわけだし。,0,001,mp3041_02,EV_03_39_00,Loc_103,非TK,Loc_101:jump;Loc_102:next,Loc_104:cond_false;Loc_105:jump,无候选,,,0010080378,はは、そりゃそうよね。着替えたりするわけだし。,T3233,Function_14,loc_99F,Function_14_7CB:jump;loc_8B3:next,loc_1E85:cond_true;loc_1E85:cond_false
少匹配,それじゃ、２人とも。いったんここでお別れだね。,1,002,mp3041_02,EV_03_39_00,Loc_105,非TK,Loc_103:jump;Loc_104:next,Loc_106:cond_false;Loc_107:jump,无候选,,,0020080380,それじゃ、２人とも。いったんここでお別れだね。,T3233,Function_14,loc_99F,Function_14_7CB:jump;loc_8B3:next,loc_1E85:cond_true;loc_1E85:cond_false
少匹配,うん、また後でね♪,0,001,mp3041_02,EV_03_39_00,Loc_107,非TK,Loc_105:jump;Loc_106:next,,无候选,,,0010080381,うん、また後でね♪,T3233,Function_14,loc_99F,Function_14_7CB:jump;loc_8B3:next,loc_1E85:cond_true;loc_1E85:cond_false
少匹配,失礼しますー。,6,007,mp3041_02,EV_03_39_00,Loc_107,非TK,Loc_105:jump;Loc_106:next,,无候选,,,0070080382,失礼しますー。,T3233,Function_14,loc_99F,Function_14_7CB:jump;loc_8B3:next,loc_1E85:cond_true;loc_1E85:cond_false
少匹配,は～、極楽、極楽。,0,001,mp3041_02,EV_03_39_01,_entry,非TK,,Loc_108:cond_false;Loc_109:jump,无候选,,,0010080383,は〜、極楽、極楽。,T3233,Function_14,loc_99F,Function_14_7CB:jump;loc_8B3:next,loc_1E85:cond_true;loc_1E85:cond_false
少匹配,温泉って、初めて入ったけど想像以上に気持ちいいわねぇ。,0,001,mp3041_02,EV_03_39_01,_entry,非TK,,Loc_108:cond_false;Loc_109:jump,无候选,,,0010080384,温泉って、初めて入ったけど想像以上に気持ちいいわねぇ。,T3233,Function_14,loc_99F,Function_14_7CB:jump;loc_8B3:next,loc_1E85:cond_true;loc_1E85:cond_false
少匹配,ドロシーじゃないけど　こりゃあ、病みつきにもなるわ。,0,001,mp3041_02,EV_03_39_01,_entry,非TK,,Loc_108:cond_false;Loc_109:jump,无候选,,,0010080385,ドロシーじゃないけど　こりゃあ、病みつきにもなるわ。,T3233,Function_14,loc_99F,Function_14_7CB:jump;loc_8B3:next,loc_1E85:cond_true;loc_1E85:cond_false
少匹配,ふふ……わたしもかなり病みつきです。,6,007,mp3041_02,EV_03_39_01,_entry,非TK,,Loc_108:cond_false;Loc_109:jump,无候选,,,0070080386,ふふ……　　　　　　　　　　　　　　わたしもかなり病みつきです。,T3233,Function_14,loc_99F,Function_14_7CB:jump;loc_8B3:next,loc_1E85:cond_true;loc_1E85:cond_false
少匹配,小さな頃から、おじいちゃんに連れてきてもらってましたから。,6,007,mp3041_02,EV_03_39_01,_entry,非TK,,Loc_108:cond_false;Loc_109:jump,无候选,,,0070080387,小さな頃から、おじいちゃんに連れてきてもらってましたから。,T3233,Function_14,loc_99F,Function_14_7CB:jump;loc_8B3:next,loc_1E85:cond_true;loc_1E85:cond_false
少匹配,あれ、あそこの扉ってなに？,0,001,mp3041_02,EV_03_39_01,_entry,非TK,,Loc_108:cond_false;Loc_109:jump,无候选,,,0010080389,あれ、あそこの扉ってなに？,T3233,Function_14,loc_99F,Function_14_7CB:jump;loc_8B3:next,loc_1E85:cond_true;loc_1E85:cond_false
少匹配,あ、さっき言っていた露天風呂に繋がってるんです。,6,007,mp3041_02,EV_03_39_01,_entry,非TK,,Loc_108:cond_false;Loc_109:jump,无候选,,,0070080390,あ、さっき言っていた露天風呂に繋がってるんです。,T3233,Function_14,loc_99F,Function_14_7CB:jump;loc_8B3:next,loc_1E85:cond_true;loc_1E85:cond_false
少匹配,とってもおっきくて１０人でも入れそうな感じです。,6,007,mp3041_02,EV_03_39_01,_entry,非TK,,Loc_108:cond_false;Loc_109:jump,无候选,,,0070080391,とってもおっきくて１０人でも入れそうな感じです。,T3233,Function_14,loc_99F,Function_14_7CB:jump;loc_8B3:next,loc_1E85:cond_true;loc_1E85:cond_false
少匹配,へえ、そうなんだ～……,0,001,mp3041_02,EV_03_39_01,_entry,非TK,,Loc_108:cond_false;Loc_109:jump,无候选,,,0010080392,へえ、そうなんだ〜……,T3233,Function_14,loc_99F,Function_14_7CB:jump;loc_8B3:next,loc_1E85:cond_true;loc_1E85:cond_false
少匹配,ほふ～、旅の疲れが身体から溶け出る気がする～。,0,001,mp3041_02,EV_03_39_01,_entry,非TK,,Loc_108:cond_false;Loc_109:jump,无候选,,,0010080393,ほふ〜、旅の疲れが身体から溶け出る気がする〜。,T3233,Function_14,loc_99F,Function_14_7CB:jump;loc_8B3:next,loc_1E85:cond_true;loc_1E85:cond_false
少匹配,エステルさんたちって歩いて旅をしてるんですよね？,6,007,mp3041_02,EV_03_39_01,_entry,非TK,,Loc_108:cond_false;Loc_109:jump,无候选,,,0070080394,エステルさんたちって歩いて旅をしてるんですよね？,T3233,Function_14,loc_99F,Function_14_7CB:jump;loc_8B3:next,loc_1E85:cond_true;loc_1E85:cond_false
少匹配,なんで飛行船を使わないんですか？,6,007,mp3041_02,EV_03_39_01,_entry,非TK,,Loc_108:cond_false;Loc_109:jump,无候选,,,0070080395,なんで飛行船を使わないんですか？,T3233,Function_14,loc_99F,Function_14_7CB:jump;loc_8B3:next,loc_1E85:cond_true;loc_1E85:cond_false
少匹配,うーん、修行のためかな？,0,001,mp3041_02,EV_03_39_01,_entry,非TK,,Loc_108:cond_false;Loc_109:jump,无候选,,,0010080396,うーん、修行のためかな？,T3233,Function_14,loc_99F,Function_14_7CB:jump;loc_8B3:next,loc_1E85:cond_true;loc_1E85:cond_false
少匹配,あと……父さんの言葉っていうのが大きかったのかもしんない。,0,001,mp3041_02,EV_03_39_01,_entry,非TK,,Loc_108:cond_false;Loc_109:jump,无候选,,,0010080397,あと……父さんの言葉っていうのが大きかったのかもしんない。,T3233,Function_14,loc_99F,Function_14_7CB:jump;loc_8B3:next,loc_1E85:cond_true;loc_1E85:cond_false
少匹配,カシウスおじさんの……？,6,007,mp3041_02,EV_03_39_01,_entry,非TK,,Loc_108:cond_false;Loc_109:jump,无候选,,,0070080398,カシウスおじさんの……？,T3233,Function_14,loc_99F,Function_14_7CB:jump;loc_8B3:next,loc_1E85:cond_true;loc_1E85:cond_false
少匹配,うん、父さんの教え子でシェラ姉ってのがいるんだけど。,0,001,mp3041_02,EV_03_39_01,_entry,非TK,,Loc_108:cond_false;Loc_109:jump,无候选,,,0010080399,うん、父さんの教え子でシェラ姉ってのがいるんだけど。,T3233,Function_14,loc_99F,Function_14_7CB:jump;loc_8B3:next,loc_1E85:cond_true;loc_1E85:cond_false
少匹配,父さん、やっぱりその人に徒歩での旅を勧めたのよね。,0,001,mp3041_02,EV_03_39_01,_entry,非TK,,Loc_108:cond_false;Loc_109:jump,无候选,,,0010080400,父さん、やっぱりその人に徒歩での旅を勧めたのよね。,T3233,Function_14,loc_99F,Function_14_7CB:jump;loc_8B3:next,loc_1E85:cond_true;loc_1E85:cond_false
少匹配,守るべき場所を、自分の足で実際に歩いて確かめてみろってね。,0,001,mp3041_02,EV_03_39_01,_entry,非TK,,Loc_108:cond_false;Loc_109:jump,无候选,,,0010080401,守るべき場所を、自分の足で実際に歩いて確かめてみろってね。,T3233,Function_14,loc_99F,Function_14_7CB:jump;loc_8B3:next,loc_1E85:cond_true;loc_1E85:cond_false
少匹配,わ、カッコイイ……,6,007,mp3041_02,EV_03_39_01,_entry,非TK,,Loc_108:cond_false;Loc_109:jump,无候选,,,0070080402,わ、カッコイイ……,T3233,Function_14,loc_99F,Function_14_7CB:jump;loc_8B3:next,loc_1E85:cond_true;loc_1E85:cond_false
少匹配,普段はおちゃらけてるけど決める時は決めてたみたい。,0,001,mp3041_02,EV_03_39_01,_entry,非TK,,Loc_108:cond_false;Loc_109:jump,无候选,,,0010080403,普段はおちゃらけてるけど決める時は決めてたみたい。,T3233,Function_14,loc_99F,Function_14_7CB:jump;loc_8B3:next,loc_1E85:cond_true;loc_1E85:cond_false
少匹配,はあ、今ごろどこをほっつき歩いてんだか。,0,001,mp3041_02,EV_03_39_01,_entry,非TK,,Loc_108:cond_false;Loc_109:jump,无候选,,,0010080404,はあ、今ごろどこをほっつき歩いてんだか。,T3233,Function_14,loc_99F,Function_14_7CB:jump;loc_8B3:next,loc_1E85:cond_true;loc_1E85:cond_false
少匹配,……エステルさん……,6,007,mp3041_02,EV_03_39_01,_entry,非TK,,Loc_108:cond_false;Loc_109:jump,无候选,,,0070080405,……エステルさん……,T3233,Function_14,loc_99F,Function_14_7CB:jump;loc_8B3:next,loc_1E85:cond_true;loc_1E85:cond_false
少匹配,あはは、ごめんごめん。しめっぽくなっちゃったかな。,0,001,mp3041_02,EV_03_39_01,_entry,非TK,,Loc_108:cond_false;Loc_109:jump,无候选,,,0010080406,あはは、ごめんごめん。しめっぽくなっちゃったかな。,T3233,Function_14,loc_99F,Function_14_7CB:jump;loc_8B3:next,loc_1E85:cond_true;loc_1E85:cond_false
少匹配,ま、あたしたちも修行があるし、心配ばかりもしてられないからね。,0,001,mp3041_02,EV_03_39_01,_entry,非TK,,Loc_108:cond_false;Loc_109:jump,无候选,,,0010080407,ま、あたしたちも修行があるし、心配ばかりもしてられないからね。,T3233,Function_14,loc_99F,Function_14_7CB:jump;loc_8B3:next,loc_1E85:cond_true;loc_1E85:cond_false
少匹配,今できるのは……うん、信じることくらいかな。,0,001,mp3041_02,EV_03_39_01,_entry,非TK,,Loc_108:cond_false;Loc_109:jump,无候选,,,0010080408,今できるのは……うん、信じることくらいかな。,T3233,Function_14,loc_99F,Function_14_7CB:jump;loc_8B3:next,loc_1E85:cond_true;loc_1E85:cond_false
少匹配,信じること……,6,007,mp3041_02,EV_03_39_01,_entry,非TK,,Loc_108:cond_false;Loc_109:jump,无候选,,,0070080409,信じること……,T3233,Function_14,loc_99F,Function_14_7CB:jump;loc_8B3:next,loc_1E85:cond_true;loc_1E85:cond_false
少匹配,ん、どうかした？,0,001,mp3041_02,EV_03_39_01,_entry,非TK,,Loc_108:cond_false;Loc_109:jump,无候选,,,0010080411,ん、どうかした？,T3233,Function_14,loc_99F,Function_14_7CB:jump;loc_8B3:next,loc_1E85:cond_true;loc_1E85:cond_false
少匹配,ううん、何でもないです。,6,007,mp3041_02,EV_03_39_01,_entry,非TK,,Loc_108:cond_false;Loc_109:jump,无候选,,,0070080412,ううん、何でもないです。,T3233,Function_14,loc_99F,Function_14_7CB:jump;loc_8B3:next,loc_1E85:cond_true;loc_1E85:cond_false
少匹配,あっ……そうだ！,6,007,mp3041_02,EV_03_39_01,_entry,非TK,,Loc_108:cond_false;Loc_109:jump,无候选,,,0070080413,あっ……そうだ！,T3233,Function_14,loc_99F,Function_14_7CB:jump;loc_8B3:next,loc_1E85:cond_true;loc_1E85:cond_false
少匹配,わたし、エステルさんに聞きたいことがあるんですけど。,6,007,mp3041_02,EV_03_39_01,_entry,非TK,,Loc_108:cond_false;Loc_109:jump,无候选,,,0070080414,わたし、エステルさんに聞きたいことがあるんですけど。,T3233,Function_14,loc_99F,Function_14_7CB:jump;loc_8B3:next,loc_1E85:cond_true;loc_1E85:cond_false
少匹配,聞きたいこと？,0,001,mp3041_02,EV_03_39_01,_entry,非TK,,Loc_108:cond_false;Loc_109:jump,无候选,,,0010080415,聞きたいこと？,T3233,Function_14,loc_99F,Function_14_7CB:jump;loc_8B3:next,loc_1E85:cond_true;loc_1E85:cond_false
少匹配,なになに？なんでも聞いていいわよ？,0,001,mp3041_02,EV_03_39_01,_entry,非TK,,Loc_108:cond_false;Loc_109:jump,无候选,,,0010080416,なになに？なんでも聞いていいわよ？,T3233,Function_14,loc_99F,Function_14_7CB:jump;loc_8B3:next,loc_1E85:cond_true;loc_1E85:cond_false
少匹配,えと、あの、その……,6,007,mp3041_02,EV_03_39_01,_entry,非TK,,Loc_108:cond_false;Loc_109:jump,无候选,,,0070080417,えと、あの、その……,T3233,Function_14,loc_99F,Function_14_7CB:jump;loc_8B3:next,loc_1E85:cond_true;loc_1E85:cond_false
少匹配,エステルさんとヨシュアさんってもう結婚しているのかなぁって。,6,007,mp3041_02,EV_03_39_01,_entry,非TK,,Loc_108:cond_false;Loc_109:jump,无候选,,,0070080418,エステルさんとヨシュアさんってもう結婚しているのかなぁって。,T3233,Function_14,loc_99F,Function_14_7CB:jump;loc_8B3:next,loc_1E85:cond_true;loc_1E85:cond_false
少匹配,えっと、ゴメン。聞き間違っちゃったみたい。,0,001,mp3041_02,EV_03_39_01,_entry,非TK,,Loc_108:cond_false;Loc_109:jump,无候选,,,0010080421,えっと、ゴメン。聞き間違っちゃったみたい。,T3233,Function_14,loc_99F,Function_14_7CB:jump;loc_8B3:next,loc_1E85:cond_true;loc_1E85:cond_false
少匹配,あたしとヨシュアが何だって？,0,001,mp3041_02,EV_03_39_01,_entry,非TK,,Loc_108:cond_false;Loc_109:jump,无候选,,,0010080422,あたしとヨシュアが何だって？,T3233,Function_14,loc_99F,Function_14_7CB:jump;loc_8B3:next,loc_1E85:cond_true;loc_1E85:cond_false
少匹配,あう、ですからぁ。もう結婚してるのかな～って。,6,007,mp3041_02,EV_03_39_01,_entry,非TK,,Loc_108:cond_false;Loc_109:jump,无候选,,,0070080423,あう、ですからぁ。もう結婚してるのかな〜って。,T3233,Function_14,loc_99F,Function_14_7CB:jump;loc_8B3:next,loc_1E85:cond_true;loc_1E85:cond_false
少匹配,なんでそうなるワケ！？,0,001,mp3041_02,EV_03_39_01,_entry,非TK,,Loc_108:cond_false;Loc_109:jump,无候选,,,0010080425,なんでそうなるワケ！？,T3233,Function_14,loc_99F,Function_14_7CB:jump;loc_8B3:next,loc_1E85:cond_true;loc_1E85:cond_false
少匹配,だ、だって名字が同じだし……,6,007,mp3041_02,EV_03_39_01,_entry,非TK,,Loc_108:cond_false;Loc_109:jump,无候选,,,0070080426,だ、だって名字が同じだし……,T3233,Function_14,loc_99F,Function_14_7CB:jump;loc_8B3:next,loc_1E85:cond_true;loc_1E85:cond_false
少匹配,兄妹にしては似てないからてっきりそうなのかな～って……,6,007,mp3041_02,EV_03_39_01,_entry,非TK,,Loc_108:cond_false;Loc_109:jump,无候选,,,0070080427,兄妹にしては似てないからてっきりそうなのかな〜って……,T3233,Function_14,loc_99F,Function_14_7CB:jump;loc_8B3:next,loc_1E85:cond_true;loc_1E85:cond_false
少匹配,に、似てないのは血がつながっていないからっ！,0,001,mp3041_02,EV_03_39_01,_entry,非TK,,Loc_108:cond_false;Loc_109:jump,无候选,,,0010080428,に、似てないのは血がつながっていないからっ！,T3233,Function_14,loc_99F,Function_14_7CB:jump;loc_8B3:next,loc_1E85:cond_true;loc_1E85:cond_false
少匹配,みょ、名字が同じなのはヨシュアが父さんの養子だから！,0,001,mp3041_02,EV_03_39_01,_entry,非TK,,Loc_108:cond_false;Loc_109:jump,无候选,,,0010080429,みょ、名字が同じなのはヨシュアが父さんの養子だから！,T3233,Function_14,loc_99F,Function_14_7CB:jump;loc_8B3:next,loc_1E85:cond_true;loc_1E85:cond_false
少匹配,あ、そーなんですか……,6,007,mp3041_02,EV_03_39_01,_entry,非TK,,Loc_108:cond_false;Loc_109:jump,无候选,,,0070080430,あ、そーなんですか……,T3233,Function_14,loc_99F,Function_14_7CB:jump;loc_8B3:next,loc_1E85:cond_true;loc_1E85:cond_false
少匹配,えへへ、ごめんなさい。ちょっと勘違いしちゃいました。,6,007,mp3041_02,EV_03_39_01,_entry,非TK,,Loc_108:cond_false;Loc_109:jump,无候选,,,0070080431,えへへ、ごめんなさい。ちょっと勘違いしちゃいました。,T3233,Function_14,loc_99F,Function_14_7CB:jump;loc_8B3:next,loc_1E85:cond_true;loc_1E85:cond_false
少匹配,と、とんだ勘違いだわ……,0,001,mp3041_02,EV_03_39_01,_entry,非TK,,Loc_108:cond_false;Loc_109:jump,无候选,,,0010080432,と、とんだ勘違いだわ……,T3233,Function_14,loc_99F,Function_14_7CB:jump;loc_8B3:next,loc_1E85:cond_true;loc_1E85:cond_false
少匹配,そもそも、あたしもヨシュアもまだ１６歳なんだから。,0,001,mp3041_02,EV_03_39_01,_entry,非TK,,Loc_108:cond_false;Loc_109:jump,无候选,,,0010080433,そもそも、あたしもヨシュアもまだ１６歳なんだから。,T3233,Function_14,loc_99F,Function_14_7CB:jump;loc_8B3:next,loc_1E85:cond_true;loc_1E85:cond_false
少匹配,結婚なんて全然先の話だってば。,0,001,mp3041_02,EV_03_39_01,_entry,非TK,,Loc_108:cond_false;Loc_109:jump,无候选,,,0010080434,結婚なんて全然先の話だってば。,T3233,Function_14,loc_99F,Function_14_7CB:jump;loc_8B3:next,loc_1E85:cond_true;loc_1E85:cond_false
少匹配,そ、そーですよね。,6,007,mp3041_02,EV_03_39_01,_entry,非TK,,Loc_108:cond_false;Loc_109:jump,无候选,,,0070080435,そ、そーですよね。,T3233,Function_14,loc_99F,Function_14_7CB:jump;loc_8B3:next,loc_1E85:cond_true;loc_1E85:cond_false
少匹配,いくらお互いが好きでもそんなに早く結婚しませんよね。,6,007,mp3041_02,EV_03_39_01,_entry,非TK,,Loc_108:cond_false;Loc_109:jump,无候选,,,0070080436,いくらお互いが好きでもそんなに早く結婚しませんよね。,T3233,Function_14,loc_99F,Function_14_7CB:jump;loc_8B3:next,loc_1E85:cond_true;loc_1E85:cond_false
少匹配,だ、だからぁ！あたしとヨシュアは恋人でも何でもないの！,0,001,mp3041_02,EV_03_39_01,_entry,非TK,,Loc_108:cond_false;Loc_109:jump,无候选,,,0010080438,だ、だからぁ！あたしとヨシュアは恋人でも何でもないの！,T3233,Function_14,loc_99F,Function_14_7CB:jump;loc_8B3:next,loc_1E85:cond_true;loc_1E85:cond_false
少匹配,ただの家族よ、家族！,0,001,mp3041_02,EV_03_39_01,_entry,非TK,,Loc_108:cond_false;Loc_109:jump,无候选,,,0010080439,ただの家族よ、家族！,T3233,Function_14,loc_99F,Function_14_7CB:jump;loc_8B3:next,loc_1E85:cond_true;loc_1E85:cond_false
少匹配,そ、そーなんですか！？,6,007,mp3041_02,EV_03_39_01,_entry,非TK,,Loc_108:cond_false;Loc_109:jump,无候选,,,0070080440,そ、そーなんですか！？,T3233,Function_14,loc_99F,Function_14_7CB:jump;loc_8B3:next,loc_1E85:cond_true;loc_1E85:cond_false
少匹配,そーなんですかって……,0,001,mp3041_02,EV_03_39_01,_entry,非TK,,Loc_108:cond_false;Loc_109:jump,无候选,,,0010080441,そーなんですかって……,T3233,Function_14,loc_99F,Function_14_7CB:jump;loc_8B3:next,loc_1E85:cond_true;loc_1E85:cond_false
少匹配,あの、ティータちゃん。,0,001,mp3041_02,EV_03_39_01,_entry,非TK,,Loc_108:cond_false;Loc_109:jump,无候选,,,0010080443,あの、ティータちゃん。,T3233,Function_14,loc_99F,Function_14_7CB:jump;loc_8B3:next,loc_1E85:cond_true;loc_1E85:cond_false
少匹配,あたしとヨシュアってそーいう雰囲気に見える？,0,001,mp3041_02,EV_03_39_01,_entry,非TK,,Loc_108:cond_false;Loc_109:jump,无候选,,,0010080444,あたしとヨシュアってそーいう雰囲気に見える？,T3233,Function_14,loc_99F,Function_14_7CB:jump;loc_8B3:next,loc_1E85:cond_true;loc_1E85:cond_false
少匹配,そーいう雰囲気って？,6,007,mp3041_02,EV_03_39_01,_entry,非TK,,Loc_108:cond_false;Loc_109:jump,无候选,,,0070080445,そーいう雰囲気って？,T3233,Function_14,loc_99F,Function_14_7CB:jump;loc_8B3:next,loc_1E85:cond_true;loc_1E85:cond_false
少匹配,だ、だから……こ、恋人同士みたいな雰囲気よ。,0,001,mp3041_02,EV_03_39_01,_entry,非TK,,Loc_108:cond_false;Loc_109:jump,无候选,,,0010080446,だ、だから……こ、恋人同士みたいな雰囲気よ。,T3233,Function_14,loc_99F,Function_14_7CB:jump;loc_8B3:next,loc_1E85:cond_true;loc_1E85:cond_false
少匹配,らぶらぶとか、あつあつとかいちゃいちゃとか、そういうの。,0,001,mp3041_02,EV_03_39_01,_entry,非TK,,Loc_108:cond_false;Loc_109:jump,无候选,,,0010080447,らぶらぶとか、あつあつとかいちゃいちゃとか、そういうの。,T3233,Function_14,loc_99F,Function_14_7CB:jump;loc_8B3:next,loc_1E85:cond_true;loc_1E85:cond_false
少匹配,あう……そーいう感じはしませんけど。,6,007,mp3041_02,EV_03_39_01,_entry,非TK,,Loc_108:cond_false;Loc_109:jump,无候选,,,0070080448,あう……そーいう感じはしませんけど。,T3233,Function_14,loc_99F,Function_14_7CB:jump;loc_8B3:next,loc_1E85:cond_true;loc_1E85:cond_false
少匹配,でもでも、いつも一緒で自然な感じだし、お互いのことを分かり合ってるような感じだし……,6,007,mp3041_02,EV_03_39_01,_entry,非TK,,Loc_108:cond_false;Loc_109:jump,无候选,,,0070080449,でもでも、いつも一緒で自然な感じだし、お互いのことを分かり合ってるような感じだし……,T3233,Function_14,loc_99F,Function_14_7CB:jump;loc_8B3:next,loc_1E85:cond_true;loc_1E85:cond_false
少匹配,いや、それはまあ、少しはそうかもしれないけど……,0,001,mp3041_02,EV_03_39_01,_entry,非TK,,Loc_108:cond_false;Loc_109:jump,无候选,,,0010080450,いや、それはまあ、少しはそうかもしれないけど……,T3233,Function_14,loc_99F,Function_14_7CB:jump;loc_8B3:next,loc_1E85:cond_true;loc_1E85:cond_false
少匹配,それって、家族とか親友でもありそうな雰囲気じゃない？,0,001,mp3041_02,EV_03_39_01,_entry,非TK,,Loc_108:cond_false;Loc_109:jump,无候选,,,0010080451,それって、家族とか親友でもありそうな雰囲気じゃない？,T3233,Function_14,loc_99F,Function_14_7CB:jump;loc_8B3:next,loc_1E85:cond_true;loc_1E85:cond_false
少匹配,だいたい、あたしとヨシュアってそんな雰囲気になったことすら……,0,001,mp3041_02,EV_03_39_01,_entry,非TK,,Loc_108:cond_false;Loc_109:jump,无候选,,,0010080452,だいたい、あたしとヨシュアってそんな雰囲気になったことすら……,T3233,Function_14,loc_99F,Function_14_7CB:jump;loc_8B3:next,loc_1E85:cond_true;loc_1E85:cond_false
少匹配,（っていうか、あたし今まで  あんな恥ずかしいことを平気で……）,0,001,mp3041_02,EV_03_39_01,_entry,非TK,,Loc_108:cond_false;Loc_109:jump,无候选,,,0010080454,（っていうか、あたし今まであんな恥ずかしいことを平気で……）,T3233,Function_14,loc_99F,Function_14_7CB:jump;loc_8B3:next,loc_1E85:cond_true;loc_1E85:cond_false
少匹配,エステルさん？お顔、まっかですけど……,6,007,mp3041_02,EV_03_39_01,_entry,非TK,,Loc_108:cond_false;Loc_109:jump,无候选,,,0070080456,エステルさん？お顔、まっかですけど……,T3233,Function_14,loc_99F,Function_14_7CB:jump;loc_8B3:next,loc_1E85:cond_true;loc_1E85:cond_false
少匹配,あわわ……何でもない、何でもないから！,0,001,mp3041_02,EV_03_39_01,_entry,非TK,,Loc_108:cond_false;Loc_109:jump,无候选,,,0010080457,あわわ……何でもない、何でもないから！,T3233,Function_14,loc_99F,Function_14_7CB:jump;loc_8B3:next,loc_1E85:cond_true;loc_1E85:cond_false
少匹配,いや～、それにしても温泉ってホントーに効くよね！？,0,001,mp3041_02,EV_03_39_01,_entry,非TK,,Loc_108:cond_false;Loc_109:jump,无候选,,,0010080458,いや〜、それにしても温泉ってホントーに効くよね！？,T3233,Function_14,loc_99F,Function_14_7CB:jump;loc_8B3:next,loc_1E85:cond_true;loc_1E85:cond_false
少匹配,血のめぐりが良くなりすぎて頭がクラクラするっていうかっ！,0,001,mp3041_02,EV_03_39_01,_entry,非TK,,Loc_108:cond_false;Loc_109:jump,无候选,,,0010080459,血のめぐりが良くなりすぎて頭がクラクラするっていうかっ！,T3233,Function_14,loc_99F,Function_14_7CB:jump;loc_8B3:next,loc_1E85:cond_true;loc_1E85:cond_false
少匹配,そ、そういえば露天風呂があったんだっけ？,0,001,mp3041_02,EV_03_39_01,_entry,非TK,,Loc_108:cond_false;Loc_109:jump,无候选,,,0010080461,そ、そういえば露天風呂があったんだっけ？,T3233,Function_14,loc_99F,Function_14_7CB:jump;loc_8B3:next,loc_1E85:cond_true;loc_1E85:cond_false
少匹配,のぼせてきちゃったしあたし、ちょっと行ってくるね！,0,001,mp3041_02,EV_03_39_01,_entry,非TK,,Loc_108:cond_false;Loc_109:jump,无候选,,,0010080462,のぼせてきちゃったしあたし、ちょっと行ってくるね！,T3233,Function_14,loc_99F,Function_14_7CB:jump;loc_8B3:next,loc_1E85:cond_true;loc_1E85:cond_false
少匹配,あ、そーいえば。エステルさん、露天風呂って……,6,007,mp3041_02,EV_03_39_01,_entry,非TK,,Loc_108:cond_false;Loc_109:jump,无候选,,,0070080464,あ、そーいえば。エステルさん、露天風呂って……,T3233,Function_14,loc_99F,Function_14_7CB:jump;loc_8B3:next,loc_1E85:cond_true;loc_1E85:cond_false
少匹配,……混浴、なんですけど。,6,007,mp3041_02,EV_03_39_01,_entry,非TK,,Loc_108:cond_false;Loc_109:jump,无候选,,,0070080465,……混浴、なんですけど。,T3233,Function_14,loc_99F,Function_14_7CB:jump;loc_8B3:next,loc_1E85:cond_true;loc_1E85:cond_false
少匹配,ここがお風呂みたいだね。,1,002,mp3041_02,LP_Bath_Door_Male,Loc_140,非TK,Loc_138:cond_false,Loc_141:cond_false;Loc_142:cond_false;Loc_142:next,无候选,,,0020080314,ここがお風呂みたいだね。,T3231,Function_14,loc_9D9,loc_928:jump;loc_9D2:next,loc_ADB:jump
少匹配,部屋に荷物を置いたらさっそく来てみようよ。,1,002,mp3041_02,LP_Bath_Door_Male,Loc_140,非TK,Loc_138:cond_false,Loc_141:cond_false;Loc_142:cond_false;Loc_142:next,无候选,,,0020080315,部屋に荷物を置いたらさっそく来てみようよ。,T3231,Function_14,loc_9D9,loc_928:jump;loc_9D2:next,loc_ADB:jump
少匹配,うん、そうしよ！,0,001,mp3041_02,LP_Bath_Door_Male,Loc_140,非TK,Loc_138:cond_false,Loc_141:cond_false;Loc_142:cond_false;Loc_142:next,无候选,,,0010080316,うん、そうしよ！,T3231,Function_14,loc_9D9,loc_928:jump;loc_9D2:next,loc_ADB:jump
少匹配,（な、何思い出してんのよ～！）,0,001,mp3041_02,EV_03_39_01,_entry,非TK,,Loc_108:cond_false;Loc_109:jump,无候选,,,0010080453,（な、何思い出してんのよ〜！）,T3233,Function_14,loc_99F,Function_14_7CB:jump;loc_8B3:next,loc_1E85:cond_true;loc_1E85:cond_false
少匹配,いいっていいって。,11568,,mp3051_01,TK_SANJIT,Loc_143,TK,Loc_137:jump;Loc_142:next,Loc_144:jump,无候选,,,0510060017,いいって、いいって。,T2523,Function_11,Function_11_11FA,,loc_18C5:cond_true;loc_1925:jump;loc_18C5:cond_false
少匹配,ああ！やっと来てくれたんですか。,116,015,mp3051_01,EV_04_07_00,Loc_201,非TK,_entry:jump;Loc_200:next,,无候选,,,0150100451,ああ！やっと来てくれたんですか。,T3410,Function_23,loc_6375,Function_23_616F:switch;loc_62B4:jump;loc_6340:next,loc_8FE3:jump
少匹配,おい、見つけたか！？,20850,,mp3061_01,EV_03_80_00,_entry,非TK,,,无候选,,,4190091247,おい、見つけたか！？,C3113,Function_15,Function_15_165A,,loc_1C0A:cond_true;loc_1A8F:cond_true;loc_1C0A:jump;loc_1A8F:cond_false
少匹配,いや、兵舎の方は一通り調べ終えたぞ！,20850,,mp3061_01,EV_03_80_00,_entry,非TK,,,无候选,,,4190091248,いや、兵舎の方は一通り調べ終えたぞ！,C3113,Function_15,Function_15_165A,,loc_1C0A:cond_true;loc_1A8F:cond_true;loc_1C0A:jump;loc_1A8F:cond_false
少匹配,監視塔も異常なしだ！,20850,,mp3061_01,EV_03_80_00,_entry,非TK,,,无候选,,,4190091249,監視塔も異常なしだ！,C3113,Function_15,Function_15_165A,,loc_1C0A:cond_true;loc_1A8F:cond_true;loc_1C0A:jump;loc_1A8F:cond_false
少匹配,……となると、残るはこの司令部だけのようだ。,20850,,mp3061_01,EV_03_80_00,_entry,非TK,,,无候选,,,4190091250,……となると、残るはこの司令部だけのようだ。,C3113,Function_15,Function_15_165A,,loc_1C0A:cond_true;loc_1A8F:cond_true;loc_1C0A:jump;loc_1A8F:cond_false
少匹配,少佐に報告するついでにしらみ潰しに捜すとするか。,20850,,mp3061_01,EV_03_80_00,_entry,非TK,,,无候选,,,4190091251,少佐に報告するついでにしらみ潰しに捜すとするか。,C3113,Function_15,Function_15_165A,,loc_1C0A:cond_true;loc_1A8F:cond_true;loc_1C0A:jump;loc_1A8F:cond_false
少匹配,さあ、入りたまえ！,115,062,mp3061_01,EV_03_82_00,_entry,非TK,,,无候选,,,0620091274,さあ、入りたまえ！,C3113,Function_18,Function_18_1DF6,,loc_1EE7:cond_true;loc_1F35:jump;loc_1EE7:cond_false
少匹配,おいおい、その部屋は……,5,005,mp3061_01,EV_03_82_00,_entry,非TK,,,无候选,,,0050091275,おいおい、その部屋は……,C3113,Function_18,Function_18_1DF6,,loc_1EE7:cond_true;loc_1F35:jump;loc_1EE7:cond_false
少匹配,フン、何のつもりか知らんが行くしかなさそうじゃな。,131,054,mp3061_01,EV_03_82_00,_entry,非TK,,,无候选,,,0540091276,フン、何のつもりか知らんが行くしかなさそうじゃな。,C3113,Function_18,Function_18_1DF6,,loc_1EE7:cond_true;loc_1F35:jump;loc_1EE7:cond_false
少匹配,少佐、よろしいですか！,20850,,mp3061_01,EV_03_83_00,_entry,非TK,,,无候选,,,4190091357,少佐、よろしいですか！,C3116,Function_2,Function_2_12A,,
少匹配,どうやら侵入者が地下牢に来ていた模様です！,20850,,mp3061_01,EV_03_83_00,_entry,非TK,,,无候选,,,4190091358,どうやら侵入者が地下牢に来ていた模様です！,C3116,Function_2,Function_2_12A,,
少匹配,まだ司令部に潜伏している可能性が高そうですが、いかがしますか！？,20850,,mp3061_01,EV_03_83_00,_entry,非TK,,,无候选,,,4190091359,まだ司令部に潜伏している可能性が高そうですが、いかがしますか！？,C3116,Function_2,Function_2_12A,,
少匹配,よろしかったら、またわたくしのお茶に付き合ってくださいね。,119,063,mp4000,TK_ALICIA,Loc_329,TK,Loc_327:cond_false,Loc_328:cond_false;Loc_330:cond_false;Loc_328:jump,多候选,0630121330,0630121330|0630121327,0630121327,よろしかったら、またわたくしのお茶に付き合ってくださいね。,T4205,Function_3,loc_3CC,Function_3_344:cond_true;Function_3_344:cond_false,loc_572:next
少匹配,現在、当アリーナでは武術大会を開催中です。,12039,219,mp4000,TK_USHER,_entry,TK,,Loc_870:jump,无候选,,,2190100891,現在、当アリーナでは武術大会を開催中です。,T4101_2,Function_2,loc_2482,loc_21D7:cond_true,loc_2576:cond_true;loc_2827:jump;loc_2576:cond_false
少匹配,選手として出場される際にはあらかじめ選手登録が必要ですよ。,12039,219,mp4000,TK_USHER,_entry,TK,,Loc_870:jump,无候选,,,2190100892,選手として出場される際にはあらかじめ選手登録が必要ですよ。,T4101_2,Function_2,loc_2482,loc_21D7:cond_true,loc_2576:cond_true;loc_2827:jump;loc_2576:cond_false
少匹配,登録は右手のチケット売り場にてうけたまわっております。,12039,219,mp4000,TK_USHER,_entry,TK,,Loc_870:jump,无候选,,,2190100893,登録は右手のチケット売り場にてうけたまわっております。,T4101_2,Function_2,loc_2482,loc_21D7:cond_true,loc_2576:cond_true;loc_2827:jump;loc_2576:cond_false
少匹配,城内見物は無理だけどそんなに気を落とさないでくれや。,12091,216,mp4000,TK_DAN,Loc_1103,TK,Loc_1102:cond_false,Loc_1104:cond_false;Loc_1092:jump,无候选,,,2160100836,まあ、城内見物は無理だけどそんなに気を落とさないでくれや。,T4200,Function_13,Function_13_23D9,,
少匹配,ここがエルナンさんが言ってた地下水路の入口みたいだね。,1,002,mp4000,LP_Grancel_East_Block_1,_entry,非TK,,Loc_1461:cond_false;Loc_1461:next,无候选,,,0020110945,どうやらここが　エルナンさんが言ってた地下水路の入口みたいだね。,T4151,Function_17,Function_17_236F,,
少匹配,今日はもう遅いから、ジンさんたちが一緒にいる時に調べに来てみようか。,1,002,mp4000,LP_Grancel_East_Block_1,_entry,非TK,,Loc_1461:cond_false;Loc_1461:next,无候选,,,0020110431,今日はもう遅いからジンさんたちが一緒にいる時に調べに来てみようか。,T4151,Function_14,Function_14_14CE,,
少匹配,ここが《レイヴン》の人たちが言ってた地下水路の入口みたいだね。,1,002,mp4000,LP_Grancel_West_Block,_entry,非TK,,Loc_1464:cond_false;Loc_1464:next,无候选,,,0020110430,どうやらここが　《レイヴン》の人たちが言ってた地下水路の入口みたいだね。,T4152,Function_14,Function_14_14CE,,
少匹配,やあ、珍しい所で会うものだな。,108,013,mp4000_ev,EV_04_00_01,Loc_374,非TK,Loc_373:next,,无候选,,,0130100049,やあ、珍しい所で会うものだな。,R4101,Function_2,Function_2_679,,
少匹配,おい、あんたたち！,20700,,mp4000_ev,EV_04_08_00,Loc_377,非TK,Loc_376:next,Loc_378:next,无候选,,,4190100541,おい、あんたたち！,R4100,Function_3,Function_3_1317,,loc_1E2E:cond_true;loc_1E2E:cond_false;loc_1E2E:next
少匹配,あんたたち。エルベ離宮の見物は禁止だぞ。,20700,,mp4000_ev,EV_04_08_00,Loc_382,非TK,Loc_381:next,,无候选,,,4190100544,あんたたち。エルベ離宮の見物は禁止だぞ。,R4100,Function_3,Function_3_1317,,loc_1E2E:cond_true;loc_1E2E:cond_false;loc_1E2E:next
少匹配,先日、グランセル市街に布告があったばかりだろう？,20700,,mp4000_ev,EV_04_08_00,Loc_382,非TK,Loc_381:next,,无候选,,,4190100545,先日、グランセル市街に布告があったばかりだろう？,R4100,Function_3,Function_3_1317,,loc_1E2E:cond_true;loc_1E2E:cond_false;loc_1E2E:next
少匹配,テロリスト騒ぎの最中に徒歩で街道を旅行とはな……,20702,,mp4000_ev,EV_04_08_00,Loc_382,非TK,Loc_381:next,,无候选,,,2490100550,テロリスト騒ぎの最中に徒歩で街道を旅行とはな……,R4100,Function_3,Function_3_1317,,loc_1E2E:cond_true;loc_1E2E:cond_false;loc_1E2E:next
少匹配,ずいぶんノンキなもんだぜ。,20702,,mp4000_ev,EV_04_08_00,Loc_382,非TK,Loc_381:next,,无候选,,,2490100551,ずいぶんノンキなもんだぜ。,R4100,Function_3,Function_3_1317,,loc_1E2E:cond_true;loc_1E2E:cond_false;loc_1E2E:next
少匹配,生憎だが、今は立入禁止だ。,20700,,mp4000_ev,EV_04_08_00,Loc_382,非TK,Loc_381:next,,无候选,,,4190100556,生憎だが、今は立入禁止だ。,R4100,Function_3,Function_3_1317,,loc_1E2E:cond_true;loc_1E2E:cond_false;loc_1E2E:next
少匹配,テロ事件の捜査本部にするため軍が使わせてもらっているのさ。,20700,,mp4000_ev,EV_04_08_00,Loc_382,非TK,Loc_381:next,,无候选,,,4190100557,テロ事件の捜査本部にするため軍が使わせてもらっているのさ。,R4100,Function_3,Function_3_1317,,loc_1E2E:cond_true;loc_1E2E:cond_false;loc_1E2E:next
少匹配,離宮周辺の道は立入禁止にはなっていないが……,20700,,mp4000_ev,EV_04_08_00,Loc_382,非TK,Loc_381:next,,无候选,,,4190100559,離宮周辺の道は立入禁止にはなっていないが……,R4100,Function_3,Function_3_1317,,loc_1E2E:cond_true;loc_1E2E:cond_false;loc_1E2E:next
少匹配,テロリストに間違えられたくなかったら近寄らない方が身のためだぞ。,20700,,mp4000_ev,EV_04_08_00,Loc_382,非TK,Loc_381:next,,无候选,,,4190100560,テロリストに間違えられたくなかったら近寄らない方が身のためだぞ。,R4100,Function_3,Function_3_1317,,loc_1E2E:cond_true;loc_1E2E:cond_false;loc_1E2E:next
少匹配,へー、そうなんだ。,0,001,mp4000_ev,EV_04_09_00,_entry,非TK,,,无候选,,,0010100584|0020110992,へ〜、そうなんだ。|へー、そうなんだ。,T4100,Function_47,Function_47_71CC,,
少匹配,それじゃあ、女王様の姿を見るなんて夢また夢かしら……,0,001,mp4000_ev,EV_04_11_00,_entry,非TK,,,无候选,,,0010100775,それじゃあ、女王様の姿を見るなんて夢のまた夢かしら……,T4203,Function_6,Function_6_1710,,
少匹配,えっと、王立競技場ってどっちの方角にあるんだっけ？,0,001,mp4000_ev,EV_04_11_00,_entry,非TK,,,无候选,,,0010100852,えっと、王立競技場（グランアリーナ）ってどっちの方角にあるんだっけ？,T4200,Function_13,Function_13_23D9,,
少匹配,うわああ、なんだ～っ！？,20700,,mp4000_ev,EV_04_20_02,_entry,非TK,,Loc_104:cond_false;Loc_105:jump,无候选,,,2710101331,うわああ、なんだ〜っ！？,T4150,Function_5,Function_5_1137,,loc_16D9:cond_true;loc_1729:jump;loc_16D9:cond_false
少匹配,お、お客さん、しっかり！,20700,,mp4000_ev,EV_04_20_02,_entry,非TK,,Loc_104:cond_false;Loc_105:jump,无候选,,,2720101332,お、お客さん、しっかり！,T4150,Function_5,Function_5_1137,,loc_16D9:cond_true;loc_1729:jump;loc_16D9:cond_false
少匹配,だめじゃ……白目を剥いているわい……,20700,,mp4000_ev,EV_04_20_02,_entry,非TK,,Loc_104:cond_false;Loc_105:jump,无候选,,,2730101333,だめじゃ……白目を剥いているわい……,T4150,Function_5,Function_5_1137,,loc_16D9:cond_true;loc_1729:jump;loc_16D9:cond_false
少匹配,エルベ周遊道か……,0,001,mp4000_ev,EV_04_21_00,Loc_110,非TK,Loc_108:jump;Loc_109:next,Loc_111:cond_false;Loc_112:jump,无候选,,,0010101345,エルベ周遊道か……,C4102,Function_3,Function_3_437,,
少匹配,森の中なのに石畳があるなんてちょっと面白いわね。,0,001,mp4000_ev,EV_04_21_00,Loc_112,非TK,Loc_110:jump;Loc_111:next,Loc_113:cond_false;Loc_114:jump,无候选,,,0010101346,森の中なのに石畳があるなんてちょっと面白いわね。,C4102,Function_3,Function_3_437,,
少匹配,王都市民の憩いの場所としてずいぶん昔に造られたみたいだよ。,1,002,mp4000_ev,EV_04_21_00,Loc_112,非TK,Loc_110:jump;Loc_111:next,Loc_113:cond_false;Loc_114:jump,无候选,,,0020101347,王都市民の憩いの場所としてずいぶん昔に造られたみたいだよ。,C4102,Function_3,Function_3_437,,
少匹配,ざっと数百年は経ってるんじゃないかな？,1,002,mp4000_ev,EV_04_21_00,Loc_112,非TK,Loc_110:jump;Loc_111:next,Loc_113:cond_false;Loc_114:jump,无候选,,,0020101348,ざっと数百年は経ってるんじゃないかな？,C4102,Function_3,Function_3_437,,
少匹配,ふーん……さすがは女王様のお膝元ね。,0,001,mp4000_ev,EV_04_21_00,Loc_114,非TK,Loc_112:jump;Loc_113:next,Loc_115:cond_false;Loc_116:jump,无候选,,,0010101349,ふーん……さすがは女王様のお膝元ね。,C4102,Function_3,Function_3_437,,
少匹配,でも何だか、魔獣の気配がプンプンするんですけど……,0,001,mp4000_ev,EV_04_21_00,Loc_114,非TK,Loc_112:jump;Loc_113:next,Loc_115:cond_false;Loc_116:jump,无候选,,,0010101350,でも何だか、魔獣の気配がプンプンするんですけど……,C4102,Function_3,Function_3_437,,
少匹配,さすがに鋭いね。,1,002,mp4000_ev,EV_04_21_00,Loc_114,非TK,Loc_112:jump;Loc_113:next,Loc_115:cond_false;Loc_116:jump,无候选,,,0020101351,さすがに鋭いね。,C4102,Function_3,Function_3_437,,
少匹配,多分、さっきの通りよりも危険な魔獣がいると思う。,1,002,mp4000_ev,EV_04_21_00,Loc_116,非TK,Loc_114:jump;Loc_115:next,,无候选,,,0020101352,多分、さっきの通りよりも危険な魔獣がいると思う。,C4102,Function_3,Function_3_437,,
少匹配,気を抜かないでジンさんを捜そう。,1,002,mp4000_ev,EV_04_21_00,Loc_116,非TK,Loc_114:jump;Loc_115:next,,无候选,,,0020101353,気を抜かないでジンさんを捜そう。,C4102,Function_3,Function_3_437,,
少匹配,ええ、わたくし１人きりなんですの……,12083,010,mp4000_ev,EV_04_22_01,_entry,非TK,,,无候选,,,0100101387,ええ、私１人きりなんですの……,C4101,Function_2,loc_C5B,Function_2_686:switch;loc_C58:next,loc_18C5:switch;loc_18C8:switch
少匹配,よう、お困りのようだな？,7,008,mp4000_ev,EV_04_22_01,_entry,非TK,,,无候选,,,0080101398,よう、お困りのようだな？,C4101,Function_2,loc_C5B,Function_2_686:switch;loc_C58:next,loc_18C5:switch;loc_18C8:switch
少匹配,男として、武侠の道に生きる者として当然のことをしたまでですよ！,7,008,mp4000_ev,EV_04_22_02,_entry,非TK,,Loc_121:cond_false;Loc_122:jump,无候选,,,0080101427,男として、武侠（ぶきょう）の道に生きる者として当然のことをしたまでですよ！,C4101,Function_2,loc_18C8,loc_C5B:switch;loc_18C5:next,loc_2D1C:next
少匹配,お前たち、何をしている！？,20850,,mp4000_ev,EV_04_22_02,_entry,非TK,,Loc_121:cond_false;Loc_122:jump,无候选,,,2620101432,お前たち、何をしている！？,C4101,Function_2,loc_18C8,loc_C5B:switch;loc_18C5:next,loc_2D1C:next
少匹配,こんな人気のない場所で密談するとは怪しいやつらめ……,20850,,mp4000_ev,EV_04_22_02,_entry,非TK,,Loc_121:cond_false;Loc_122:jump,无候选,,,2620101435,こんな人気のない場所で密談するとは怪しいやつらめ……,C4111,Function_2,loc_13F0,loc_8FA:switch;loc_13ED:next,loc_266B:next
少匹配,もしや……テロリストではないだろうな？,20851,,mp4000_ev,EV_04_22_02,_entry,非TK,,Loc_121:cond_false;Loc_122:jump,无候选,,,2630101436,もしや……テロリストではないだろうな？,C4101,Function_2,loc_18C8,loc_C5B:switch;loc_18C5:next,loc_2D1C:next
少匹配,だ、誰がテロリストよ！？あんたたちの方が──,0,001,mp4000_ev,EV_04_22_02,_entry,非TK,,Loc_121:cond_false;Loc_122:jump,无候选,,,0010101437,だ、誰がテロリストよ！？あんたたちの方が──,C4101,Function_2,loc_18C8,loc_C5B:switch;loc_18C5:next,loc_2D1C:next
少匹配,なに……！,20850,,mp4000_ev,EV_04_22_02,Loc_122,非TK,_entry:jump;Loc_121:next,,无候选,,,2620101440,なに……！,C4111,Function_2,loc_13F0,loc_8FA:switch;loc_13ED:next,loc_266B:next
少匹配,カルバードの武術家……あの１人で戦っていたヤツか……,20850,,mp4000_ev,EV_04_22_02,Loc_122,非TK,_entry:jump;Loc_121:next,,无候选,,,2620101446,カルバードの武術家……あの１人で戦っていたヤツか……,C4111,Function_2,loc_13F0,loc_8FA:switch;loc_13ED:next,loc_266B:next
少匹配,ふん……身分だけは確かのようだな。,20851,,mp4000_ev,EV_04_22_02,Loc_122,非TK,_entry:jump;Loc_121:next,,无候选,,,2630101447,ふん……身分だけは確かのようだな。,C4101,Function_2,loc_18C8,loc_C5B:switch;loc_18C5:next,loc_2D1C:next
少匹配,今回ばかりは見逃してやろう。,20850,,mp4000_ev,EV_04_22_02,Loc_122,非TK,_entry:jump;Loc_121:next,,无候选,,,2620101448,今回ばかりは見逃してやろう。,C4111,Function_2,loc_13F0,loc_8FA:switch;loc_13ED:next,loc_266B:next
少匹配,だが、ここはエルベ離宮の近くだ。用もなくうろつかないでもらおうか。,20850,,mp4000_ev,EV_04_22_02,Loc_122,非TK,_entry:jump;Loc_121:next,,无候选,,,2620101449,だが、ここはエルベ離宮の近くだ。用もなくうろつかないでもらおうか。,C4111,Function_2,loc_13F0,loc_8FA:switch;loc_13ED:next,loc_266B:next
少匹配,それと、シスターどの。,20851,,mp4000_ev,EV_04_22_02,Loc_122,非TK,_entry:jump;Loc_121:next,,无候选,,,2630101450,それと、シスターどの。,C4101,Function_2,loc_18C8,loc_C5B:switch;loc_18C5:next,loc_2D1C:next
少匹配,貴女のことは、自分たちが王都まで送っていきましょう。,20851,,mp4000_ev,EV_04_22_02,Loc_122,非TK,_entry:jump;Loc_121:next,,无候选,,,2630101451,貴女のことは、自分たちが王都まで送っていきましょう。,C4101,Function_2,loc_18C8,loc_C5B:switch;loc_18C5:next,loc_2D1C:next
少匹配,遊撃士風情の手を借りるまでもありません。,20851,,mp4000_ev,EV_04_22_02,Loc_122,非TK,_entry:jump;Loc_121:next,,无候选,,,2630101452,遊撃士風情の手を借りるまでもありません。,C4101,Function_2,loc_18C8,loc_C5B:switch;loc_18C5:next,loc_2D1C:next
少匹配,ふん、まあいいだろう。,20850,,mp4000_ev,EV_04_22_02,Loc_122,非TK,_entry:jump;Loc_121:next,,无候选,,,2620101458,ふん、まあいいだろう。,C4111,Function_2,loc_13F0,loc_8FA:switch;loc_13ED:next,loc_266B:next
少匹配,お前たちは所詮、民間人だ。おのれの分をわきまえるのだな。,20850,,mp4000_ev,EV_04_22_02,Loc_122,非TK,_entry:jump;Loc_121:next,,无候选,,,2620101459,お前たちは所詮、民間人だ。おのれの分をわきまえるのだな。,C4111,Function_2,loc_13F0,loc_8FA:switch;loc_13ED:next,loc_266B:next
少匹配,さあシスターどの、行きますよ。,20851,,mp4000_ev,EV_04_22_02,Loc_122,非TK,_entry:jump;Loc_121:next,,无候选,,,2630101460,さあシスターどの、行きますよ。,C4101,Function_2,loc_18C8,loc_C5B:switch;loc_18C5:next,loc_2D1C:next
少匹配,ヘッ、何ボーッと突っ立ってやがるんだ。,137,045,mp4000_ev,EV_04_33_00,_entry,非TK,,,无候选,,,0450110350,ヘッ、何ボーッと突っ立ってやがるんだ。,T4101,Function_15,Function_15_2437,,
少匹配,おい、そこの君たち！,20850,,mp4000_ev,EV_04_45_00,Loc_392,非TK,Loc_391:next,,无候选,,,4190111133,おい、そこの君たち！,T4150,Function_8,Function_8_1B6E,,
少匹配,我々は巡回中の者だ。,20850,,mp4000_ev,EV_04_45_00,Loc_392,非TK,Loc_391:next,,无候选,,,4190111135,我々は巡回中の者だ。,T4150,Function_8,Function_8_1B6E,,
少匹配,テロリスト対策の一環として本日から、夜間のパトロールを強化することになってな。,20850,,mp4000_ev,EV_04_45_00,Loc_392,非TK,Loc_391:next,,无候选,,,4190111136,テロリスト対策の一環として本日から、夜間のパトロールを強化することになってな。,T4150,Function_8,Function_8_1B6E,,
少匹配,それに伴って、夜間の外出はなるべく控えてもらう事になった。,20851,,mp4000_ev,EV_04_45_00,Loc_392,非TK,Loc_391:next,,无候选,,,2490111137,それに伴って、夜間の外出はなるべく控えてもらう事になった。,T4150,Function_8,Function_8_1B6E,,
少匹配,君たちも、早く家に戻りたまえ。,20851,,mp4000_ev,EV_04_45_00,Loc_392,非TK,Loc_391:next,,无候选,,,2490111138,君たちも、早く家に戻りたまえ。,T4150,Function_8,Function_8_1B6E,,
少匹配,これも上の決定なのでね。,20851,,mp4000_ev,EV_04_45_00,Loc_392,非TK,Loc_391:next,,无候选,,,2490111140,これも上の決定なのでね。,T4150,Function_8,Function_8_1B6E,,
少匹配,申しわけないが従ってもらおう。,20850,,mp4000_ev,EV_04_45_00,Loc_392,非TK,Loc_391:next,,无候选,,,4190111141,申しわけないが従ってもらおう。,T4150,Function_8,Function_8_1B6E,,
少匹配,ところで……君たちはどこに住んでいるのかね？,20850,,mp4000_ev,EV_04_45_00,Loc_392,非TK,Loc_391:next,,无候选,,,4190111142,ところで……君たちはどこに住んでいるのかね？,T4150,Function_8,Function_8_1B6E,,
少匹配,武術大会の期間中……,20851,,mp4000_ev,EV_04_45_00,Loc_392,非TK,Loc_391:next,,无候选,,,2490111145,武術大会の期間中……,T4150,Function_8,Function_8_1B6E,,
少匹配,待てよ、君たちの顔、どこかで見たような気が……,20851,,mp4000_ev,EV_04_45_00,Loc_392,非TK,Loc_391:next,,无候选,,,2490111146,待てよ、君たちの顔、どこかで見たような気が……,T4150,Function_8,Function_8_1B6E,,
少匹配,この子たち、武術大会の決勝に勝ち進んだ出場者じゃないか！,20850,,mp4000_ev,EV_04_45_00,Loc_392,非TK,Loc_391:next,,无候选,,,4190111148,この子たち、武術大会の決勝に勝ち進んだ出場者じゃないか！,T4150,Function_8,Function_8_1B6E,,
少匹配,言われてみれば……,20851,,mp4000_ev,EV_04_45_00,Loc_392,非TK,Loc_391:next,,无候选,,,2490111149,言われてみれば……,T4150,Function_8,Function_8_1B6E,,
少匹配,はは、警備のついでにね。,20851,,mp4000_ev,EV_04_45_00,Loc_392,非TK,Loc_391:next,,无候选,,,2490111151,はは、警備のついでにね。,T4150,Function_8,Function_8_1B6E,,
少匹配,特に今日の試合は白熱の展開で興奮させられたよ。,20851,,mp4000_ev,EV_04_45_00,Loc_392,非TK,Loc_391:next,,无候选,,,2490111152,特に今日の試合は白熱の展開で興奮させられたよ。,T4150,Function_8,Function_8_1B6E,,
少匹配,明日は決勝戦なんだろう？,20850,,mp4000_ev,EV_04_45_00,Loc_392,非TK,Loc_391:next,,无候选,,,4190111153,明日は決勝戦なんだろう？,T4150,Function_8,Function_8_1B6E,,
少匹配,ホテルまで送っていくからゆっくり休まなきゃだめだぜ。,20850,,mp4000_ev,EV_04_45_00,Loc_392,非TK,Loc_391:next,,无候选,,,4190111154,ホテルまで送っていくからゆっくり休まなきゃだめだぜ。,T4150,Function_8,Function_8_1B6E,,
少匹配,……そう事が運ぶと思うか？,112,011,mp4000_ev,EV_04_58_01,_entry,非TK,,Loc_150:cond_false;Loc_151:jump,无候选,,,0110111863,……そう事が運ぶと思うか？,T4101,Function_30,Function_30_521B,,
少匹配,笑う門には福来たる。スマイル、スマイルっ❤,3,004,mp4000_ev,EV_04_58_01,_entry,非TK,,Loc_150:cond_false;Loc_151:jump,无候选,,,0040111870,笑う門には福来たる。スマイル、スマイルっ❤,,,,,
少匹配,もうすぐ晩餐会ですからいったん控室に引き上げます。,121,065,mp4000_ev,EV_04_65_00,_entry,非TK,,,无候选,,,0650120461,もうすぐ晩餐会ですからいったん控室に引き上げます。,T4204,Function_4,loc_C0C,Function_4_C04:cond_true;Function_4_C04:cond_false,
少匹配,ここでは何ですから侍女たちの控室に参りましょう。,121,065,mp4000_ev,EV_04_65_00,_entry,非TK,,,无候选,,,0650120499,ここでは何ですから侍女たちの控室に参りましょう。,T4204,Function_5,loc_1BD0,Function_5_1BC3:cond_true;Function_5_1BC3:cond_false,
少匹配,そこで話を伺わせていただきます。,121,065,mp4000_ev,EV_04_65_00,_entry,非TK,,,无候选,,,0650120440,そこで話を伺わせていただきます。,T4204,Function_5,loc_1BD0,Function_5_1BC3:cond_true;Function_5_1BC3:cond_false,
少匹配,……どうぞ気を付けてお戻りください。,12251,262,mp4000_ev,EV_04_72_00,Loc_160,非TK,_entry:jump;Loc_159:jump;Loc_161:next,,无候选,,,2620121367,……どうぞ気を付けてお戻りください。,T4204,Function_7,Function_7_29B9,,
少匹配,聞け！特務艇から連絡があった！,20850,,mp4000_ev,EV_04_83_02,Loc_412,非TK,Loc_411:next,Loc_413:next,无候选,,,2680130567,聞け！特務艇から連絡があった！,T4302,Function_2,Function_2_4F7,,
少匹配,どうやら親衛隊の残党がのこのこと現れたらしい！,20850,,mp4000_ev,EV_04_83_02,Loc_412,非TK,Loc_411:next,Loc_413:next,无候选,,,2680130568,どうやら親衛隊の残党がのこのこと現れたらしい！,T4302,Function_2,Function_2_4F7,,
少匹配,至急、現場に急行しこれを機会に奴等を殲滅する！,20850,,mp4000_ev,EV_04_83_02,Loc_412,非TK,Loc_411:next,Loc_413:next,无候选,,,2680130569,至急、現場に急行しこれを機会に奴等を殲滅する！,T4300,Function_2,Function_2_4CA,,
少匹配,バカな連中だ……,20850,,mp4000_ev,EV_04_83_02,Loc_428,非TK,Loc_427:next,Loc_429:next,无候选,,,2680130573,バカな連中だ……,C4113,Function_3,Function_3_B08,,
少匹配,飛行艇はロックされている。簡単に使うことはできんぞ。,20850,,mp4000_ev,EV_04_83_02,Loc_428,非TK,Loc_427:next,Loc_429:next,无候选,,,2680130574,飛行艇はロックされている。簡単に使うことはできんぞ。,C4113,Function_3,Function_3_B08,,
少匹配,おとなしく大佐に従っていれば命だけは助かったものを……,20850,,mp4000_ev,EV_04_83_02,Loc_428,非TK,Loc_427:next,Loc_429:next,无候选,,,2680130576,おとなしく大佐に従っていれば命だけは助かったものを……,C4113,Function_3,Function_3_B08,,
少匹配,おのれの頑迷さを呪って死んでいくがいい！,20850,,mp4000_ev,EV_04_83_02,Loc_428,非TK,Loc_427:next,Loc_429:next,无候选,,,2680130577,おのれの頑迷さを呪って死んでいくがいい！,C4113,Function_3,Function_3_B08,,
少匹配,かかれっ！,20850,,mp4000_ev,EV_04_83_02,Loc_428,非TK,Loc_427:next,Loc_429:next,无候选,,,2680130578,かかれっ！,C4113,Function_3,Function_3_B08,,
少匹配,ゆ、遊撃士だと！,20850,,mp4000_ev,EV_04_83_02,Loc_428,非TK,Loc_427:next,Loc_429:next,无候选,,,2680130579,ゆ、遊撃士だと！,C4113,Function_3,Function_3_B08,,
少匹配,貴様ら、軍に歯向かうつもりか！？,20850,,mp4000_ev,EV_04_83_02,Loc_428,非TK,Loc_427:next,Loc_429:next,无候选,,,2680130580,貴様ら、軍に歯向かうつもりか！？,C4113,Function_3,Function_3_B08,,
少匹配,女神の加護を！,1,002,mp4000_ev,EV_04_83_02,Loc_428,非TK,Loc_427:next,Loc_429:next,无候选,,,0020130587|0020130994,女神（エイドス）の加護を！|女神（エイドス）の加護を！,C4111,Function_4,Function_4_30F1,,
少匹配,遊撃士としてだけじゃなくて女としても、みたいだけど❤,2,003,mp4000_ev,EV_04_93_01,_entry,非TK,,,无候选,,,0030130985,遊撃士としてだけじゃなくて女としても、みたいだけど❤,,,,,
少匹配,また会おう、仔猫ちゃんたち❤,3,004,mp4000_ev,EV_04_93_01,_entry,非TK,,,无候选,,,0040130993,また会おう、仔猫ちゃんたち❤,,,,,
少匹配,やあ、殿下。お待ちしていましたよ。,12088,235,mp4000_ev,EV_04_97_02,Loc_465,非TK,Loc_464:next,,无候选,,,2350131061,やあ、殿下。お待ちしていましたよ。,C4103,Function_21,Function_21_160B,,
少匹配,おかしいな……完全封鎖と聞いていたのに。,20851,,mp4000_ev,EV_04_101_00,_entry,非TK,,Loc_475:next,无候选,,,2630131153,おかしいな……完全封鎖と聞いていたのに。,T4203,Function_8,Function_8_3D16,,
少匹配,馬鹿な！！,20851,,mp4000_ev,EV_04_101_00,_entry,非TK,,Loc_475:next,无候选,,,2630131155,馬鹿な！！,T4200,Function_15,Function_15_5115,,
少匹配,た、大尉どの！いかがしましょう！？,20852,,mp4000_ev,EV_04_101_00,Loc_487,非TK,Loc_486:next,Loc_488:next,无候选,,,2660131157,た、大尉どの！いかがしましょう！？,T4201,Function_8,Function_8_2A32,,
少匹配,このままでは敵に城内に入られてしまいます！,20852,,mp4000_ev,EV_04_101_00,Loc_487,非TK,Loc_486:next,Loc_488:next,无候选,,,2660131158,このままでは敵に城内に入られてしまいます！,T4201,Function_8,Function_8_2A32,,
少匹配,ラ、ラジャー！！,20852,,mp4000_ev,EV_04_101_00,Loc_487,非TK,Loc_486:next,Loc_488:next,无候选,,,2660131161,ラ、ラジャー！！,T4201,Function_8,Function_8_2A32,,
少匹配,いたぞ！,20850,,mp4000_ev,EV_04_102_00,_entry,非TK,,,无候选,,,4300131179,いたぞ！,T4201,Function_13,loc_3908,Function_13_38FB:cond_true;Function_13_38FB:cond_false,loc_3B31:switch;loc_3B34:switch
少匹配,こっちだ！,20850,,mp4000_ev,EV_04_102_00,_entry,非TK,,,无候选,,,4310131180,こっちだ！,T4201,Function_13,loc_3908,Function_13_38FB:cond_true;Function_13_38FB:cond_false,loc_3B31:switch;loc_3B34:switch
少匹配,き、来たぞ！,20850,,mp4000_ev,EV_04_103_00,_entry,非TK,,,无候选,,,4320131191,き、来たぞ！,T4201,Function_15,loc_3DBB,Function_15_3DAE:cond_true;Function_15_3DAE:cond_false,loc_3FA2:switch;loc_3FA5:switch
少匹配,ここは通さん！,20851,,mp4000_ev,EV_04_103_00,_entry,非TK,,,无候选,,,4330131192,ここは通さん！,T4201,Function_15,loc_3DBB,Function_15_3DAE:cond_true;Function_15_3DAE:cond_false,loc_3FA2:switch;loc_3FA5:switch
少匹配,ようやく来たか……待ちくたびれてしまったぞ。,118,014,mp4000_ev,EV_04_105_00,Loc_497,非TK,Loc_496:next,,无候选,,,0140131286,ようやく来たか……待ちくたびれてしまったぞ。,T4202,Function_2,Function_2_35D,,loc_142D:switch;loc_18C1:switch
少匹配,いえ……それはできません。,119,063,mp4000_ev,EV_04_105_01,Loc_503,非TK,Loc_502:next,,无候选,,,0630131413,いいえ……それはできません。,T4202,Function_2,loc_1AA5,loc_142D:jump;loc_18C1:jump,
少匹配,《輝く環》……,0,001,mp4000_ev,EV_04_105_01,Loc_503,非TK,Loc_502:next,,无候选,,,0010131419,《輝く環（オーリオール）》……,T4202,Function_2,loc_1AA5,loc_142D:jump;loc_18C1:jump,
少匹配,古代人が女神から授かった《七の至宝》のひとつ……,1,002,mp4000_ev,EV_04_105_01,Loc_503,非TK,Loc_502:next,,无候选,,,0020131421,古代人が女神から授かった《七の至宝（セプト＝テリオン）》のひとつ……,T4202,Function_2,loc_1AA5,loc_142D:jump;loc_18C1:jump,
少匹配,『輝く環、いつしか災いとなり  人の子らの魂を煉獄へと繋がん。』,119,063,mp4000_ev,EV_04_105_01,Loc_503,非TK,Loc_502:next,,无候选,,,0630131430,『輝く環、いつしか災いとなり人の子らの魂を煉獄（れんごく）へと繋がん。』,T4202,Function_2,loc_1AA5,loc_142D:jump;loc_18C1:jump,
少匹配,『人の子らの魂を煉獄へと繋がん』……,7,008,mp4000_ev,EV_04_105_01,Loc_503,非TK,Loc_502:next,,无候选,,,0080131432,『人の子らの魂を煉獄（れんごく）へと繋がん』……,T4202,Function_2,loc_1AA5,loc_142D:jump;loc_18C1:jump,
少匹配,え……！,0,001,mp4000_ev,EV_04_114_02,_entry,非TK,,,无候选,,,0010121217|0010121563|0010130371|0010130663|0010140356|0030141209|2620131139,え……！|え……！|え……！|え……！|え……！|え……！|え……！,T4270,Function_11,Function_11_1717,,
少匹配,オ、オーケー……,1,002,mp4000_ev,EV_04_115_00,_entry,非TK,,,无候选,,,0020140932,オ、オーケー……,,,,,
少匹配,いやぁ。若い人はうらやましいですね。,116,015,mp4000_ev,EV_04_116_00,Loc_209,非TK,Loc_206:jump;Loc_208:next,Loc_504:next,无候选,,,0150140983,いやぁ。若い人はうらやましいですね。,T4101,Function_34,loc_7F38,loc_7407:jump;loc_7E94:next,loc_9FCC:jump
少匹配,アルバ教授……,14,,mp4000_ev,EV_04_116_00,Loc_209,非TK,Loc_206:jump;Loc_208:next,Loc_504:next,无候选,,,0020140984|0020141007,アルバ教授……|アルバ教授……,T4101,Function_34,loc_7F38,loc_7407:jump;loc_7E94:next,loc_9FCC:jump
少匹配,お察しの通りだ。,116,015,mp4000_ev,EV_04_116_00,Loc_209,非TK,Loc_206:jump;Loc_208:next,Loc_504:next,无候选,,,0150141029,お察しの通りだ。,T4101,Function_34,loc_7F38,loc_7407:jump;loc_7E94:next,loc_9FCC:jump
少匹配,ふふ……そう身構えることはない。,116,015,mp4000_ev,EV_04_116_00,Loc_209,非TK,Loc_206:jump;Loc_208:next,Loc_504:next,无候选,,,0150141035,ふふ……そう身構えることはない。,T4101,Function_34,loc_7F38,loc_7407:jump;loc_7E94:next,loc_9FCC:jump
少匹配,《環》に至る道を塞ぐ《門》……,116,015,mp4000_ev,EV_04_116_00,Loc_209,非TK,Loc_206:jump;Loc_208:next,Loc_504:next,无候选,,,0150141040,《環》に至る道を塞ぐ《門》……,T4101,Function_34,loc_7F38,loc_7407:jump;loc_7E94:next,loc_9FCC:jump
少匹配,それを知りたければ《結社》に戻ってくればどうだい？,116,015,mp4000_ev,EV_04_116_00,Loc_209,非TK,Loc_206:jump;Loc_208:next,Loc_504:next,无候选,,,0150141046,それを知りたければ《結社》に戻ってくればどうだい？,T4101,Function_34,loc_7F38,loc_7407:jump;loc_7E94:next,loc_9FCC:jump
少匹配,フフ、そんなに恐い顔をするものじゃないよ。,116,015,mp4000_ev,EV_04_116_00,Loc_209,非TK,Loc_206:jump;Loc_208:next,Loc_504:next,无候选,,,0150141050,フフ、そんなに恐い顔をするものじゃないよ。,T4101,Function_34,loc_7F38,loc_7407:jump;loc_7E94:next,loc_9FCC:jump
少匹配,だから私は、君に会いにきた。,116,015,mp4000_ev,EV_04_116_00,Loc_209,非TK,Loc_206:jump;Loc_208:next,Loc_504:next,无候选,,,0150141055,だから私は、君に会いにきた。,T4101,Function_34,loc_7F38,loc_7407:jump;loc_7E94:next,loc_9FCC:jump
少匹配,なんだ、つまらないな。,116,015,mp4000_ev,EV_04_116_00,Loc_209,非TK,Loc_206:jump;Loc_208:next,Loc_504:next,无候选,,,0150141061,なんだ、つまらないな。,T4101,Function_34,loc_7F38,loc_7407:jump;loc_7E94:next,loc_9FCC:jump
少匹配,ああ、すまない。うっかり言い忘れていたよ。,116,015,mp4000_ev,EV_04_116_00,Loc_209,非TK,Loc_206:jump;Loc_208:next,Loc_504:next,无候选,,,0150141066,ああ、すまない。うっかり言い忘れていたよ。,T4101,Function_34,loc_7F38,loc_7407:jump;loc_7E94:next,loc_9FCC:jump
少匹配,《結社》に見捨てられた子供として同情を引き、見事保護されてくれた。,116,015,mp4000_ev,EV_04_116_00,Loc_209,非TK,Loc_206:jump;Loc_208:next,Loc_504:next,无候选,,,0150141069,《結社》に見捨てられた子供として同情を引き、見事保護されてくれた。,T4101,Function_34,loc_7F38,loc_7407:jump;loc_7E94:next,loc_9FCC:jump
少匹配,無論、そんな事をしていたのは君自身も覚えていないだろう。,116,015,mp4000_ev,EV_04_116_00,Loc_209,非TK,Loc_206:jump;Loc_208:next,Loc_504:next,无候选,,,0150141073,無論、そんな事をしていたのは君自身も覚えていないだろう。,T4101,Function_34,loc_7F38,loc_7407:jump;loc_7E94:next,loc_9FCC:jump
少匹配,だから……改めて礼を言おう。,116,015,mp4000_ev,EV_04_116_00,Loc_209,非TK,Loc_206:jump;Loc_208:next,Loc_504:next,无候选,,,0150141082,だから……改めて礼を言おう。,T4101,Function_34,loc_7F38,loc_7407:jump;loc_7E94:next,loc_9FCC:jump
少匹配,どんな時も目的合理的に考え任務を遂行できる思考フレーム。,116,015,mp4000_ev,EV_04_116_00,Loc_209,非TK,Loc_206:jump;Loc_208:next,Loc_504:next,无候选,,,0150141097,どんな時も目的を合理的に考え任務を遂行できる思考フレーム。,T4101,Function_34,loc_7F38,loc_7407:jump;loc_7E94:next,loc_9FCC:jump
少匹配,我らが《身喰らう蛇》に……,116,015,mp4000_ev,EV_04_116_00,Loc_209,非TK,Loc_206:jump;Loc_208:next,Loc_504:next,无候选,,,0150141106,我らが《身喰らう蛇（ウロボロス）》に……,T4101,Function_35,Function_35_9FCD,,
少匹配,おや、エステルさん。,116,015,mp4000_ev,EV_04_116_01,_entry,非TK,,,无候选,,,0150141116,おや、エステルさん。,T4101,Function_35,Function_35_9FCD,,
少匹配,……やあ、エステル。,15,,mp4000_ev,EV_04_117_00,Loc_215,非TK,,Loc_216:cond_false;Loc_217:jump,无候选,,,0020141333,……やあ、エステル。,T4204,Function_18,loc_3FB8,Function_18_3FAF:cond_true;Function_18_3FAF:cond_false,loc_5D89:next
少匹配,いい夜だね。,15,,mp4000_ev,EV_04_117_00,Loc_215,非TK,,Loc_216:cond_false;Loc_217:jump,无候选,,,0020141334,いい夜だね。,T4204,Function_18,loc_3FB8,Function_18_3FAF:cond_true;Function_18_3FAF:cond_false,loc_5D89:next
少匹配,また、その曲なんだ。,15,,mp4000_ev,EV_04_117_00,Loc_215,非TK,,Loc_216:cond_false;Loc_217:jump,无候选,,,0010141336,また、その曲なんだ。,T4204,Function_18,loc_3FB8,Function_18_3FAF:cond_true;Function_18_3FAF:cond_false,loc_5D89:next
少匹配,『星の在り処』。,15,,mp4000_ev,EV_04_117_00,Loc_215,非TK,,Loc_216:cond_false;Loc_217:jump,无候选,,,0010141337,『星の在り処（あか）』。,T4204,Function_18,loc_3FB8,Function_18_3FAF:cond_true;Function_18_3FAF:cond_false,loc_5D89:next
少匹配,色々な物を失くしたけど……,15,,mp4000_ev,EV_04_117_00,Loc_215,非TK,,Loc_216:cond_false;Loc_217:jump,无候选,,,0020141338,色々な物を失くしたけど……,T4204,Function_18,loc_3FB8,Function_18_3FAF:cond_true;Function_18_3FAF:cond_false,loc_5D89:next
少匹配,この曲と、このハーモニカだけはいつも僕のそばにいてくれた……,15,,mp4000_ev,EV_04_117_00,Loc_215,非TK,,Loc_216:cond_false;Loc_217:jump,无候选,,,0020141339,この曲と、このハーモニカだけはいつも僕のそばにいてくれた……,T4204,Function_18,loc_3FB8,Function_18_3FAF:cond_true;Function_18_3FAF:cond_false,loc_5D89:next
少匹配,だから、吹き収めにと思ってね。,15,,mp4000_ev,EV_04_117_00,Loc_215,非TK,,Loc_216:cond_false;Loc_217:jump,无候选,,,0020141340,だから、吹き収めにと思ってね。,T4204,Function_18,loc_3FB8,Function_18_3FAF:cond_true;Function_18_3FAF:cond_false,loc_5D89:next
少匹配,約束、果たさせてくれるかな。,15,,mp4000_ev,EV_04_117_00,Loc_215,非TK,,Loc_216:cond_false;Loc_217:jump,无候选,,,0020141342,約束、果たさせてくれるかな。,T4204,Function_18,loc_3FB8,Function_18_3FAF:cond_true;Function_18_3FAF:cond_false,loc_5D89:next
少匹配,君に会うまでに僕が何をしてきたのか……,15,,mp4000_ev,EV_04_117_00,Loc_215,非TK,,Loc_216:cond_false;Loc_217:jump,无候选,,,0020141343,君に会うまでに僕が何をしてきたのか……,T4204,Function_18,loc_3FB8,Function_18_3FAF:cond_true;Function_18_3FAF:cond_false,loc_5D89:next
少匹配,それを、今から話したいんだ。,15,,mp4000_ev,EV_04_117_00,Loc_215,非TK,,Loc_216:cond_false;Loc_217:jump,无候选,,,0020141344,それを、今から話したいんだ。,T4204,Function_18,loc_3FB8,Function_18_3FAF:cond_true;Function_18_3FAF:cond_false,loc_5D89:next
少匹配,少し長い話になるけどそれでも……構わないかな？,15,,mp4000_ev,EV_04_117_00,Loc_215,非TK,,Loc_216:cond_false;Loc_217:jump,无候选,,,0020141347,少し長い話になるけど　　　　　　　　それでも……構わないかな？,T4204,Function_18,loc_3FB8,Function_18_3FAF:cond_true;Function_18_3FAF:cond_false,loc_5D89:next
少匹配,もちろん……キッチリ最後まで聞かせてもらうわ。,15,,mp4000_ev,EV_04_117_00,Loc_215,非TK,,Loc_216:cond_false;Loc_217:jump,无候选,,,0010141348,もちろん……　　　　　　キッチリ最後まで聞かせてもらうわ。,T4204,Function_18,loc_3FB8,Function_18_3FAF:cond_true;Function_18_3FAF:cond_false,loc_5D89:next
少匹配,ありがとう……,15,,mp4000_ev,EV_04_117_00,Loc_215,非TK,,Loc_216:cond_false;Loc_217:jump,无候选,,,0020141349,ありがとう……,T4204,Function_18,loc_3FB8,Function_18_3FAF:cond_true;Function_18_3FAF:cond_false,loc_5D89:next
少匹配,昔々、あるところに……,15,,mp4000_ev,EV_04_117_00,Loc_215,非TK,,Loc_216:cond_false;Loc_217:jump,无候选,,,0020141351,昔々、あるところに……,T4204,Function_18,loc_3FB8,Function_18_3FAF:cond_true;Function_18_3FAF:cond_false,loc_5D89:next
少匹配,あるところに１人の男の子がいました。,15,,mp4000_ev,EV_04_117_00,Loc_215,非TK,,Loc_216:cond_false;Loc_217:jump,无候选,,,0020141352,あるところに１人の男の子がいました。,T4204,Function_18,loc_3FB8,Function_18_3FAF:cond_true;Function_18_3FAF:cond_false,loc_5D89:next
少匹配,甘えん坊で気が弱くてなんの取り柄もない男の子……,15,,mp4000_ev,EV_04_117_00,Loc_215,非TK,,Loc_216:cond_false;Loc_217:jump,无候选,,,0020141353,甘えん坊で気が弱くてなんの取り柄もない男の子……,T4204,Function_18,loc_3FB8,Function_18_3FAF:cond_true;Function_18_3FAF:cond_false,loc_5D89:next
少匹配,でも、大切な人たちと一緒にいて男の子の毎日はとても幸せでした。,15,,mp4000_ev,EV_04_117_00,Loc_215,非TK,,Loc_216:cond_false;Loc_217:jump,无候选,,,0020141354,でも、大切な人たちと一緒にいて男の子の毎日はとても幸せでした。,T4204,Function_18,loc_3FB8,Function_18_3FAF:cond_true;Function_18_3FAF:cond_false,loc_5D89:next
少匹配,しかし、ある事がきっかけで男の子の心は壊れてしまいました。,15,,mp4000_ev,EV_04_117_00,Loc_215,非TK,,Loc_216:cond_false;Loc_217:jump,无候选,,,0020141355,しかし、ある事がきっかけで男の子の心は壊れてしまいました。,T4204,Function_18,loc_3FB8,Function_18_3FAF:cond_true;Function_18_3FAF:cond_false,loc_5D89:next
少匹配,言葉と感情を失い、食事もとらずにハーモニカだけを吹き続ける毎日……,15,,mp4000_ev,EV_04_117_00,Loc_215,非TK,,Loc_216:cond_false;Loc_217:jump,无候选,,,0020141356,言葉と感情を失い、食事もとらずにハーモニカだけを吹き続ける毎日……,T4204,Function_18,loc_3FB8,Function_18_3FAF:cond_true;Function_18_3FAF:cond_false,loc_5D89:next
少匹配,面倒を見てくれた人の努力も空しく男の子は日に日にやせ衰えていきました。,15,,mp4000_ev,EV_04_117_00,Loc_215,非TK,,Loc_216:cond_false;Loc_217:jump,无候选,,,0020141357,面倒を見てくれた人の努力も空しく男の子は日に日にやせ衰えていきました。,T4204,Function_18,loc_3FB8,Function_18_3FAF:cond_true;Function_18_3FAF:cond_false,loc_5D89:next
少匹配,そんな男の子の前に一人の魔法使いが現れました。,15,,mp4000_ev,EV_04_117_00,Loc_215,非TK,,Loc_216:cond_false;Loc_217:jump,无候选,,,0020141358,そんな男の子の前に一人の魔法使いが現れました。,T4204,Function_18,loc_3FB8,Function_18_3FAF:cond_true;Function_18_3FAF:cond_false,loc_5D89:next
少匹配,『私がその子の心を治してあげよう。』,15,,mp4000_ev,EV_04_117_00,Loc_215,非TK,,Loc_216:cond_false;Loc_217:jump,无候选,,,0020141359,『私がその子の心を治してあげよう。』,T4204,Function_18,loc_3FB8,Function_18_3FAF:cond_true;Function_18_3FAF:cond_false,loc_5D89:next
少匹配,『ただし代償は支払ってもらうよ。』,15,,mp4000_ev,EV_04_117_00,Loc_215,非TK,,Loc_216:cond_false;Loc_217:jump,无候选,,,0020141360,『ただし代償は支払ってもらうよ。』,T4204,Function_18,loc_3FB8,Function_18_3FAF:cond_true;Function_18_3FAF:cond_false,loc_5D89:next
少匹配,そうして、男の子は魔法使いに預けられることになりました。,15,,mp4000_ev,EV_04_117_00,Loc_215,非TK,,Loc_216:cond_false;Loc_217:jump,无候选,,,0020141361,そうして、男の子は魔法使いに預けられることになりました。,T4204,Function_18,loc_3FB8,Function_18_3FAF:cond_true;Function_18_3FAF:cond_false,loc_5D89:next
少匹配,壊れた心を繋ぎ合わせながら……,15,,mp4000_ev,EV_04_117_00,Loc_215,非TK,,Loc_216:cond_false;Loc_217:jump,无候选,,,0020141362,壊れた心を繋ぎ合わせながら……,T4204,Function_18,loc_3FB8,Function_18_3FAF:cond_true;Function_18_3FAF:cond_false,loc_5D89:next
少匹配,魔法使いは、男の子の存在を好きなように作り変えていきました。,15,,mp4000_ev,EV_04_117_00,Loc_215,非TK,,Loc_216:cond_false;Loc_217:jump,无候选,,,0020141363,魔法使いは、男の子の存在を好きなように作り変えていきました。,T4204,Function_18,loc_3FB8,Function_18_3FAF:cond_true;Function_18_3FAF:cond_false,loc_5D89:next
少匹配,そして、新たな心を手に入れた時──,15,,mp4000_ev,EV_04_117_00,Loc_215,非TK,,Loc_216:cond_false;Loc_217:jump,无候选,,,0020141364,そして、新たな心を手に入れた時──,T4204,Function_18,loc_3FB8,Function_18_3FAF:cond_true;Function_18_3FAF:cond_false,loc_5D89:next
少匹配,男の子は人殺しになっていました。,15,,mp4000_ev,EV_04_117_00,Loc_215,非TK,,Loc_216:cond_false;Loc_217:jump,无候选,,,0020141365,男の子は人殺しになっていました。,T4204,Function_18,loc_3FB8,Function_18_3FAF:cond_true;Function_18_3FAF:cond_false,loc_5D89:next
少匹配,２年ものあいだ、男の子は毎日のように人を殺し続けました。,15,,mp4000_ev,EV_04_117_00,Loc_215,非TK,,Loc_216:cond_false;Loc_217:jump,无候选,,,0020141366,２年ものあいだ、男の子は毎日のように人を殺し続けました。,T4204,Function_18,loc_3FB8,Function_18_3FAF:cond_true;Function_18_3FAF:cond_false,loc_5D89:next
少匹配,何十人もの部隊を、闇に紛れて全滅させたこともあります。,15,,mp4000_ev,EV_04_117_00,Loc_215,非TK,,Loc_216:cond_false;Loc_217:jump,无候选,,,0020141367,何十人もの部隊を、闇に紛れて全滅させたこともあります。,T4204,Function_18,loc_3FB8,Function_18_3FAF:cond_true;Function_18_3FAF:cond_false,loc_5D89:next
少匹配,屈強な護衛に守られていたとある国の大臣の屋敷に潜入してその喉をかき切ったこともあります。,15,,mp4000_ev,EV_04_117_00,Loc_215,非TK,,Loc_216:cond_false;Loc_217:jump,无候选,,,0020141368,屈強な護衛に守られていたとある国の大臣の屋敷に潜入してその喉をかき切ったこともあります。,T4204,Function_18,loc_3FB8,Function_18_3FAF:cond_true;Function_18_3FAF:cond_false,loc_5D89:next
少匹配,時には爆発物を使い罪もない人々を巻き添えにしました。,15,,mp4000_ev,EV_04_117_00,Loc_215,非TK,,Loc_216:cond_false;Loc_217:jump,无候选,,,0020141369,時には爆発物を使い罪もない人々を巻き添えにしました。,T4204,Function_18,loc_3FB8,Function_18_3FAF:cond_true;Function_18_3FAF:cond_false,loc_5D89:next
少匹配,いつしか男の子は、ただの人殺しから優秀な化物に成長し……,15,,mp4000_ev,EV_04_117_00,Loc_215,非TK,,Loc_216:cond_false;Loc_217:jump,无候选,,,0020141370,いつしか男の子は、ただの人殺しから優秀な化物に成長し……,T4204,Function_18,loc_3FB8,Function_18_3FAF:cond_true;Function_18_3FAF:cond_false,loc_5D89:next
少匹配,《漆黒の牙》と呼ばれ恐れられるようになっていました。,15,,mp4000_ev,EV_04_117_00,Loc_215,非TK,,Loc_216:cond_false;Loc_217:jump,无候选,,,0020141371,《漆黒の牙》と呼ばれ恐れられるようになっていました。,T4204,Function_18,loc_3FB8,Function_18_3FAF:cond_true;Function_18_3FAF:cond_false,loc_5D89:next
少匹配,そして男の子は、魔法使いにある標的の暗殺を命じられました。,15,,mp4000_ev,EV_04_117_00,Loc_215,非TK,,Loc_216:cond_false;Loc_217:jump,无候选,,,0020141372,そして男の子は、魔法使いにある標的の暗殺を命じられました。,T4204,Function_18,loc_3FB8,Function_18_3FAF:cond_true;Function_18_3FAF:cond_false,loc_5D89:next
少匹配,かつて女王様が治める国を北の大きな国から守った英雄。,15,,mp4000_ev,EV_04_117_00,Loc_215,非TK,,Loc_216:cond_false;Loc_217:jump,无候选,,,0020141373,かつて女王様が治める国を北の大きな国から守った英雄。,T4204,Function_18,loc_3FB8,Function_18_3FAF:cond_true;Function_18_3FAF:cond_false,loc_5D89:next
少匹配,大陸で４人しかいないという特別な称号を持っている遊撃士を。,15,,mp4000_ev,EV_04_117_00,Loc_215,非TK,,Loc_216:cond_false;Loc_217:jump,无候选,,,0020141374,大陸で４人しかいないという特別な称号を持っている遊撃士を。,T4204,Function_18,loc_3FB8,Function_18_3FAF:cond_true;Function_18_3FAF:cond_false,loc_5D89:next
少匹配,──でも、その標的は強すぎました。,15,,mp4000_ev,EV_04_117_00,Loc_215,非TK,,Loc_216:cond_false;Loc_217:jump,无候选,,,0020141375,──でも、その標的は強すぎました。,T4204,Function_18,loc_3FB8,Function_18_3FAF:cond_true;Function_18_3FAF:cond_false,loc_5D89:next
少匹配,子猫が虎にいなされるように男の子は撃退されてしまいました。,15,,mp4000_ev,EV_04_117_00,Loc_215,非TK,,Loc_216:cond_false;Loc_217:jump,无候选,,,0020141376,子猫が虎にいなされるように男の子は撃退されてしまいました。,T4204,Function_18,loc_3FB8,Function_18_3FAF:cond_true;Function_18_3FAF:cond_false,loc_5D89:next
少匹配,失敗した男の子の前に魔法使いの手下たちが現れました。,15,,mp4000_ev,EV_04_117_00,Loc_215,非TK,,Loc_216:cond_false;Loc_217:jump,无候选,,,0020141377,失敗した男の子の前に魔法使いの手下たちが現れました。,T4204,Function_18,loc_3FB8,Function_18_3FAF:cond_true;Function_18_3FAF:cond_false,loc_5D89:next
少匹配,標的に顔を知られてしまった男の子を始末しようとしたのです。,15,,mp4000_ev,EV_04_117_00,Loc_215,非TK,,Loc_216:cond_false;Loc_217:jump,无候选,,,0020141378,標的に顔を知られてしまった男の子を始末しようとしたのです。,T4204,Function_18,loc_3FB8,Function_18_3FAF:cond_true;Function_18_3FAF:cond_false,loc_5D89:next
少匹配,しかし、その手下を追い払って男の子を救ってくれた人がいました。,15,,mp4000_ev,EV_04_117_00,Loc_215,非TK,,Loc_216:cond_false;Loc_217:jump,无候选,,,0020141379,しかし、その手下を追い払って男の子を救ってくれた人がいました。,T4204,Function_18,loc_3FB8,Function_18_3FAF:cond_true;Function_18_3FAF:cond_false,loc_5D89:next
少匹配,それは、男の子が暗殺に失敗した当の標的である遊撃士だったのです。,15,,mp4000_ev,EV_04_117_00,Loc_215,非TK,,Loc_216:cond_false;Loc_217:jump,无候选,,,0020141380,それは、男の子が暗殺に失敗した当の標的である遊撃士だったのです。,T4204,Function_18,loc_3FB8,Function_18_3FAF:cond_true;Function_18_3FAF:cond_false,loc_5D89:next
少匹配,そして、男の子は……,15,,mp4000_ev,EV_04_117_00,Loc_215,非TK,,Loc_216:cond_false;Loc_217:jump,无候选,,,0020141381,そして、男の子は……,T4204,Function_18,loc_3FB8,Function_18_3FAF:cond_true;Function_18_3FAF:cond_false,loc_5D89:next
少匹配,その人の家に連れてこられてひとりの女の子と出会いました……,15,,mp4000_ev,EV_04_117_00,Loc_215,非TK,,Loc_216:cond_false;Loc_217:jump,无候选,,,0020141382,その人の家に連れてこられてひとりの女の子と出会いました……,T4204,Function_18,loc_3FB8,Function_18_3FAF:cond_true;Function_18_3FAF:cond_false,loc_5D89:next
少匹配,その家で、男の子は５年もの間素敵な夢を見せてもらいました。,15,,mp4000_ev,EV_04_117_00,Loc_215,非TK,,Loc_216:cond_false;Loc_217:jump,无候选,,,0020141383,その家で、男の子は５年もの間素敵な夢を見せてもらいました。,T4204,Function_18,loc_3FB8,Function_18_3FAF:cond_true;Function_18_3FAF:cond_false,loc_5D89:next
少匹配,本当なら、その男の子には許されるはずもなかった夢を……,15,,mp4000_ev,EV_04_117_00,Loc_215,非TK,,Loc_216:cond_false;Loc_217:jump,无候选,,,0020141384,本当なら、その男の子には許されるはずもなかった夢を……,T4204,Function_18,loc_3FB8,Function_18_3FAF:cond_true;Function_18_3FAF:cond_false,loc_5D89:next
少匹配,だけど、夢はいつか醒めるものです。,15,,mp4000_ev,EV_04_117_00,Loc_215,非TK,,Loc_216:cond_false;Loc_217:jump,无候选,,,0020141385,だけど、夢はいつか覚めるものです。,T4204,Function_18,loc_3FB8,Function_18_3FAF:cond_true;Function_18_3FAF:cond_false,loc_5D89:next
少匹配,現実に戻る時が迫っていました。,15,,mp4000_ev,EV_04_117_00,Loc_215,非TK,,Loc_216:cond_false;Loc_217:jump,无候选,,,0020141386,現実に戻る時が迫っていました。,T4204,Function_18,loc_3FB8,Function_18_3FAF:cond_true;Function_18_3FAF:cond_false,loc_5D89:next
少匹配,これで……この話はおしまいだ。,15,,mp4000_ev,EV_04_117_00,Loc_215,非TK,,Loc_216:cond_false;Loc_217:jump,无候选,,,0020141387,これで……この話はおしまいだ。,T4204,Function_18,loc_3FB8,Function_18_3FAF:cond_true;Function_18_3FAF:cond_false,loc_5D89:next
少匹配,ありがとう……最後まで耳を塞がずに聞いてくれて。,15,,mp4000_ev,EV_04_117_00,Loc_215,非TK,,Loc_216:cond_false;Loc_217:jump,无候选,,,0020141388,ありがとう……最後まで耳を塞がずに聞いてくれて。,T4204,Function_18,loc_3FB8,Function_18_3FAF:cond_true;Function_18_3FAF:cond_false,loc_5D89:next
少匹配,……えっと……あは…………,15,,mp4000_ev,EV_04_117_00,Loc_215,非TK,,Loc_216:cond_false;Loc_217:jump,无候选,,,0010141390,……えっと……あは…………,T4204,Function_18,loc_3FB8,Function_18_3FAF:cond_true;Function_18_3FAF:cond_false,loc_5D89:next
少匹配,それって……どこまで本当なの？,15,,mp4000_ev,EV_04_117_00,Loc_215,非TK,,Loc_216:cond_false;Loc_217:jump,无候选,,,0010141391,それって……どこまで本当なの？,T4204,Function_18,loc_3FB8,Function_18_3FAF:cond_true;Function_18_3FAF:cond_false,loc_5D89:next
少匹配,全部──本当のことだよ。,15,,mp4000_ev,EV_04_117_00,Loc_215,非TK,,Loc_216:cond_false;Loc_217:jump,无候选,,,0020141392,全部──本当のことだよ。,T4204,Function_18,loc_3FB8,Function_18_3FAF:cond_true;Function_18_3FAF:cond_false,loc_5D89:next
少匹配,僕の心が壊れているのも。,15,,mp4000_ev,EV_04_117_00,Loc_215,非TK,,Loc_216:cond_false;Loc_217:jump,无候选,,,0020141393,僕の心が壊れているのも。,T4204,Function_18,loc_3FB8,Function_18_3FAF:cond_true;Function_18_3FAF:cond_false,loc_5D89:next
少匹配,僕の手が血塗られているのも。,15,,mp4000_ev,EV_04_117_00,Loc_215,非TK,,Loc_216:cond_false;Loc_217:jump,无候选,,,0020141394,僕の手が血塗られているのも。,T4204,Function_18,loc_3FB8,Function_18_3FAF:cond_true;Function_18_3FAF:cond_false,loc_5D89:next
少匹配,君のお父さんを暗殺しようとして失敗したのも。,15,,mp4000_ev,EV_04_117_00,Loc_215,非TK,,Loc_216:cond_false;Loc_217:jump,无候选,,,0020141395,君のお父さんを暗殺しようとして失敗したのも。,T4204,Function_18,loc_3FB8,Function_18_3FAF:cond_true;Function_18_3FAF:cond_false,loc_5D89:next
少匹配,そして……今までずっと君たちを裏切り続けていたことも。,15,,mp4000_ev,EV_04_117_00,Loc_215,非TK,,Loc_216:cond_false;Loc_217:jump,无候选,,,0020141396,そして……今までずっと君たちを裏切り続けていたことも。,T4204,Function_18,loc_3FB8,Function_18_3FAF:cond_true;Function_18_3FAF:cond_false,loc_5D89:next
少匹配,男の子は本当の意味で救いようがない存在だった。,15,,mp4000_ev,EV_04_117_00,Loc_215,非TK,,Loc_216:cond_false;Loc_217:jump,无候选,,,0020141398,男の子は本当の意味で救いようがない存在だった。,T4204,Function_18,loc_3FB8,Function_18_3FAF:cond_true;Function_18_3FAF:cond_false,loc_5D89:next
少匹配,そこにいるだけで不幸と災厄をもたらすような……,15,,mp4000_ev,EV_04_117_00,Loc_215,非TK,,Loc_216:cond_false;Loc_217:jump,无候选,,,0020141399,そこにいるだけで不幸と災厄をもたらすような……,T4204,Function_18,loc_3FB8,Function_18_3FAF:cond_true;Function_18_3FAF:cond_false,loc_5D89:next
少匹配,そんな、穢れた存在だったんだ。,15,,mp4000_ev,EV_04_117_00,Loc_215,非TK,,Loc_216:cond_false;Loc_217:jump,无候选,,,0020141400,そんな、穢（けが）れた存在だったんだ。,T4204,Function_18,loc_3FB8,Function_18_3FAF:cond_true;Function_18_3FAF:cond_false,loc_5D89:next
少匹配,だから……男の子は旅立つことにした。,15,,mp4000_ev,EV_04_117_00,Loc_215,非TK,,Loc_216:cond_false;Loc_217:jump,无候选,,,0020141402,だから……男の子は旅立つことにした。,T4204,Function_18,loc_3FB8,Function_18_3FAF:cond_true;Function_18_3FAF:cond_false,loc_5D89:next
少匹配,幸せな夢を見せてくれた人たちをこれ以上、巻き込まないために。,15,,mp4000_ev,EV_04_117_00,Loc_215,非TK,,Loc_216:cond_false;Loc_217:jump,无候选,,,0020141403,幸せな夢を見せてくれた人たちをこれ以上、巻き込まないために。,T4204,Function_18,loc_3FB8,Function_18_3FAF:cond_true;Function_18_3FAF:cond_false,loc_5D89:next
少匹配,自分という存在を造った悪い魔法使いを止めるために。,15,,mp4000_ev,EV_04_117_00,Loc_215,非TK,,Loc_216:cond_false;Loc_217:jump,无候选,,,0020141404,自分という存在を造った悪い魔法使いを止めるために。,T4204,Function_18,loc_3FB8,Function_18_3FAF:cond_true;Function_18_3FAF:cond_false,loc_5D89:next
少匹配,それは、僕が人間らしい心を最後に持っていた時のものだ。,15,,mp4000_ev,EV_04_117_00,Loc_215,非TK,,Loc_216:cond_false;Loc_217:jump,无候选,,,0020141406,それは、僕が人間らしい心を最後に持っていた時のものだ。,T4204,Function_18,loc_3FB8,Function_18_3FAF:cond_true;Function_18_3FAF:cond_false,loc_5D89:next
少匹配,もう必要のないものだから……,15,,mp4000_ev,EV_04_117_00,Loc_215,非TK,,Loc_216:cond_false;Loc_217:jump,无候选,,,0020141407,もう必要のないものだから……,T4204,Function_18,loc_3FB8,Function_18_3FAF:cond_true;Function_18_3FAF:cond_false,loc_5D89:next
少匹配,だから君に受け取ってほしい。,15,,mp4000_ev,EV_04_117_00,Loc_215,非TK,,Loc_216:cond_false;Loc_217:jump,无候选,,,0020141408,だから君に受け取ってほしい。,T4204,Function_18,loc_3FB8,Function_18_3FAF:cond_true;Function_18_3FAF:cond_false,loc_5D89:next
少匹配,この５年間のお礼にはとてもならないだろうけど……,15,,mp4000_ev,EV_04_117_00,Loc_215,非TK,,Loc_216:cond_false;Loc_217:jump,无候选,,,0020141409,この５年間のお礼にはとてもならないだろうけど……,T4204,Function_18,loc_3FB8,Function_18_3FAF:cond_true;Function_18_3FAF:cond_false,loc_5D89:next
少匹配,何も無いよりはマシだと思うんだ。,15,,mp4000_ev,EV_04_117_00,Loc_215,非TK,,Loc_216:cond_false;Loc_217:jump,无候选,,,0020141410,何も無いよりはマシだと思うんだ。,T4204,Function_18,loc_3FB8,Function_18_3FAF:cond_true;Function_18_3FAF:cond_false,loc_5D89:next
少匹配,…………かげんにしなさいよ。,15,,mp4000_ev,EV_04_117_00,Loc_215,非TK,,Loc_216:cond_false;Loc_217:jump,无候选,,,0010141412,…………かげんにしなさいよ。,T4204,Function_18,loc_3FB8,Function_18_3FAF:cond_true;Function_18_3FAF:cond_false,loc_5D89:next
少匹配,いい加減にしなさいっての！,15,,mp4000_ev,EV_04_117_00,Loc_215,非TK,,Loc_216:cond_false;Loc_217:jump,无候选,,,0010141414,いい加減にしなさいっての！,T4204,Function_18,loc_3FB8,Function_18_3FAF:cond_true;Function_18_3FAF:cond_false,loc_5D89:next
少匹配,夢なんて言わないでよ……っ！,15,,mp4000_ev,EV_04_117_00,Loc_217,非TK,Loc_215:jump;Loc_216:next,Loc_218:cond_false;Loc_219:jump,无候选,,,0010141415,夢なんて言わないでよ……っ！,T4204,Function_18,loc_3FB8,Function_18_3FAF:cond_true;Function_18_3FAF:cond_false,loc_5D89:next
少匹配,まるで……今までのことが本当じゃなかったみたいじゃない！,15,,mp4000_ev,EV_04_117_00,Loc_217,非TK,Loc_215:jump;Loc_216:next,Loc_218:cond_false;Loc_219:jump,无候选,,,0010141416,まるで……今までのことが本当じゃなかったみたいじゃない！,T4204,Function_18,loc_3FB8,Function_18_3FAF:cond_true;Function_18_3FAF:cond_false,loc_5D89:next
少匹配,過去がなんだっていうの！？,15,,mp4000_ev,EV_04_117_00,Loc_217,非TK,Loc_215:jump;Loc_216:next,Loc_218:cond_false;Loc_219:jump,无候选,,,0010141417,過去がなんだっていうの！？,T4204,Function_18,loc_3FB8,Function_18_3FAF:cond_true;Function_18_3FAF:cond_false,loc_5D89:next
少匹配,心が壊れてる！？それがどーしたっていうのよ！？,15,,mp4000_ev,EV_04_117_00,Loc_217,非TK,Loc_215:jump;Loc_216:next,Loc_218:cond_false;Loc_219:jump,无候选,,,0010141418,心が壊れてる！？それがどーしたっていうのよ！？,T4204,Function_18,loc_3FB8,Function_18_3FAF:cond_true;Function_18_3FAF:cond_false,loc_5D89:next
少匹配,あたしを見て！,15,,mp4000_ev,EV_04_117_00,Loc_217,非TK,Loc_215:jump;Loc_216:next,Loc_218:cond_false;Loc_219:jump,无候选,,,0010141420,あたしを見て！,T4204,Function_18,loc_3FB8,Function_18_3FAF:cond_true;Function_18_3FAF:cond_false,loc_5D89:next
少匹配,あたしの目を見てよ！,15,,mp4000_ev,EV_04_117_00,Loc_217,非TK,Loc_215:jump;Loc_216:next,Loc_218:cond_false;Loc_219:jump,无候选,,,0010141421,あたしの目を見てよ！,T4204,Function_18,loc_3FB8,Function_18_3FAF:cond_true;Function_18_3FAF:cond_false,loc_5D89:next
少匹配,ずっと……その男の子のことを見てきたわ！,15,,mp4000_ev,EV_04_117_00,Loc_217,非TK,Loc_215:jump;Loc_216:next,Loc_218:cond_false;Loc_219:jump,无候选,,,0010141422,ずっと……その男の子のことを見てきたわ！,T4204,Function_18,loc_3FB8,Function_18_3FAF:cond_true;Function_18_3FAF:cond_false,loc_5D89:next
少匹配,良い所も悪い所も知ってる！,15,,mp4000_ev,EV_04_117_00,Loc_217,非TK,Loc_215:jump;Loc_216:next,Loc_218:cond_false;Loc_219:jump,无候选,,,0010141423,良い所も悪い所も知ってる！,T4204,Function_18,loc_3FB8,Function_18_3FAF:cond_true;Function_18_3FAF:cond_false,loc_5D89:next
少匹配,男の子が、何かに苦しみながら必死に頑張ってたことも知ってる！,15,,mp4000_ev,EV_04_117_00,Loc_217,非TK,Loc_215:jump;Loc_216:next,Loc_218:cond_false;Loc_219:jump,无候选,,,0010141424,男の子が、何かに苦しみながら必死に頑張ってたことも知ってる！,T4204,Function_18,loc_3FB8,Function_18_3FAF:cond_true;Function_18_3FAF:cond_false,loc_5D89:next
少匹配,そんなヨシュアのことをあたしは好きになったんだから！,15,,mp4000_ev,EV_04_117_00,Loc_217,非TK,Loc_215:jump;Loc_216:next,Loc_218:cond_false;Loc_219:jump,无候选,,,0010141425,そんなヨシュアのことをあたしは好きになったんだから！,T4204,Function_18,loc_3FB8,Function_18_3FAF:cond_true;Function_18_3FAF:cond_false,loc_5D89:next
少匹配,１人で行くなんてダメだからね！,15,,mp4000_ev,EV_04_117_00,Loc_217,非TK,Loc_215:jump;Loc_216:next,Loc_218:cond_false;Loc_219:jump,无候选,,,0010141427,１人で行くなんてダメだからね！,T4204,Function_18,loc_3FB8,Function_18_3FAF:cond_true;Function_18_3FAF:cond_false,loc_5D89:next
少匹配,あたしを、あたしの気持ちを置き去りにして消えちゃうなんて！,15,,mp4000_ev,EV_04_117_00,Loc_219,非TK,Loc_217:jump;Loc_218:next,,无候选,,,0010141428,あたしを、あたしの気持ちを置き去りにして消えちゃうなんて！,T4204,Function_18,loc_3FB8,Function_18_3FAF:cond_true;Function_18_3FAF:cond_false,loc_5D89:next
少匹配,絶対に許さないんだからあっ！,15,,mp4000_ev,EV_04_117_00,Loc_219,非TK,Loc_217:jump;Loc_218:next,,无候选,,,0010141429,絶対に許さないんだからあっ！,T4204,Function_18,loc_3FB8,Function_18_3FAF:cond_true;Function_18_3FAF:cond_false,loc_5D89:next
少匹配,なんだ、お前たちは！,11,,mp4000_ev,SB_04_01_00,Loc_227,非TK,Loc_226:cond_false;Loc_226:next,Loc_228:cond_false;Loc_229:jump,无候选,,,4190111258,なんだ、お前たちは！,T4151,Function_46,loc_5767,Function_46_5617:jump;loc_564A:jump;loc_5670:jump;loc_5696:jump;loc_56BD:jump;loc_56E3:jump;loc_5709:jump;loc_572E:jump;loc_5753:next,loc_5852:cond_true;loc_5843:cond_true;loc_5843:cond_false;loc_5843:next
少匹配,……銀髪……,14,,mp4000_ev,MayaEvent04_105_00,Loc_328,非TK,Loc_327:cond_false;Loc_327:next,Loc_329:cond_false;Loc_329:next,无候选,,,0010131331,……銀髪……,T4202,Function_2,Function_2_35D,,loc_142D:switch;loc_18C1:switch
少匹配,いや……アッシュブロンドね……,14,,mp4000_ev,MayaEvent04_105_00,Loc_328,非TK,Loc_327:cond_false;Loc_327:next,Loc_329:cond_false;Loc_329:next,无候选,,,0030131332,いや……アッシュブロンドね……,T4202,Function_2,Function_2_35D,,loc_142D:switch;loc_18C1:switch
少匹配,どうやらこいつ……北方の生まれみたいだわ。,14,,mp4000_ev,MayaEvent04_105_00,Loc_328,非TK,Loc_327:cond_false;Loc_327:next,Loc_329:cond_false;Loc_329:next,无候选,,,0030131333,どうやらこいつ……北方の生まれみたいだわ。,T4205,Function_4,loc_18D2,Function_4_576:switch;loc_1348:jump;loc_1785:jump,
少匹配,フフ……北であるのは間違いない。,14,,mp4000_ev,MayaEvent04_105_00,Loc_329,非TK,Loc_328:cond_false;Loc_328:next,Loc_330:cond_false;Loc_330:next,无候选,,,0140131334,フフ……北であるのは間違いない。,T4202,Function_2,Function_2_35D,,loc_142D:switch;loc_18C1:switch
少匹配,まあ、ここからそれほど遠くはないがな。,14,,mp4000_ev,MayaEvent04_105_00,Loc_330,非TK,Loc_329:cond_false;Loc_329:next,Loc_331:cond_false;Loc_331:next,无候选,,,0140131335,まあ、ここからそれほど遠くはないがな。,T4205,Function_4,loc_18D2,Function_4_576:switch;loc_1348:jump;loc_1785:jump,
少匹配,お前たちが女であろうが手加減をするつもりはない……,14,,mp4000_ev,MayaEvent04_105_00,Loc_331,非TK,Loc_330:cond_false;Loc_330:next,Loc_332:cond_false;Loc_332:next,无候选,,,0140131337,お前たちが女であろうが　　　　　　　手加減をするつもりはない……,T4202,Function_2,Function_2_35D,,loc_142D:switch;loc_18C1:switch
少匹配,……行くぞ。,14,,mp4000_ev,MayaEvent04_105_00,Loc_332,非TK,Loc_331:cond_false;Loc_331:next,Loc_333:cond_false;Loc_333:next,无候选,,,0140131338,……行くぞ。,T4202,Function_2,Function_2_35D,,loc_142D:switch;loc_18C1:switch
少匹配,あなた……だったんですね？,14,,mp4000_ev,MayaEvent04_116_00,Loc_348,非TK,Loc_347:cond_false;Loc_347:next,Loc_349:cond_false;Loc_349:next,无候选,,,0020141008,あなた……だったんですね？,T4101,Function_34,loc_7F38,loc_7407:jump;loc_7E94:next,loc_9FCC:jump
少匹配,クク……,14,,mp4000_ev,MayaEvent04_116_00,Loc_348,非TK,Loc_347:cond_false;Loc_347:next,Loc_349:cond_false;Loc_349:next,无候选,,,0150141009,クク……,T4101,Function_34,loc_7F38,loc_7407:jump;loc_7E94:next,loc_9FCC:jump
少匹配,認識と記憶を操作されながらそこまで気付くとは大したものだ。,14,,mp4000_ev,MayaEvent04_116_00,Loc_348,非TK,Loc_347:cond_false;Loc_347:next,Loc_349:cond_false;Loc_349:next,无候选,,,0150141010,認識と記憶を操作されながらそこまで気付くとは大したものだ。,T4101,Function_34,loc_7F38,loc_7407:jump;loc_7E94:next,loc_9FCC:jump
少匹配,さすが、私が造っただけはある。,14,,mp4000_ev,MayaEvent04_116_00,Loc_348,非TK,Loc_347:cond_false;Loc_347:next,Loc_349:cond_false;Loc_349:next,无候选,,,0150141011,さすが、私が造っただけはある。,T4101,Function_34,loc_7F38,loc_7407:jump;loc_7E94:next,loc_9FCC:jump
少匹配,……え……………,14,,mp4000_ev,MayaEvent04_116_00,Loc_348,非TK,Loc_347:cond_false;Loc_347:next,Loc_349:cond_false;Loc_349:next,无候选,,,0020141012,……え……………,T4101,Function_34,loc_7F38,loc_7407:jump;loc_7E94:next,loc_9FCC:jump
少匹配,では、暗示を解くとしようか。,14,,mp4000_ev,MayaEvent04_116_00,Loc_348,非TK,Loc_347:cond_false;Loc_347:next,Loc_349:cond_false;Loc_349:next,无候选,,,0150141013,では、暗示を解くとしようか。,T4101,Function_34,loc_7F38,loc_7407:jump;loc_7E94:next,loc_9FCC:jump
少匹配,………………あ…………,14,,mp4000_ev,MayaEvent04_116_00,Loc_348,非TK,Loc_347:cond_false;Loc_347:next,Loc_349:cond_false;Loc_349:next,无候选,,,0020141014,………………あ…………,T4101,Function_34,loc_7F38,loc_7407:jump;loc_7E94:next,loc_9FCC:jump
少匹配,……あなたは……ッ！？,14,,mp4000_ev,MayaEvent04_116_00,Loc_348,非TK,Loc_347:cond_false;Loc_347:next,Loc_349:cond_false;Loc_349:next,无候选,,,0020141016,……あなたは……ッ！？,T4101,Function_34,loc_7F38,loc_7407:jump;loc_7E94:next,loc_9FCC:jump
少匹配,フフ、ようやく私のことを思い出したようだね。,14,,mp4000_ev,MayaEvent04_116_00,Loc_348,非TK,Loc_347:cond_false;Loc_347:next,Loc_349:cond_false;Loc_349:next,无候选,,,0150141017,フフ、ようやく私のことを思い出したようだね。,T4101,Function_34,loc_7F38,loc_7407:jump;loc_7E94:next,loc_9FCC:jump
少匹配,バラバラになった君の心を組み立て、直してあげたこの私を。,14,,mp4000_ev,MayaEvent04_116_00,Loc_348,非TK,Loc_347:cond_false;Loc_347:next,Loc_349:cond_false;Loc_349:next,无候选,,,0150141018,バラバラになった君の心を組み立て、直してあげたこの私を。,T4101,Function_34,loc_7F38,loc_7407:jump;loc_7E94:next,loc_9FCC:jump
少匹配,虚ろな人形に魂を与えたこの私を。,14,,mp4000_ev,MayaEvent04_116_00,Loc_348,非TK,Loc_347:cond_false;Loc_347:next,Loc_349:cond_false;Loc_349:next,无候选,,,0150141019,虚ろな人形に魂を与えたこの私を。,T4101,Function_34,loc_7F38,loc_7407:jump;loc_7E94:next,loc_9FCC:jump
少匹配,対象者の認識と記憶を歪めて操作する異能の力……！,14,,mp4000_ev,MayaEvent04_116_00,Loc_348,非TK,Loc_347:cond_false;Loc_347:next,Loc_349:cond_false;Loc_349:next,无候选,,,0020141020,対象者の認識と記憶を歪めて操作する異能の力……！,T4101,Function_34,loc_7F38,loc_7407:jump;loc_7E94:next,loc_9FCC:jump
少匹配,７人の《蛇の使徒》の１人！,14,,mp4000_ev,MayaEvent04_116_00,Loc_348,非TK,Loc_347:cond_false;Loc_347:next,Loc_349:cond_false;Loc_349:next,无候选,,,0020141021,７人の《蛇の使徒（アンギス）》の１人！,T4101,Function_34,loc_7F38,loc_7407:jump;loc_7E94:next,loc_9FCC:jump
少匹配,《白面》のワイスマン……！,14,,mp4000_ev,MayaEvent04_116_00,Loc_348,非TK,Loc_347:cond_false;Loc_347:next,Loc_349:cond_false;Loc_349:next,无候选,,,0020141022,《白面》のワイスマン……！,T4101,Function_34,loc_7F38,loc_7407:jump;loc_7E94:next,loc_9FCC:jump
少匹配,はは……久しぶりと言っておこうか。,14,,mp4000_ev,MayaEvent04_116_00,Loc_348,非TK,Loc_347:cond_false;Loc_347:next,Loc_349:cond_false;Loc_349:next,无候选,,,0150141023,はは……久しぶりと言っておこうか。,T4101,Function_34,loc_7F38,loc_7407:jump;loc_7E94:next,loc_9FCC:jump
少匹配,……エステル………,14,,mp4000_ev,MayaEvent04_117_00,Loc_357,非TK,Loc_356:cond_false;Loc_356:next,Loc_358:cond_false;Loc_358:next,无候选,,,0020141430,……エステル………,T4204,Function_18,loc_3FB8,Function_18_3FAF:cond_true;Function_18_3FAF:cond_false,loc_5D89:next
少匹配,………あ………………,14,,mp4000_ev,MayaEvent04_117_00,Loc_357,非TK,Loc_356:cond_false;Loc_356:next,Loc_358:cond_false;Loc_358:next,无候选,,,0010141433,………あ………………,T4204,Function_18,loc_3FB8,Function_18_3FAF:cond_true;Function_18_3FAF:cond_false,loc_5D89:next
少匹配,（………ヨシュア…………）,14,,mp4000_ev,MayaEvent04_117_00,Loc_357,非TK,Loc_356:cond_false;Loc_356:next,Loc_358:cond_false;Loc_358:next,无候选,,,0010141434,（………ヨシュア…………）,T4204,Function_18,loc_3FB8,Function_18_3FAF:cond_true;Function_18_3FAF:cond_false,loc_5D89:next
少匹配,なに今の……！,14,,mp4000_ev,MayaEvent04_117_00,Loc_357,非TK,Loc_356:cond_false;Loc_356:next,Loc_358:cond_false;Loc_358:next,无候选,,,0010141435,なに今の……！,T4204,Function_18,loc_3FB8,Function_18_3FAF:cond_true;Function_18_3FAF:cond_false,loc_5D89:next
少匹配,口の中に流れて……,14,,mp4000_ev,MayaEvent04_117_00,Loc_357,非TK,Loc_356:cond_false;Loc_356:next,Loc_358:cond_false;Loc_358:next,无候选,,,0010141436,口の中に流れて……,T4204,Function_18,loc_3FB8,Function_18_3FAF:cond_true;Function_18_3FAF:cond_false,loc_5D89:next
少匹配,……即効性のある睡眠誘導剤だよ。,14,,mp4000_ev,MayaEvent04_117_00,Loc_357,非TK,Loc_356:cond_false;Loc_356:next,Loc_358:cond_false;Loc_358:next,无候选,,,0020141437,……即効性のある睡眠誘導剤だよ。,T4204,Function_18,loc_3FB8,Function_18_3FAF:cond_true;Function_18_3FAF:cond_false,loc_5D89:next
少匹配,副作用はないから安心して。,14,,mp4000_ev,MayaEvent04_117_00,Loc_357,非TK,Loc_356:cond_false;Loc_356:next,Loc_358:cond_false;Loc_358:next,无候选,,,0020141438,副作用はないから安心して。,T4204,Function_18,loc_3FB8,Function_18_3FAF:cond_true;Function_18_3FAF:cond_false,loc_5D89:next
少匹配,ど……どうして……？,14,,mp4000_ev,MayaEvent04_117_00,Loc_357,非TK,Loc_356:cond_false;Loc_356:next,Loc_358:cond_false;Loc_358:next,无候选,,,0010141440,ど……どうして……？,T4204,Function_18,loc_3FB8,Function_18_3FAF:cond_true;Function_18_3FAF:cond_false,loc_5D89:next
少匹配,……何でそんなものを……！,14,,mp4000_ev,MayaEvent04_117_00,Loc_357,非TK,Loc_356:cond_false;Loc_356:next,Loc_358:cond_false;Loc_358:next,无候选,,,0010141441,……何でそんなものを……！,T4204,Function_18,loc_3FB8,Function_18_3FAF:cond_true;Function_18_3FAF:cond_false,loc_5D89:next
少匹配,僕のエステル……お日様みたいに眩しかった君。,14,,mp4000_ev,MayaEvent04_117_00,Loc_357,非TK,Loc_356:cond_false;Loc_356:next,Loc_358:cond_false;Loc_358:next,无候选,,,0020141442,僕のエステル……お日様みたいに眩しかった君。,T4204,Function_18,loc_3FB8,Function_18_3FAF:cond_true;Function_18_3FAF:cond_false,loc_5D89:next
少匹配,君と一緒にいて幸せだったけど同時に、とても苦しかった……,14,,mp4000_ev,MayaEvent04_117_00,Loc_357,非TK,Loc_356:cond_false;Loc_356:next,Loc_358:cond_false;Loc_358:next,无候选,,,0020141443,君と一緒にいて幸せだったけど同時に、とても苦しかった……,T4204,Function_18,loc_3FB8,Function_18_3FAF:cond_true;Function_18_3FAF:cond_false,loc_5D89:next
少匹配,明るい光が濃い影を作るように……,14,,mp4000_ev,MayaEvent04_117_00,Loc_357,非TK,Loc_356:cond_false;Loc_356:next,Loc_358:cond_false;Loc_358:next,无候选,,,0020141444,明るい光が濃い影を作るように……,T4204,Function_18,loc_3FB8,Function_18_3FAF:cond_true;Function_18_3FAF:cond_false,loc_5D89:next
少匹配,だから、出会わなければよかったと思ったこともあった。,14,,mp4000_ev,MayaEvent04_117_00,Loc_357,非TK,Loc_356:cond_false;Loc_356:next,Loc_358:cond_false;Loc_358:next,无候选,,,0020141446,だから、出会わなければよかったと思ったこともあった。,T4204,Function_18,loc_3FB8,Function_18_3FAF:cond_true;Function_18_3FAF:cond_false,loc_5D89:next
少匹配,……そんな………,14,,mp4000_ev,MayaEvent04_117_00,Loc_357,非TK,Loc_356:cond_false;Loc_356:next,Loc_358:cond_false;Loc_358:next,无候选,,,0010141447,……そんな………,T4204,Function_18,loc_3FB8,Function_18_3FAF:cond_true;Function_18_3FAF:cond_false,loc_5D89:next
少匹配,でも、今は違う。,14,,mp4000_ev,MayaEvent04_117_00,Loc_357,非TK,Loc_356:cond_false;Loc_356:next,Loc_358:cond_false;Loc_358:next,无候选,,,0020141448,でも、今は違う。,T4204,Function_18,loc_3FB8,Function_18_3FAF:cond_true;Function_18_3FAF:cond_false,loc_5D89:next
少匹配,君に会えたことを感謝している。,14,,mp4000_ev,MayaEvent04_117_00,Loc_357,非TK,Loc_356:cond_false;Loc_356:next,Loc_358:cond_false;Loc_358:next,无候选,,,0020141449,君に会えたことを感謝している。,T4204,Function_18,loc_3FB8,Function_18_3FAF:cond_true;Function_18_3FAF:cond_false,loc_5D89:next
少匹配,こんな風に、大切な女の子から逃げ出す事しかできない僕だけど……,14,,mp4000_ev,MayaEvent04_117_00,Loc_357,非TK,Loc_356:cond_false;Loc_356:next,Loc_358:cond_false;Loc_358:next,无候选,,,0020141450,こんな風に、大切な女の子から逃げ出す事しかできない僕だけど……,T4204,Function_18,loc_3FB8,Function_18_3FAF:cond_true;Function_18_3FAF:cond_false,loc_5D89:next
少匹配,誰よりも君のことを想っている。,14,,mp4000_ev,MayaEvent04_117_00,Loc_357,非TK,Loc_356:cond_false;Loc_356:next,Loc_358:cond_false;Loc_358:next,无候选,,,0020141451,誰よりも君のことを想っている。,T4204,Function_18,loc_3FB8,Function_18_3FAF:cond_true;Function_18_3FAF:cond_false,loc_5D89:next
少匹配,……ヨシュア……ヨシュア………,14,,mp4000_ev,MayaEvent04_117_00,Loc_357,非TK,Loc_356:cond_false;Loc_356:next,Loc_358:cond_false;Loc_358:next,无候选,,,0010141452,……ヨシュア……ヨシュア………,T4204,Function_18,loc_3FB8,Function_18_3FAF:cond_true;Function_18_3FAF:cond_false,loc_5D89:next
少匹配,今まで、本当にありがとう。,14,,mp4000_ev,MayaEvent04_117_00,Loc_357,非TK,Loc_356:cond_false;Loc_356:next,Loc_358:cond_false;Loc_358:next,无候选,,,0020141453,今まで、本当にありがとう。,T4204,Function_18,loc_3FB8,Function_18_3FAF:cond_true;Function_18_3FAF:cond_false,loc_5D89:next
少匹配,出会った時から……君のことが大好きだったよ。,14,,mp4000_ev,MayaEvent04_117_00,Loc_357,非TK,Loc_356:cond_false;Loc_356:next,Loc_358:cond_false;Loc_358:next,无候选,,,0020141454,出会った時から……君のことが大好きだったよ。,T4204,Function_18,loc_3FB8,Function_18_3FAF:cond_true;Function_18_3FAF:cond_false,loc_5D89:next
少匹配,──さよなら、エステル。,14,,mp4000_ev,MayaEvent04_117_00,Loc_357,非TK,Loc_356:cond_false;Loc_356:next,Loc_358:cond_false;Loc_358:next,无候选,,,0020141455,──さよなら、エステル。,T4204,Function_18,loc_5D89,loc_5F19:jump;loc_3FB8:next,loc_5F1C:cond_true;loc_5F19:cond_true;loc_5ECB:cond_true;loc_5ECB:cond_false
少匹配,『猟兵団』と呼ばれるにふさわしい実力と実績を持っていたそうですが……,136,059,mp4010_02,TK_ERUNAN,Loc_22,TK,Loc_13:cond_false,Loc_24:cond_false;Loc_23:jump,无候选,,,0590101187,『猟兵団（イェーガー）』と呼ばれるにふさわしい実力と実績を持っていたそうですが……,T4121,Function_12,loc_8ABE,loc_8983:cond_true;loc_8983:cond_false,loc_8F0B:cond_true;loc_8E8B:cond_true;loc_8F08:jump;loc_8E8B:cond_false
少匹配,あそこは今のあなたたちが腕をみがくにはもってこいの場所だと思いますよ。,136,059,mp4010_02,TK_ERUNAN,Loc_43,TK,Loc_40:jump;Loc_42:next,Loc_39:jump,无候选,,,0590101152,あそこなら今のあなたたちが腕をみがくにはもってこいの場所だと思いますよ。,T4121,Function_13,loc_98E5,Function_13_941A:jump;loc_9868:next,loc_AA8A:switch;loc_AC4C:switch;loc_AE16:switch;loc_AFBE:switch
少匹配,おはようございます、みなさん。,136,059,mp4010_02,TK_ERUNAN,Loc_49,TK,Loc_45:cond_false,Loc_54:cond_false;Loc_55:cond_false;Loc_56:jump,无候选,,,0590101129,おはようございます、みなさん。,T4121,Function_13,loc_98E5,Function_13_941A:jump;loc_9868:next,loc_AA8A:switch;loc_AC4C:switch;loc_AE16:switch;loc_AFBE:switch
少匹配,大会も今日からはどこが相手でも一筋縄ではいかないはずです。,136,059,mp4010_02,TK_ERUNAN,Loc_56,TK,Loc_49:jump;Loc_55:next,Loc_53:jump,无候选,,,0590101133,今日からはどこが相手でも一筋縄ではいかないはずです。,T4121,Function_13,loc_98E5,Function_13_941A:jump;loc_9868:next,loc_AA8A:switch;loc_AC4C:switch;loc_AE16:switch;loc_AFBE:switch
少匹配,今日からはどこが相手でも一筋縄ではいかないはずです。,136,059,mp4010_02,TK_ERUNAN,Loc_57,TK,Loc_54:cond_false,Loc_53:next,多候选,0590101133,0590101133|0590101131,0590101131,今日からはどこが相手でも一筋縄ではいかないはずです。,T4121,Function_13,loc_98E5,Function_13_941A:jump;loc_9868:next,loc_AA8A:switch;loc_AC4C:switch;loc_AE16:switch;loc_AFBE:switch
少匹配,話が大きすぎてさっきは混乱しちゃったけどようやく事態が飲み込めてきたかな。,101,012,mp4010_02,TK_ANELUS,Loc_118,TK,Loc_117:cond_false,Loc_119:cond_false;Loc_116:jump,无候选,,,0120141540,話が大きすぎてさっきは混乱しちゃったけどようやく事態が飲み込めてきたわ。,T4121_1,Function_2,loc_113,loc_7F:cond_true;loc_7F:cond_false,loc_1CC:cond_true;loc_1CC:cond_false;loc_1CC:next
少匹配,これだけの事件となるとさすがに緊張しちゃうよね……,101,012,mp4010_02,TK_ANELUS,Loc_118,TK,Loc_117:cond_false,Loc_119:cond_false;Loc_116:jump,无候选,,,0120141541,これだけの事件となるとさすがに緊張しちゃうわね……,T4121_1,Function_2,loc_113,loc_7F:cond_true;loc_7F:cond_false,loc_1CC:cond_true;loc_1CC:cond_false;loc_1CC:next
少匹配,あなたがカシウスさんに招かれて来てくれたというのは僥倖でした。,136,059,mp4010_02,EV_04_75_00,_entry,非TK,,,无候选,,,0590130011,あなたがカシウスさんに招かれて来てくれたというのは僥倖（ぎょうこう）でした。,T4121,Function_16,Function_16_BB74,,
少匹配,いや、足りない戦力は我々が補わせていただこう。,12083,010,mp4010_02,EV_04_82_00,_entry,非TK,,,无候选,,,0100130442,いや、足りない戦力は我々が補わせていただこう。,T4121,Function_12,loc_3397,loc_315E:cond_true,loc_5925:cond_true;loc_9416:jump;loc_5925:cond_false
少匹配,まあ、見習いにしてはよくやったと言えるだろう。,109,016,mp4010_02,EV_04_114_01,Loc_151,非TK,Loc_147:jump;Loc_150:next,Loc_148:jump,无候选,,,0160140515,まあ、見習いにしてはよくやったと言えるだろう。,T4121,Function_18,Function_18_EA57,,
少匹配,ギリギリという成績だからこれから頑張ることだな。,109,016,mp4010_02,EV_04_114_01,Loc_154,非TK,Loc_149:jump;Loc_153:next,Loc_148:jump,无候选,,,0160140519,ギリギリという成績だからこれから頑張ることだな。,T4121,Function_18,Function_18_EA57,,
少匹配,女神と遊撃士紋章においてここに両名を正遊撃士に任命する。,109,016,mp4010_02,EV_04_114_01,Loc_148,非TK,_entry:jump;Loc_151:jump;Loc_154:jump;Loc_152:next,,无候选,,,0160140524,女神（エイドス）と遊撃士紋章においてここに両名を正遊撃士に任命する。,T4121,Function_18,Function_18_EA57,,
少匹配,ここまで来れたのも……皆さんが支えてくれたおかげです。,1,002,mp4010_02,EV_04_114_01,Loc_148,非TK,_entry:jump;Loc_151:jump;Loc_154:jump;Loc_152:next,,无候选,,,0020140531,ここまで来られたのも……皆さんが支えてくれたおかげです。,T4121,Function_18,Function_18_EA57,,
少匹配,ええ、相談を受けたからね。,2,003,mp4010_02,EV_04_114_01,Loc_148,非TK,_entry:jump;Loc_151:jump;Loc_154:jump;Loc_152:next,,无候选,,,0030140549,ええ、相談を受けたからね。,,,,,
少匹配,正直心細いけど……いつまでも先生に頼ってばかりじゃあたしたちも一人前になれないし。,2,003,mp4010_02,EV_04_114_01,Loc_148,非TK,_entry:jump;Loc_151:jump;Loc_154:jump;Loc_152:next,,无候选,,,0030140550,正直心細いけど……いつまでも先生に頼ってばかりじゃあたしたちも一人前になれないし。,,,,,
少匹配,まあ、これからは若手だけでも何とかなるって証明してやろうじゃねえか。,5,005,mp4010_02,EV_04_114_01,Loc_148,非TK,_entry:jump;Loc_151:jump;Loc_154:jump;Loc_152:next,,无候选,,,0050140551,まあ、これからは若手だけでも何とかなるって証明してやろうじゃねえか。,,,,,
少匹配,そうか……そうだな。,100,033,mp4010_02,EV_04_114_01,Loc_148,非TK,_entry:jump;Loc_151:jump;Loc_154:jump;Loc_152:next,,无候选,,,0330140552,そうか……そうだな。,,,,,
少匹配,しかしいつまでたっても忙しさからは解放されないねぇ。,102,032,mp4010_02,EV_04_114_01,Loc_148,非TK,_entry:jump;Loc_151:jump;Loc_154:jump;Loc_152:next,,无候选,,,0320140553,しかしいつまでたっても忙しさからは解放されないねぇ。,,,,,
少匹配,まあ、こうして新たな正遊撃士が２人誕生したんだ。,109,016,mp4010_02,EV_04_114_01,Loc_148,非TK,_entry:jump;Loc_151:jump;Loc_154:jump;Loc_152:next,,无候选,,,0160140554,まあ、こうして新たな正遊撃士が２人誕生したんだ。,,,,,
少匹配,せいぜい俺の代わりに、コキ使ってやるといいだろう。,109,016,mp4010_02,EV_04_114_01,Loc_148,非TK,_entry:jump;Loc_151:jump;Loc_154:jump;Loc_152:next,,无候选,,,0160140555,せいぜい俺の代わりに、コキ使ってやるといいだろう。,,,,,
少匹配,あのね……,0,001,mp1110,TK_ATGET,_entry,TK,,Loc_77:jump,无候选,,,0010140556,あのね……,,,,,
少匹配,はは、これからはもっと忙しくなりそうだね。,1,002,mp4010_02,EV_04_114_01,Loc_148,非TK,_entry:jump;Loc_151:jump;Loc_154:jump;Loc_152:next,,无候选,,,0020140557,はは、これからはもっと忙しくなりそうだね。,,,,,
少匹配,どうしてまた遊撃士協会に来たんだい？,3,004,mp4010_02,QS400_01_00,_entry,非TK,,,无候选,,,0040181637,どうしてまた遊撃士協会に来たんだい？,,,,,
少匹配,まあまあ、慌てなさんなって。,0,001,mp4010_02,QS400_01_00,_entry,非TK,,,无候选,,,0010181638,まあまあ、慌てなさんなって。,,,,,
少匹配,今、エルナンさんに呼び出してもらっています。,1,002,mp4010_02,QS400_01_00,_entry,非TK,,,无候选,,,0020181639,今、エルナンさんに呼び出してもらっています。,,,,,
少匹配,ええ、はい。それでは遊撃士協会まで……,136,059,mp4010_02,QS400_01_00,_entry,非TK,,,无候选,,,0590181640,ええ、はい。それでは遊撃士協会まで……,,,,,
少匹配,皆さん、連絡が付きましたよ。,136,059,mp4010_02,QS400_01_00,_entry,非TK,,,无候选,,,0590181641,皆さん、連絡が付きましたよ。,,,,,
少匹配,すぐにでもこちらにいらっしゃるそうです。,136,059,mp4010_02,QS400_01_00,_entry,非TK,,,无候选,,,0590181642,すぐにでもこちらにいらっしゃるそうです。,,,,,
少匹配,フッ、そんなにもボクに会いたくてたまらないのか。,3,004,mp4010_02,QS400_01_00,_entry,非TK,,,无候选,,,0040181643,フッ、そんなにもボクに会いたくてたまらないのか。,,,,,
少匹配,ところで、その仔猫ちゃんはボクが知っているヒトなのかな？,3,004,mp4010_02,QS400_01_00,_entry,非TK,,,无候选,,,0040181644,ところで、その仔猫ちゃんはボクが知っているヒトなのかな？,,,,,
少匹配,それはもう。よーく知ってると思うわよ。,0,001,mp4010_02,QS400_01_00,_entry,非TK,,,无候选,,,0010181645,それはもう。よーく知ってると思うわよ。,,,,,
少匹配,むふふ……今、王都にいる仔猫ちゃんか……,3,004,mp4010_02,QS400_01_00,_entry,非TK,,,无候选,,,0040181646,むふふ……今、王都にいる仔猫ちゃんか……,,,,,
少匹配,やはりシェラ君か……それともカルナさんにアネラス君……,3,004,mp4010_02,QS400_01_00,_entry,非TK,,,无候选,,,0040181647,やはりシェラ君か……それともカルナさんにアネラス君……,,,,,
少匹配,いやいや、メイベル市長にリラ君という可能性もあるなぁ……,3,004,mp4010_02,QS400_01_00,_entry,非TK,,,无候选,,,0040181648,いやいや、メイベル市長にリラ君という可能性もあるなぁ……,,,,,
少匹配,はっ、まさかクローディア姫やティータ君じゃないだろうねっ！？,3,004,mp4010_02,QS400_01_00,_entry,非TK,,,无候选,,,0040181649,はっ、まさかクローディア姫やティータ君じゃないだろうねっ！？,,,,,
少匹配,何と言うか……ある意味、すごい想像力ですね。,1,002,mp4010_02,QS400_01_00,_entry,非TK,,,无候选,,,0020181650,何と言うか……ある意味、すごい想像力ですね。,,,,,
少匹配,ああ。もういらっしゃったようですね。,136,059,mp4010_02,QS400_01_00,_entry,非TK,,,无候选,,,0590181651,ああ。もういらっしゃったようですね。,,,,,
少匹配,おお、ついに来たか！,3,004,mp4010_02,QS400_01_00,_entry,非TK,,,无候选,,,0040181652,おお、ついに来たか！,,,,,
少匹配,ボクの愛しい人よ！さあ、入ってきたまえっ！,3,004,mp4010_02,QS400_01_00,_entry,非TK,,,无候选,,,0040181653,ボクの愛しい人よ！さあ、入ってきたまえっ！,,,,,
少匹配,……では、遠慮なく入らせてもらうぞ。,112,011,mp4010_02,QS400_01_00,_entry,非TK,,,无候选,,,0110181654,……では、遠慮なく入らせてもらうぞ。,,,,,
少匹配,どうやら君たちが依頼を遂行してくれたようだな。,112,011,mp4010_02,QS400_01_00,_entry,非TK,,,无候选,,,0110181656,どうやら君たちが依頼を遂行してくれたようだな。,,,,,
少匹配,ありがとう。帝国大使館を代表して礼を言う。,112,011,mp4010_02,QS400_01_00,_entry,非TK,,,无候选,,,0110181657,ありがとう。帝国大使館を代表して礼を言う。,,,,,
少匹配,いえいえ、そんな。,0,001,mp4010_02,QS400_01_00,_entry,非TK,,,无候选,,,0010181658,いえいえ、そんな。,,,,,
少匹配,オリビエさん本人が望んだことでもありますし。,1,002,mp4010_02,QS400_01_00,_entry,非TK,,,无候选,,,0020181659,オリビエさん本人が望んだことでもありますし。,,,,,
少匹配,……話が見えないんだけど。,3,004,mp4010_02,QS400_01_00,_entry,非TK,,,无候选,,,0040181660,……話が見えないんだけど。,,,,,
少匹配,ボクに会いたがっている仔猫ちゃんというのは……？,3,004,mp4010_02,QS400_01_00,_entry,非TK,,,无候选,,,0040181661,ボクに会いたがっている仔猫ちゃんというのは……？,,,,,
少匹配,何を寝ぼけている。,112,011,mp4010_02,QS400_01_00,_entry,非TK,,,无候选,,,0110181662,何を寝ぼけている。,,,,,
少匹配,女王陛下直々のご招待だからこの際、今夜の晩餐会に出席することは認めてやろう。,112,011,mp4010_02,QS400_01_00,_entry,非TK,,,无候选,,,0110181663,女王陛下直々のご招待だからこの際、今夜の晩餐会に出席することは認めてやろう。,,,,,
少匹配,だが、だからといってお前の好き放題にはさせられん。,112,011,mp4010_02,QS400_01_00,_entry,非TK,,,无候选,,,0110181664,だが、だからといってお前の好き放題にはさせられん。,,,,,
少匹配,そのことを今一度、言い含めておこうと思ってな。,112,011,mp4010_02,QS400_01_00,_entry,非TK,,,无候选,,,0110181665,そのことを今一度、言い含めておこうと思ってな。,,,,,
少匹配,エ、エステル君！　ヨシュア君！,3,004,mp4010_02,QS400_01_00,_entry,非TK,,,无候选,,,0040181666,エ、エステル君！　ヨシュア君！,,,,,
少匹配,ひどいじゃないか！ボクのことをダマしたのねっ！？,3,004,mp4010_02,QS400_01_00,_entry,非TK,,,无候选,,,0040181667,ひどいじゃないか！ボクのことをダマしたのねっ！？,,,,,
少匹配,なにを人聞きの悪い……,0,001,mp4010_02,QS400_01_00,_entry,非TK,,,无候选,,,0010181668,なにを人聞きの悪い……,,,,,
少匹配,僕たち、女性が待ってるとは一言も言ってませんけど……,1,002,mp4010_02,QS400_01_00,_entry,非TK,,,无候选,,,0020181669,僕たち、女性が待ってるとは一言も言ってませんけど……,,,,,
少匹配,さて……夕方まであまり時間はない。,112,011,mp4010_02,QS400_01_00,_entry,非TK,,,无候选,,,0110181670,さて……夕方まであまり時間はない。,,,,,
少匹配,色々と釘を刺しておきたいしとっとと大使館に戻るぞ。,112,011,mp4010_02,QS400_01_00,_entry,非TK,,,无候选,,,0110181671,色々と釘を刺しておきたいしとっとと大使館に戻るぞ。,,,,,
少匹配,あ～れ～っ！,3,004,mp4010_02,QS400_01_00,_entry,非TK,,,无候选,,,0040181672,あ〜れ〜っ！,,,,,
少匹配,ふむ、これで一件落着ですね。,136,059,mp4010_02,QS400_01_00,_entry,非TK,,,无候选,,,0590181673,ふむ、これで一件落着ですね。,,,,,
少匹配,査定も済ませたので報酬を受け取ってください。,136,059,mp4010_02,QS400_01_00,_entry,非TK,,,无候选,,,0590181674,査定も済ませたので報酬を受け取ってください。,,,,,
少匹配,正遊撃士の手帳はまだ出来ていないので準遊撃士の方に書かせてもらいますよ。,136,059,mp4010_02,QS400_01_00,_entry,非TK,,,无候选,,,0590181675,正遊撃士の手帳はまだ出来ていないので準遊撃士の方に書かせてもらいますよ。,,,,,
少匹配,うーん、微妙に後ろめたいけど納得できる依頼だったからいいか。,0,001,mp4010_02,QS400_01_00,_entry,非TK,,,无候选,,,0010181676,うーん、微妙に後ろめたいけど納得できる依頼だったからいいか。,,,,,
少匹配,それじゃあ生誕祭の見物を再開しましょ。,0,001,mp4010_02,QS400_01_00,_entry,非TK,,,无候选,,,0010181677,それじゃあ生誕祭の見物を再開しましょ。,,,,,
少匹配,一通り回ったら東街区の休憩所に行こうか。,1,002,mp4010_02,QS400_01_00,_entry,非TK,,,无候选,,,0020181679,一通り回ったら東街区の休憩所に行こうか。,,,,,
少匹配,おお～！エステル、ヨシュア！,7,008,mp4010_05,TK_ZIN,Loc_100,TK,Loc_99:cond_false,Loc_101:cond_false;Loc_102:cond_false;Loc_103:jump,无候选,,,0080111473|0080121526,おお〜！エステル、ヨシュア！|おお〜！エステル、ヨシュア！,T4137,Function_22,loc_850B,loc_84CA:cond_true;loc_84CA:cond_false,loc_85F9:next
少匹配,フッ、食は心をうるおし生命を創る……,3,004,mp4010_05,TK_OLIVERT,Loc_117,TK,Loc_115:cond_false,Loc_118:next,无候选,,,0040141626,フッ、食は心をうるおし生命（いのち）を創る……,T4130_2,Function_21,loc_7D1B,loc_7CC1:jump;loc_7CEA:jump;loc_7D00:jump;loc_7D16:next,loc_7DA8:cond_true;loc_7E78:jump;loc_7DA8:cond_false
少匹配,おお、優勝チームのメンバーが揃い踏みだな。,103,031,mp4010_05,TK_GRATU,Loc_129,TK,Loc_128:cond_false,Loc_130:cond_false;Loc_131:cond_false;Loc_132:jump,多候选,0310111951,0310111951|0310111963,0310111963,おお、優勝チームのメンバーが揃い踏みだな。,T4130_2,Function_27,loc_A77C,loc_A724:cond_true;loc_A724:cond_false,loc_A84A:next
少匹配,試合のほうはばっちり見せてもらったぜ。,103,031,mp4010_05,TK_GRATU,Loc_129,TK,Loc_128:cond_false,Loc_130:cond_false;Loc_131:cond_false;Loc_132:jump,多候选,0310111952,0310111952|0310111964,0310111964,試合のほうはばっちり見せてもらったぜ。,T4130_2,Function_27,loc_A77C,loc_A724:cond_true;loc_A724:cond_false,loc_A84A:next
少匹配,あれ？  あの金髪の兄ちゃんはどこに行ったんだ？,103,031,mp4010_05,TK_GRATU,Loc_131,TK,Loc_129:cond_false,Loc_132:next,多候选,0310111949,0310111949|0310111961,0310111961,あれ？　あの金髪の兄ちゃんはどこに行ったんだ？,T4130_2,Function_27,loc_A724,loc_A71A:cond_true;loc_A71A:cond_false,loc_A84D:cond_true;loc_A77C:cond_true;loc_A84A:jump;loc_A77C:cond_false
少匹配,やったあ❤,0,001,mp4010_05,EV_04_23_00,_entry,非TK,,,无候选,,,0010101502,やったあ❤,T4130,Function_8,Function_8_1FA6,,
少匹配,……って、即答しちゃってもいいわけ？,0,001,mp4010_05,EV_04_23_00,_entry,非TK,,,无候选,,,0010101503,……って、即答しちゃってもいいわけ？,,,,,
少匹配,フッ……その言葉を待っていたよ。,3,004,mp4010_05,EV_04_23_00,_entry,非TK,,,无候选,,,0040101526,フッ……その言葉を待っていたよ。,T4130,Function_8,Function_8_1FA6,,
少匹配,『不動のジン』がいたとはいえ、君たちの戦いぶりは実に見事だったよ。,100,033,mp4010_08,TK_CLUT,Loc_187,TK,Loc_185:cond_false,Loc_188:next,多候选,0330110495,0330110495|0330110485,0330110485,『不動のジン』がいたとはいえ、君たちの戦いぶりは実に見事だったよ。,T4133,Function_10,loc_1AA8,loc_1A0E:cond_true;loc_1A0E:cond_false,loc_1C39:cond_true;loc_1B40:cond_true;loc_1C36:jump;loc_1B40:cond_false
少匹配,クローゼから聞いたわ。大活躍だったんでしょ？,146,051,mp4010_08,TK_JIL,_entry,TK,,Loc_194:jump,多候选,0510140806,0510140806|0510140803,0510140803,クローゼから聞いたわ。大活躍だったんでしょ？,T4133,Function_7,loc_D19,Function_7_C97:cond_true;Function_7_C97:cond_false,loc_DE4:next
少匹配,モーニン、親愛なる諸君❤,3,004,mp4010_08,EV_04_25_01,_entry,非TK,,,无候选,,,0040110009,モーニン、親愛なる諸君❤,,,,,
少匹配,や～っと帰ってきやがったか。,122,027,mp4010_08,EV_04_35_00,_entry,非TK,,Loc_221:next,无候选,,,0270110452,や〜っと帰ってきやがったか。,T4132,Function_12,Function_12_1E23,,
少匹配,あんまり待たすんじゃねえっての。,122,027,mp4010_08,EV_04_35_00,_entry,非TK,,Loc_221:next,无候选,,,0270110453,あんまり待たすんじゃねえっての。,T4132,Function_12,Function_12_1E23,,
少匹配,なあに、自分たちは君たちのファンだからな。,20851,,mp4010_08,EV_04_45_01,Loc_226,非TK,Loc_225:next,Loc_227:next,无候选,,,2490111159,なあに、自分たちは君たちのファンだからな。,T4133,Function_21,Function_21_293F,,
少匹配,同じ王国軍なのにこういう事を言うのも何だが……,20850,,mp4010_08,EV_04_45_01,Loc_226,非TK,Loc_225:next,Loc_227:next,无候选,,,4190111160,同じ王国軍なのにこういう事を言うのも何だが……,T4133,Function_21,Function_21_293F,,
少匹配,あの特務部隊の連中はいまいち好きになれなくてね。,20850,,mp4010_08,EV_04_45_01,Loc_226,非TK,Loc_225:next,Loc_227:next,无候选,,,4190111161,あの特務部隊の連中はいまいち好きになれなくてね。,T4133,Function_21,Function_21_293F,,
少匹配,そうそう、何を考えているのかさっぱり分からないというか……,20851,,mp4010_08,EV_04_45_01,Loc_226,非TK,Loc_225:next,Loc_227:next,无候选,,,2490111162,そうそう、何を考えているのかさっぱり分からないというか……,T4133,Function_21,Function_21_293F,,
少匹配,とと、こんな事を言ったらリシャール大佐に失礼だな。,20851,,mp4010_08,EV_04_45_01,Loc_226,非TK,Loc_225:next,Loc_227:next,无候选,,,2490111163,とと、こんな事を言ったらリシャール大佐に失礼だな。,T4133,Function_21,Function_21_293F,,
少匹配,まあ、そんなわけで君たちの活躍には期待してるよ。,20850,,mp4010_08,EV_04_45_01,Loc_226,非TK,Loc_225:next,Loc_227:next,无候选,,,4190111164,まあ、そんなわけで君たちの活躍には期待してるよ。,T4133,Function_21,Function_21_293F,,
少匹配,明日の試合、頑張ってくれよな！,20851,,mp4010_08,EV_04_45_01,Loc_226,非TK,Loc_225:next,Loc_227:next,无候选,,,2490111165,明日の試合、頑張ってくれよな！,T4133,Function_21,Function_21_293F,,
少匹配,吽！,7,008,mp4010_08,EV_04_79_00,_entry,非TK,,,无候选,,,0080130176,吽（うん）！,T4132,Function_16,Function_16_35E1,,loc_4B66:cond_true;loc_4B66:cond_false
少匹配,まったく人騒がせな……,20850,,mp4010_08,SB_04_01_01,Loc_203,非TK,,Loc_204:cond_false;Loc_205:jump,无候选,,,4190111270,まったく人騒がせな……,T4133,Function_24,loc_4A5E,Function_24_4954:jump;loc_4A0D:jump;loc_4A22:jump;loc_4A37:jump;loc_4A4C:cond_true;loc_4A4C:cond_false,loc_55AB:jump
少匹配,テロ対策のため夜間の外出は遠慮してくれ。,20850,,mp4010_08,SB_04_01_01,Loc_203,非TK,,Loc_204:cond_false;Loc_205:jump,无候选,,,2490111271,テロ対策のため夜間の外出は遠慮してくれ。,T4133,Function_24,loc_4A5E,Function_24_4954:jump;loc_4A0D:jump;loc_4A22:jump;loc_4A37:jump;loc_4A4C:cond_true;loc_4A4C:cond_false,loc_55AB:jump
少匹配,同じ控室ってことはあたしたちの対戦はお預けってことだね。,102,032,mp4010_12,TK_KARNA,Loc_269,TK,Loc_265:cond_false,Loc_268:cond_false;Loc_270:cond_false;Loc_271:jump,多候选,0320110161,0320110161|0320110155,0320110155,同じ控室ってことはあたしたちの対戦はお預けってことだね。,T4136,Function_11,loc_192B,loc_18E6:cond_true;loc_18E6:cond_false,loc_19B2:next
少匹配,いや……さっきから眩暈がしてね。,100,033,mp4010_12,TK_CLUT,_entry,TK,,Loc_274:cond_false;Loc_274:next,无候选,,,0330111603,いや……さっきから眩暈（めまい）がしてね。,T4107,Function_49,Function_49_26B4,,loc_2D38:cond_true;loc_2D82:jump;loc_2D38:cond_false
少匹配,あいつら、俺に一体何をしやがったってんだ……,104,030,mp4010_12,TK_DORUN,_entry,TK,,Loc_287:jump,多候选,0300110783,0300110783|0300110781,0300110781,あいつら、俺に一体何をしやがったってんだ……,T4136,Function_19,Function_19_245D,,
少匹配,まあ、いずれにしてもあの汚い連中に一泡吹かせないとハラの虫がおさまらないぜ。,104,030,mp4010_12,TK_DORUN,_entry,TK,,Loc_287:jump,多候选,0300110784,0300110784|0300110782,0300110782,まあ、いずれにしてもあの汚い連中に一泡吹かせないとハラの虫がおさまらないぜ。,T4136,Function_19,Function_19_245D,,
少匹配,もともとお前さんたちとやり合うハメになったのも情報部の仕業だったわけだしな。,105,029,mp4010_12,TK_KEER,_entry,TK,,Loc_291:jump,多候选,0290110789,0290110789|0290110786,0290110786,もともとお前さんたちとやり合うハメになったのも情報部の仕業だったわけだしな。,T4136,Function_19,Function_19_245D,,
少匹配,資料館の館長さんが急な用事で見物に来れなくなってしまいまして。,116,015,mp4010_12,TK_WEISMAN,Loc_327,TK,Loc_325:jump;Loc_326:next,Loc_328:cond_false;Loc_329:jump,无候选,,,0150111573,資料館の館長さんが急な用事で見物に来られなくなってしまいまして。,T4107,Function_45,Function_45_15EB,,loc_1939:cond_true;loc_19A8:jump;loc_1939:cond_false
少匹配,お待たせしました。これより第７試合を始めます。,20700,,mp4010_12,EV_04_15_00,Loc_383,非TK,Loc_381:jump;Loc_382:next,,无候选,,,2200100902,お待たせしました。これより第７試合を始めます。,T4104,Function_2,loc_1873,loc_17CA:jump;loc_1859:next,
少匹配,北、紅の組。,14,,mp4010_12,EV_04_16_00,Loc_388,非TK,Loc_390:cond_false;Loc_389:jump,Loc_394:next,无候选,,,2200100910,北、紅の組。,T4104,Function_2,loc_1873,loc_17CA:jump;loc_1859:next,
少匹配,あっ、エステルちゃんたちだ！,101,012,mp4010_12,EV_04_17_00,_entry,非TK,,,无候选,,,0280130254,ああ、エステルちゃんたちだ！,T4130,Function_11,Function_11_6FE7,,loc_74BB:cond_true;loc_753B:jump;loc_74BB:cond_false
少匹配,ああん、女神様！大いなる加護を感謝いたします～！,0,001,mp4010_12,EV_04_17_00,_entry,非TK,,,无候选,,,0010101053,ああん、女神（エイドス）様！大いなる加護を感謝いたします〜！,T4136,Function_21,Function_21_3995,,
少匹配,ヘッ……ずいぶん余裕そうじゃねえか。,137,045,mp4010_12,EV_04_28_00,_entry,非TK,,Loc_743:next,无候选,,,0450110071,ヘッ……ずいぶん余裕そうじゃねえか。,T4136,Function_21,Function_21_3995,,
少匹配,試合の前にメシでも食うべ。,138,047,mp4010_12,EV_04_28_00,Loc_745,非TK,Loc_744:next,Loc_746:next,无候选,,,0470110112,試合の前にメシでも喰うべ。,T4136,Function_25,Function_25_4F5E,,
少匹配,それでは早速、栄えある第一試合のカードを発表することにしましょう。,21000,220,mp4010_12,EV_04_29_00,_entry,非TK,,,无候选,,,2200110182,それでは早速、栄（は）えある第一試合のカードを発表することにしましょう。,T4104,Function_4,Function_4_46A1,,
少匹配,勝負あり！紅の組、ロランスチームの勝ち！,12042,221,mp4010_12,EV_04_32_01,_entry,非TK,,Loc_757:next,无候选,,,2210110307,勝負あり！紅の組、ロランスチームの勝ち！,T4104,Function_12,Function_12_76F4,,
少匹配,あ～、エステルちゃんたちだ！,123,028,mp4010_12,EV_04_38_00,Loc_768,非TK,Loc_767:next,Loc_620:cond_false;Loc_621:jump,无候选,,,0280110635,あ〜、エステルちゃんたちだ！,T4136,Function_33,Function_33_82C5,,
少匹配,あ、ドロシーじゃない！,0,001,mp4010_12,EV_04_38_00,Loc_623,非TK,Loc_621:jump;Loc_622:next,,无候选,,,0010110636,あ、ドロシーじゃない！,T4136,Function_33,Function_33_82C5,,
少匹配,お久しぶり……っていう程でもないですね。,1,002,mp4010_12,EV_04_38_00,Loc_623,非TK,Loc_621:jump;Loc_622:next,,无候选,,,0020110637,お久しぶり……っていう程でもないですね。,T4136,Function_33,Function_33_82C5,,
少匹配,ツァイスで会って以来ですから。,1,002,mp4010_12,EV_04_38_00,Loc_623,非TK,Loc_621:jump;Loc_622:next,,无候选,,,0020110638,ツァイスで会って以来ですから。,T4136,Function_33,Function_33_82C5,,
少匹配,ホントにそうだね～。,123,028,mp4010_12,EV_04_38_00,Loc_623,非TK,Loc_621:jump;Loc_622:next,,无候选,,,0280110639,ホントにそうだね〜。,T4136,Function_33,Function_33_82C5,,
少匹配,また生きて会えるなんて夢にも思ってなかったよ～。,123,028,mp4010_12,EV_04_38_00,Loc_623,非TK,Loc_621:jump;Loc_622:next,,无候选,,,0280110640,また生きて会えるなんて夢にも思ってなかったよ〜。,T4136,Function_33,Function_33_82C5,,
少匹配,エステルちゃんたち、工房船に乗って危ない所に行こうとしてたみたいだし～。,123,028,mp4010_12,EV_04_38_00,Loc_623,非TK,Loc_621:jump;Loc_622:next,,无候选,,,0280110641,エステルちゃんたち、工房船に乗って危ない所に行こうとしてたみたいだし〜。,T4136,Function_33,Function_33_82C5,,
少匹配,危ない所……？,7,008,mp4010_12,EV_04_38_00,Loc_623,非TK,Loc_621:jump;Loc_622:next,,无候选,,,0080110642,危ない所……？,T4136,Function_33,Function_33_82C5,,
少匹配,ほほう、興味深い話だねぇ。,3,004,mp4010_12,EV_04_38_00,Loc_623,非TK,Loc_621:jump;Loc_622:next,,无候选,,,0040110643,ほほう、興味深い話だねぇ。,T4136,Function_33,Function_33_82C5,,
少匹配,あわわ、ドロシー！その話はまた後ってことで。,0,001,mp4010_12,EV_04_38_00,Loc_623,非TK,Loc_621:jump;Loc_622:next,,无候选,,,0010110644,あわわ、ドロシー！その話はまた後ってことで。,T4136,Function_33,Function_33_82C5,,
少匹配,ほえ……？,123,028,mp4010_12,EV_04_38_00,Loc_623,非TK,Loc_621:jump;Loc_622:next,,无候选,,,0280110645,ほえ……？,T4136,Function_35,Function_35_919B,,
少匹配,そういえば、そこの人たちどこかで見たことがあるような～。,123,028,mp4010_12,EV_04_38_00,Loc_623,非TK,Loc_621:jump;Loc_622:next,,无候选,,,0280110646,そういえば、そこの人たちどこかで見たことがあるような〜。,T4136,Function_35,Function_35_919B,,
少匹配,フッ、一度ボースの街でお目にかかったことがあるね。,3,004,mp4010_12,EV_04_38_00,Loc_623,非TK,Loc_621:jump;Loc_622:next,,无候选,,,0040110647,フッ、一度ボースの街でお目にかかったことがあるね。,T4136,Function_35,Function_35_919B,,
少匹配,また会えて嬉しいよ。ユニークでチャーミングなお嬢さん。,3,004,mp4010_12,EV_04_38_00,Loc_623,非TK,Loc_621:jump;Loc_622:next,,无候选,,,0040110648,また会えて嬉しいよ。ユニークでチャーミングなお嬢さん。,T4136,Function_35,Function_35_919B,,
少匹配,俺の方とは、温泉の近くで一度すれ違ったことがあったな。,7,008,mp4010_12,EV_04_38_00,Loc_623,非TK,Loc_621:jump;Loc_622:next,,无候选,,,0080110649,俺の方とは、温泉の近くで一度すれ違ったことがあったな。,T4136,Function_35,Function_35_919B,,
少匹配,ああ～、思いだしましたぁ！,123,028,mp4010_12,EV_04_38_00,Loc_623,非TK,Loc_621:jump;Loc_622:next,,无候选,,,0280110650,ああ〜、思いだしましたぁ！,T4136,Function_35,Function_35_919B,,
少匹配,ワイン飲み逃げ事件の犯人さんと東方風のカッコした熊さんです！,123,028,mp4010_12,EV_04_38_00,Loc_623,非TK,Loc_621:jump;Loc_622:next,,无候选,,,0280110651,ワイン飲み逃げ事件の犯人さんと東方風のカッコした熊さんです！,T4136,Function_35,Function_35_919B,,
少匹配,エステルちゃんたち、この人たちと武術大会で一緒に戦ってるの～？,123,028,mp4010_12,EV_04_38_00,Loc_623,非TK,Loc_621:jump;Loc_622:next,,无候选,,,0280110652,エステルちゃんたち、この人たちと武術大会で一緒に戦ってるの〜？,T4136,Function_35,Function_35_919B,,
少匹配,こちらのジンさんにお願いして本戦から参加しているんです。,1,002,mp4010_12,EV_04_38_00,Loc_623,非TK,Loc_621:jump;Loc_622:next,,无候选,,,0020110654,こちらのジンさんにお願いして本戦から参加しているんです。,T4136,Function_35,Function_35_919B,,
少匹配,そういえば、ドロシーさん。今日は取材に来たんですか？,1,002,mp4010_12,EV_04_38_00,Loc_623,非TK,Loc_621:jump;Loc_622:next,,无候选,,,0020110655,そういえば、ドロシーさん。今日は取材に来たんですか？,T4136,Function_35,Function_35_919B,,
少匹配,うん～、昨日までは別の取材をしてたんだけどね～。,123,028,mp4010_12,EV_04_38_00,Loc_623,非TK,Loc_621:jump;Loc_622:next,,无候选,,,0280110656,うん〜、昨日までは別の取材をしてたんだけどね〜。,T4136,Function_35,Function_35_919B,,
少匹配,今朝、ナイアル先輩に会ってエステルちゃんたちが武術大会に出てることを教えてもらって～。,123,028,mp4010_12,EV_04_38_00,Loc_623,非TK,Loc_621:jump;Loc_622:next,,无候选,,,0280110657,今朝、ナイアル先輩に会ってエステルちゃんたちが武術大会に出てることを教えてもらって〜。,T4136,Function_35,Function_35_919B,,
少匹配,でも、先輩が言ってた通りかなり強そうなチームみたいね～。,123,028,mp4010_12,EV_04_38_00,Loc_623,非TK,Loc_621:jump;Loc_622:next,,无候选,,,0280110658,でも、先輩が言ってた通りかなり強そうなチームみたいね〜。,T4136,Function_35,Function_35_919B,,
少匹配,これは良い写真が撮れそうかも～。,123,028,mp4010_12,EV_04_38_00,Loc_623,非TK,Loc_621:jump;Loc_622:next,,无候选,,,0280110659,これは良い写真が撮れそうかも〜。,T4136,Function_35,Function_35_919B,,
少匹配,あはは、期待してるわ。,0,001,mp4010_12,EV_04_38_00,Loc_623,非TK,Loc_621:jump;Loc_622:next,,无候选,,,0010110660,あはは、期待してるわ。,T4136,Function_35,Function_35_919B,,
少匹配,あれ……そういえばナイアルは一緒じゃないの？,0,001,mp4010_12,EV_04_38_00,Loc_623,非TK,Loc_621:jump;Loc_622:next,,无候选,,,0010110661,あれ……そういえばナイアルは一緒じゃないの？,T4136,Function_35,Function_35_919B,,
少匹配,うん、なんだか大事な調べ物があるみたいでね～。,123,028,mp4010_12,EV_04_38_00,Loc_623,非TK,Loc_621:jump;Loc_622:next,,无候选,,,0280110662,うん、なんだか大事な調べ物があるみたいでね〜。,T4136,Function_35,Function_35_919B,,
少匹配,昨日は徹夜で資料と格闘してたみたいだし～。,123,028,mp4010_12,EV_04_38_00,Loc_623,非TK,Loc_621:jump;Loc_622:next,,无候选,,,0280110663,昨日は徹夜で資料と格闘してたみたいだし〜。,T4136,Function_35,Function_35_919B,,
少匹配,今日は、昔の知り合いと会って話をするんだって～。,123,028,mp4010_12,EV_04_38_00,Loc_623,非TK,Loc_621:jump;Loc_622:next,,无候选,,,0280110664,今日は、昔の知り合いと会って話をするんだって〜。,T4136,Function_35,Function_35_919B,,
少匹配,あ、そうそう、先輩から、エステルちゃんたちに伝言があるの～。,123,028,mp4010_12,EV_04_38_00,Loc_623,非TK,Loc_621:jump;Loc_622:next,,无候选,,,0280110666,あ、そうそう、先輩から、エステルちゃんたちに伝言があるの〜。,T4136,Function_35,Function_35_919B,,
少匹配,今日の夕方くらいに編集部に来て欲しいんだって～。,123,028,mp4010_12,EV_04_38_00,Loc_623,非TK,Loc_621:jump;Loc_622:next,,无候选,,,0280110667,今日の夕方くらいに編集部に来て欲しいんだって〜。,T4136,Function_35,Function_35_919B,,
少匹配,なんか、大切な話があるみたいよ～？,123,028,mp4010_12,EV_04_38_00,Loc_623,非TK,Loc_621:jump;Loc_622:next,,无候选,,,0280110668,なんか、大切な話があるみたいよ〜？,T4136,Function_35,Function_35_919B,,
少匹配,ん……わかった。,0,001,mp4010_12,EV_04_38_00,Loc_623,非TK,Loc_621:jump;Loc_622:next,,无候选,,,0010110669,ん……わかった。,T4136,Function_35,Function_35_919B,,
少匹配,試合が終わったら伺います。,1,002,mp4010_12,EV_04_38_00,Loc_623,非TK,Loc_621:jump;Loc_622:next,,无候选,,,0020110670,試合が終わったら伺います。,T4136,Function_35,Function_35_919B,,
少匹配,大切な話……なんだかお安くないねえ。,3,004,mp4010_12,EV_04_38_00,Loc_623,非TK,Loc_621:jump;Loc_622:next,,无候选,,,0040110671,大切な話……なんだかお安くないねえ。,T4136,Function_35,Function_35_919B,,
少匹配,気になるなあ。ゴロゴロ、うにゃああん。,3,004,mp4010_12,EV_04_38_00,Loc_623,非TK,Loc_621:jump;Loc_622:next,,无候选,,,0040110672,気になるなあ。ゴロゴロ、うにゃああん。,T4136,Function_35,Function_35_919B,,
少匹配,ちょ、ちょっとダメだってば。オリビエには関係ない話なんだから。,0,001,mp4010_12,EV_04_38_00,Loc_623,非TK,Loc_621:jump;Loc_622:next,,无候选,,,0010110673,ちょ、ちょっとダメだってば。オリビエには関係ない話なんだから。,T4136,Function_35,Function_35_919B,,
少匹配,ひどいわっ、エステル君！,3,004,mp4010_12,EV_04_38_00,Loc_623,非TK,Loc_621:jump;Loc_622:next,,无候选,,,0040110674,ひどいわっ、エステル君！,T4136,Function_35,Function_35_919B,,
少匹配,昨日はあんなに激しく（試合で）燃えたのに！,3,004,mp4010_12,EV_04_38_00,Loc_623,非TK,Loc_621:jump;Loc_622:next,,无候选,,,0040110675,昨日はあんなに激しく（試合で）燃えたのに！,T4136,Function_35,Function_35_919B,,
少匹配,必要がなくなったらゴミのように捨てるのね～っ！,3,004,mp4010_12,EV_04_38_00,Loc_623,非TK,Loc_621:jump;Loc_622:next,,无候选,,,0040110676,必要がなくなったらゴミのように捨てるのね〜っ！,T4136,Function_35,Function_35_919B,,
少匹配,だ～から、誤解を招く言い方はやめい！,0,001,mp4010_12,EV_04_38_00,Loc_623,非TK,Loc_621:jump;Loc_622:next,,无候选,,,0010110677,だ〜から、誤解を招く言い方はやめい！,T4136,Function_35,Function_35_919B,,
少匹配,はわわ～、エステルちゃん。いつのまにそんなオトナに～？,123,028,mp4010_12,EV_04_38_00,Loc_623,非TK,Loc_621:jump;Loc_622:next,,无候选,,,0280110678,はわわ〜、エステルちゃん。いつのまにそんなオトナに〜？,T4136,Function_35,Function_35_919B,,
少匹配,あんたも信じるなっちゅーの！,0,001,mp4010_12,EV_04_38_00,Loc_623,非TK,Loc_621:jump;Loc_622:next,,无候选,,,0010110679,あんたも信じるなっちゅーの！,T4136,Function_35,Function_35_919B,,
少匹配,あ、それじゃあわたし、撮影ポジションを確保するから観客席の方に行くね～。,123,028,mp4010_12,EV_04_38_00,Loc_623,非TK,Loc_621:jump;Loc_622:next,,无候选,,,0280110680,あ、それじゃあわたし、撮影ポジションを確保するから観客席の方に行くね〜。,T4136,Function_35,Function_35_919B,,
少匹配,エステルちゃんたちのこと、応援しまくるから頑張ってね～。,123,028,mp4010_12,EV_04_38_00,Loc_623,非TK,Loc_621:jump;Loc_622:next,,无候选,,,0280110681,エステルちゃんたちのこと、応援しまくるから頑張ってね〜。,T4136,Function_35,Function_35_919B,,
少匹配,なんというか……ユニークな嬢ちゃんだなぁ。,7,008,mp4010_12,EV_04_38_00,Loc_623,非TK,Loc_621:jump;Loc_622:next,,无候选,,,0080110682,なんというか……ユニークな嬢ちゃんだなぁ。,T4136,Function_35,Function_35_919B,,
少匹配,はふ～っ……,0,001,mp4010_12,EV_04_38_00,Loc_623,非TK,Loc_621:jump;Loc_622:next,,无候选,,,0010110683,はふ〜っ……,T4136,Function_35,Function_35_919B,,
少匹配,オリビエとドロシーが揃うと２乗で疲れるような気がするわ……,0,001,mp4010_12,EV_04_38_00,Loc_623,非TK,Loc_621:jump;Loc_622:next,,无候选,,,0010110684,オリビエとドロシーが揃うと２乗で疲れるような気がするわ……,T4136,Function_35,Function_35_919B,,
少匹配,ハッハッハッ、試合前の緊張がほぐれたということで。,3,004,mp4010_12,EV_04_38_00,Loc_623,非TK,Loc_621:jump;Loc_622:next,,无候选,,,0040110685,ハッハッハッ、試合前の緊張がほぐれたということで。,T4136,Function_35,Function_35_919B,,
少匹配,ドロシーさんは、カメラマンとしてかなりの腕の持ち主みたいですよ。,1,002,mp4010_12,EV_04_38_00,Loc_623,非TK,Loc_621:jump;Loc_622:next,,无候选,,,0020110686,ドロシーさんは、カメラマンとしてかなりの腕の持ち主みたいですよ。,T4136,Function_35,Function_35_919B,,
少匹配,最近の《リベール通信》の写真は彼女が撮った物ばかりだそうですから。,1,002,mp4010_12,EV_04_38_00,Loc_623,非TK,Loc_621:jump;Loc_622:next,,无候选,,,0020110687,最近の《リベール通信》の写真は彼女が撮った物ばかりだそうですから。,T4136,Function_35,Function_35_919B,,
少匹配,ほう、そりゃ凄いな。,7,008,mp4010_12,EV_04_38_00,Loc_623,非TK,Loc_621:jump;Loc_622:next,,无候选,,,0080110688,ほう、そりゃ凄いな。,T4136,Function_35,Function_35_919B,,
少匹配,だったら、そのカメラの前でブザマな戦いは見せられねぇな。,7,008,mp4010_12,EV_04_38_00,Loc_623,非TK,Loc_621:jump;Loc_622:next,,无候选,,,0080110689,だったら、そのカメラの前でブザマな戦いは見せられねぇな。,T4136,Function_35,Function_35_919B,,
少匹配,うん……確かに。,0,001,mp4010_12,EV_04_38_00,Loc_623,非TK,Loc_621:jump;Loc_622:next,,无候选,,,0010110690,うん……確かに。,T4136,Function_35,Function_35_919B,,
少匹配,誰と当たるかは判らないけど気合いを入れるしかないわねっ！,0,001,mp4010_12,EV_04_38_00,Loc_623,非TK,Loc_621:jump;Loc_622:next,,无候选,,,0010110691,誰と当たるかは判らないけど気合いを入れるしかないわねっ！,T4136,Function_35,Function_35_919B,,
少匹配,ほら、キリキリ歩かないか！,20850,,mp4010_12,EV_04_39_00,_entry,非TK,,Loc_769:next,无候选,,,2580110696,ほら、キリキリ歩かないか！,T4136,Function_35,Function_35_919B,,
少匹配,ったく、うるせえな。そんなに急かすんじゃねえよ。,104,030,mp4010_12,EV_04_39_00,Loc_774,非TK,Loc_773:next,Loc_775:next,无候选,,,0300110697,ったく、うるせえな。そんなに急かすんじゃねえよ。,T4136,Function_35,Function_35_919B,,
少匹配,ああ……どうしてこんな事になったんだろーな。,105,029,mp4010_12,EV_04_39_00,Loc_774,非TK,Loc_773:next,Loc_775:next,无候选,,,0290110698,ああ……どうしてこんな事になったんだろーな。,T4136,Function_35,Function_35_919B,,
少匹配,兄ぃ、気合いを入れなよ！,106,009,mp4010_12,EV_04_39_00,Loc_774,非TK,Loc_773:next,Loc_775:next,无候选,,,0090110699,兄ぃ、気合いを入れなよ！,T4136,Function_35,Function_35_919B,,
少匹配,あいつらと当たった時にそんなことでどうすんのさ！,106,009,mp4010_12,EV_04_39_00,Loc_774,非TK,Loc_773:next,Loc_775:next,无候选,,,0090110700,あいつらと当たった時にそんなことでどうすんのさ！,T4136,Function_35,Function_35_919B,,
少匹配,コラ！無駄口を叩くんじゃない！,20850,,mp4010_12,EV_04_39_00,Loc_778,非TK,Loc_777:next,Loc_630:next,无候选,,,2580110709,コラ！無駄口を叩くんじゃない！,T4136,Function_35,Function_35_919B,,
少匹配,公爵閣下の温情があって参加していることを忘れたか？,20851,,mp4010_12,EV_04_39_00,Loc_778,非TK,Loc_777:next,Loc_630:next,无候选,,,2570110710,公爵閣下の温情があって参加していることを忘れたか？,T4136,Function_35,Function_35_919B,,
少匹配,願わくば、また牢に戻るまでその態度を通して欲しいものだな。,20850,,mp4010_12,EV_04_39_00,Loc_778,非TK,Loc_777:next,Loc_630:next,无候选,,,2580110713,願わくば、また牢に戻るまでその態度を通して欲しいものだな。,T4136,Function_35,Function_35_919B,,
少匹配,あんたたちも、こいつらとはなるべく口を利かないでほしい。,20850,,mp4010_12,EV_04_39_00,Loc_778,非TK,Loc_777:next,Loc_630:next,无候选,,,2580110714,あんたたちも、こいつらとはなるべく口を利かないでほしい。,T4136,Function_35,Function_35_919B,,
少匹配,面倒を起こしてもらっては困るのだ。,20850,,mp4010_12,EV_04_39_00,Loc_778,非TK,Loc_777:next,Loc_630:next,无候选,,,2580110715,面倒を起こしてもらっては困るのだ。,T4136,Function_35,Function_35_919B,,
少匹配,判ってると思うが、競技場には一個中隊の兵が警備についている。,20851,,mp4010_12,EV_04_39_00,Loc_778,非TK,Loc_777:next,Loc_630:next,无候选,,,2570110717,判ってると思うが、競技場には一個中隊の兵が警備についている。,T4136,Function_35,Function_35_919B,,
少匹配,逃げられると思うんじゃないぞ。,20851,,mp4010_12,EV_04_39_00,Loc_778,非TK,Loc_777:next,Loc_630:next,无候选,,,2570110718,逃げられると思うんじゃないぞ。,T4136,Function_35,Function_35_919B,,
少匹配,このっ……,20850,,mp4010_12,EV_04_39_00,Loc_778,非TK,Loc_777:next,Loc_630:next,无候选,,,2580110721,このっ……,T4136,Function_35,Function_35_919B,,
少匹配,ガキの挑発に乗るなよ。,20851,,mp4010_12,EV_04_39_00,Loc_778,非TK,Loc_777:next,Loc_630:next,无候选,,,2570110722,ガキの挑発に乗るなよ。,T4136,Function_35,Function_35_919B,,
少匹配,いいな、くれぐれもおかしな事を考えるんじゃないぞ。,20851,,mp4010_12,EV_04_39_00,Loc_778,非TK,Loc_777:next,Loc_630:next,无候选,,,2570110723,いいな、くれぐれもおかしな事を考えるんじゃないぞ。,T4136,Function_35,Function_35_919B,,
少匹配,これより武術大会、本戦２日目を始めます！,20700,,mp4010_12,EV_04_39_00,Loc_778,非TK,Loc_777:next,Loc_630:next,无候选,,,2200110765,これより武術大会、本戦２日目を始めます！,T4136,Function_37,Function_37_AA3D,,
少匹配,早速ですが、本日最初の第５試合のカードを発表します。,20700,,mp4010_12,EV_04_39_00,Loc_649,非TK,Loc_651:cond_false;Loc_653:jump,,无候选,,,2200110766,早速ですが、本日最初の第５試合のカードを発表します。,T4136,Function_37,Function_37_AA3D,,
少匹配,北、紅の組──遊撃士協会、グランセル支部。クルツ選手以下４名のチーム！,20700,,mp4010_12,EV_04_39_00,Loc_649,非TK,Loc_651:cond_false;Loc_653:jump,,无候选,,,2200110768,北、紅の組──遊撃士協会、グランセル支部。クルツ選手以下４名のチーム！,T4136,Function_38,Function_38_B175,,
少匹配,ずいぶんとまあ、囀ってくれるじゃないの……,105,029,mp4010_12,EV_04_41_00,_entry,非TK,,,无候选,,,0290110870,ずいぶんとまあ、囀（さえず）ってくれるじゃないの……,T4104,Function_12,Function_12_76F4,,
少匹配,フン……やっと終わってくれたようだな。,20850,,mp4010_12,EV_04_41_01,Loc_786,非TK,Loc_785:next,Loc_787:next,无候选,,,2580110904,フン……やっと終わってくれたようだな。,T4136,Function_39,Function_39_C1E1,,
少匹配,ほら、グズグズするな！とっとと波止場に戻るぞ！,20853,,mp4010_12,EV_04_41_01,Loc_790,非TK,Loc_789:next,,无候选,,,2560110905,ほら、グズグズするな！とっとと波止場に戻るぞ！,T4136,Function_39,Function_39_C1E1,,
少匹配,フン……犯罪者の分際で甘えるな。,20850,,mp4010_12,EV_04_41_01,Loc_790,非TK,Loc_789:next,,无候选,,,2580110908,フン……犯罪者の分際で甘えるな。,T4136,Function_39,Function_39_C1E1,,
少匹配,ほら、さっさと来ないか！,20853,,mp4010_12,EV_04_41_01,Loc_790,非TK,Loc_789:next,,无候选,,,2290110909,ほら、さっさと来ないか！,T4136,Function_39,Function_39_C1E1,,
少匹配,ボクたちはもう、明日はここに来れないけど……,106,009,mp4010_12,EV_04_41_01,Loc_790,非TK,Loc_789:next,,无候选,,,0090110915,ボクたちはもう、明日はここに来られないけど……,T4136,Function_40,loc_CDDB,Function_40_CD3D:jump;loc_CD97:next,loc_D822:cond_true;loc_E266:jump;loc_D822:cond_false
少匹配,……気はすんだか。,20850,,mp4010_12,EV_04_41_01,Loc_790,非TK,Loc_789:next,,无候选,,,2580110921,……気はすんだか。,T4136,Function_40,loc_CDDB,Function_40_CD3D:jump;loc_CD97:next,loc_D822:cond_true;loc_E266:jump;loc_D822:cond_false
少匹配,ほら、手間を取らすんじゃない。,20851,,mp4010_12,EV_04_41_01,Loc_790,非TK,Loc_789:next,,无候选,,,2570110922,ほら、手間を取らすんじゃない。,T4136,Function_40,loc_CDDB,Function_40_CD3D:jump;loc_CD97:next,loc_D822:cond_true;loc_E266:jump;loc_D822:cond_false
少匹配,おお……,124,034,mp1110,TK_BRAO,Loc_78,TK,,Loc_79:cond_false;Loc_79:next,无候选,,,0340111638,おお……,T4136,Function_40,loc_D822,loc_CDDB:cond_true;loc_CDDB:cond_false,loc_E266:next
少匹配,そこにいるのはエステル君とヨシュア君か！,124,034,mp4010_12,EV_04_55_00,Loc_667,非TK,Loc_665:jump;Loc_666:next,Loc_668:cond_false;Loc_669:jump,无候选,,,0340111639,そこにいるのはエステル君とヨシュア君か！,T4136,Function_40,loc_D822,loc_CDDB:cond_true;loc_CDDB:cond_false,loc_E266:next
少匹配,ああっ、クラウス市長！？,0,001,mp4010_12,EV_04_55_00,Loc_673,非TK,Loc_671:jump;Loc_672:next,Loc_674:cond_false;Loc_675:jump,无候选,,,0010111640,ああっ、クラウス市長！？,T4136,Function_40,loc_E266,loc_CDDB:jump;loc_D822:next,
少匹配,いやあ、久しぶりじゃのう。,124,034,mp4010_12,EV_04_55_00,Loc_675,非TK,Loc_673:jump;Loc_674:next,,无候选,,,0340111642,いやあ、久しぶりじゃのう。,T4136,Function_42,Function_42_E45A,,
少匹配,シェラザード君から話を聞いて王国各地を旅しているのは知っておったが……,124,034,mp4010_12,EV_04_55_00,Loc_675,非TK,Loc_673:jump;Loc_674:next,,无候选,,,0340111643,シェラザード君から話を聞いて王国各地を旅しているのは知っておったが……,T4136,Function_42,Function_42_E45A,,
少匹配,２人とも、しばらく見ないうちにいい顔つきになったじゃないか。,124,034,mp4010_12,EV_04_55_00,Loc_675,非TK,Loc_673:jump;Loc_674:next,,无候选,,,0340111644,２人とも、しばらく見ないうちにいい顔つきになったじゃないか。,T4136,Function_42,Function_42_E45A,,
少匹配,はは……ありがとうございます。,1,002,mp4010_12,EV_04_55_00,Loc_675,非TK,Loc_673:jump;Loc_674:next,,无候选,,,0020111645,はは……　　　　　　　　ありがとうございます。,T4136,Function_42,Function_42_E45A,,
少匹配,うーん、自分じゃあんまり分からないけど……,0,001,mp4010_12,EV_04_55_00,Loc_675,非TK,Loc_673:jump;Loc_674:next,,无候选,,,0010111646,うーん、　　　　　　　　自分じゃあんまり分からないけど……,T4136,Function_42,Function_42_E45A,,
少匹配,市長さんの方は相変わらず元気そうね。,0,001,mp4010_12,EV_04_55_00,Loc_675,非TK,Loc_673:jump;Loc_674:next,,无候选,,,0010111647,市長さんの方は相変わらず元気そうね。,T4136,Function_42,Function_42_E45A,,
少匹配,ちょっと安心しちゃったわ。,0,001,mp4010_12,EV_04_55_00,Loc_675,非TK,Loc_673:jump;Loc_674:next,,无候选,,,0010111648,ちょっと安心しちゃったわ。,T4136,Function_42,Function_42_E45A,,
少匹配,はは、まだまだ若い者には負けてはおれんよ。,124,034,mp4010_12,EV_04_55_00,Loc_675,非TK,Loc_673:jump;Loc_674:next,,无候选,,,0340111649,はは、まだまだ　　　　　　　　　　　若い者には負けてはおれんよ。,T4136,Function_42,Function_42_E45A,,
少匹配,それよりも、武術大会に出場して決勝まで行ったそうじゃないか。,124,034,mp4010_12,EV_04_55_00,Loc_675,非TK,Loc_673:jump;Loc_674:next,,无候选,,,0340111650,それよりも、武術大会に出場して決勝まで行ったそうじゃないか。,T4136,Function_42,Function_42_E45A,,
少匹配,年甲斐もなくつい見物に来てしまったよ。,124,034,mp4010_12,EV_04_55_00,Loc_675,非TK,Loc_673:jump;Loc_674:next,,无候选,,,0340111651,年甲斐もなくつい見物に来てしまったよ。,T4136,Function_42,Function_42_E45A,,
少匹配,え、見物のためにロレントから来てくれたの！？,0,001,mp4010_12,EV_04_55_00,Loc_675,非TK,Loc_673:jump;Loc_674:next,,无候选,,,0010111652,え、見物のためにロレントから来てくれたの！？,T4136,Function_42,Function_42_E45A,,
少匹配,いや、そうじゃないんだ。,124,034,mp4010_12,EV_04_55_00,Loc_675,非TK,Loc_673:jump;Loc_674:next,,无候选,,,0340111653,いや、そうじゃないんだ。,T4136,Function_42,Function_42_E45A,,
少匹配,実はグランセル城の晩餐会に突然、招待されてしまってな。,124,034,mp4010_12,EV_04_55_00,Loc_675,非TK,Loc_673:jump;Loc_674:next,,无候选,,,0340111654,実はグランセル城の晩餐会に突然、招待されてしまってな。,T4136,Function_42,Function_42_E45A,,
少匹配,それで今朝の定期船で王都に到着したばかりなんじゃ。,124,034,mp4010_12,EV_04_55_00,Loc_675,非TK,Loc_673:jump;Loc_674:next,,无候选,,,0340111655,それで今朝の定期船で王都に到着したばかりなんじゃ。,T4136,Function_42,Function_42_E45A,,
少匹配,お城の晩餐会！？,0,001,mp4010_12,EV_04_55_00,Loc_675,非TK,Loc_673:jump;Loc_674:next,,无候选,,,0010111656,お城の晩餐会！？,T4136,Function_42,Function_42_E45A,,
少匹配,なるほど……そうだったんですか。,1,002,mp4010_12,EV_04_55_00,Loc_675,非TK,Loc_673:jump;Loc_674:next,,无候选,,,0020111657,なるほど……そうだったんですか。,T4136,Function_42,Function_42_E45A,,
少匹配,その晩餐会、デュナン公爵に招待されたものじゃありませんか？,1,002,mp4010_12,EV_04_55_00,Loc_675,非TK,Loc_673:jump;Loc_674:next,,无候选,,,0020111658,その晩餐会、デュナン公爵に招待されたものじゃありませんか？,T4136,Function_42,Function_42_E45A,,
少匹配,よく知っておるのう？,124,034,mp4010_12,EV_04_55_00,Loc_675,非TK,Loc_673:jump;Loc_674:next,,无候选,,,0340111659,よく知っておるのう？,T4136,Function_43,Function_43_E855,,
少匹配,元々、生誕祭の式典には夫婦で出席するつもりじゃったから近いうちに来ていたはずじゃが……,124,034,mp4010_12,EV_04_55_00,Loc_675,非TK,Loc_673:jump;Loc_674:next,,无候选,,,0340111660,元々、生誕祭の式典には夫婦で出席するつもりじゃったから近いうちに来ていたはずじゃが……,T4136,Function_43,Function_43_E855,,
少匹配,いきなり軍の女性士官がやって来て晩餐会に出るよう要請してきてなぁ。,124,034,mp4010_12,EV_04_55_00,Loc_675,非TK,Loc_673:jump;Loc_674:next,,无候选,,,0340111661,いきなり軍の女性士官がやって来て晩餐会に出るよう要請してきてなぁ。,T4136,Function_43,Function_43_E855,,
少匹配,（その女性士官って……）,0,001,mp4010_12,EV_04_55_00,Loc_675,非TK,Loc_673:jump;Loc_674:next,,无候选,,,0010111662,（その女性士官って……）,T4136,Function_43,Function_43_E855,,
少匹配,（カノーネ大尉だね、きっと。）,1,002,mp4010_12,EV_04_55_00,Loc_675,非TK,Loc_673:jump;Loc_674:next,,无候选,,,0020111663,（カノーネ大尉だね、きっと。）,T4136,Function_43,Function_43_E855,,
少匹配,ただ、ミレーヌのやつは旅行の準備が整わなくてなあ。,124,034,mp4010_12,EV_04_55_00,Loc_675,非TK,Loc_673:jump;Loc_674:next,,无候选,,,0340111664,ただ、ミレーヌのやつは旅行の準備が整わなくてなあ。,T4136,Function_43,Function_43_E855,,
少匹配,仕方がないのでわしだけ先に来たというわけじゃ。,124,034,mp4010_12,EV_04_55_00,Loc_675,非TK,Loc_673:jump;Loc_674:next,,无候选,,,0340111665,仕方がないのでわしだけ先に来たというわけじゃ。,T4136,Function_43,Function_43_E855,,
少匹配,（……はっ！）,61663,,mp4010_12,EV_04_57_00,_entry,非TK,,,无候选,,,2620111762,（……はっ！）,T4104,Function_15,Function_15_8A41,,
少匹配,都合のいい解釈をするな！,61663,,mp4010_12,EV_04_57_00,_entry,非TK,,,无候选,,,2630111769,都合のいい解釈をするな！,T4104,Function_15,Function_15_8A41,,
少匹配,空の女神も照覧あれ……,12042,221,mp4010_12,EV_04_57_00,_entry,非TK,,,无候选,,,2210111782,空の女神（エイドス）も照覧あれ……,T4104,Function_15,Function_15_8A41,,
少匹配,ば、馬鹿な……,20850,,mp4010_12,EV_04_57_01,_entry,非TK,,,无候选,,,2620111786,ば、馬鹿な……,T4104,Function_15,Function_15_8A41,,
少匹配,選り抜きの特務部隊を代表する我々が負けるとは……,20851,,mp4010_12,EV_04_57_01,_entry,非TK,,,无候选,,,2630111787,選り抜きの特務部隊を代表する我々が負けるとは……,T4104,Function_15,Function_15_8A41,,
少匹配,それではこれより、優勝チームに公爵閣下の祝福の言葉が贈られます。,21000,220,mp4010_12,EV_04_58_00,Loc_688,非TK,Loc_690:cond_false;Loc_690:jump,Loc_693:next,无候选,,,2200111793,それではこれより、優勝チームに公爵閣下の祝福の言葉が送られます。,T4104,Function_15,Function_15_8A41,,
少匹配,そなたと、そなたの仲間に空の女神の祝福と栄光を！,120,064,mp4010_12,EV_04_58_00,Loc_694,非TK,Loc_696:cond_false;Loc_696:jump,,无候选,,,0640111806,そなたと、そなたの仲間に空の女神（エイドス）の祝福と栄光を！,T4104,Function_15,Function_15_8A41,,
少匹配,しかし……今回の大会は残念だったな。,108,013,mp4010_12,EV_04_58_00,Loc_694,非TK,Loc_696:cond_false;Loc_696:jump,,无候选,,,0130111821,しかし……今年の大会は残念だったな。,T4136,Function_48,loc_F78E,loc_F717:cond_true;loc_F717:cond_false,loc_F7C5:cond_true;loc_F87A:jump;loc_F7C5:cond_false
少匹配,うふふ、お戯れを……,114,061,mp4010_12,EV_04_58_00,Loc_694,非TK,Loc_696:cond_false;Loc_696:jump,,无候选,,,0610111823,うふふ、お戯（たわむ）れを……,T4136,Function_48,loc_F7C5,loc_F78E:cond_true;loc_F78E:cond_false,loc_F87A:next
少匹配,あの小癪なユリアなど足元にも及ばぬ腕前なのですから。,114,061,mp4010_12,EV_04_58_00,Loc_694,非TK,Loc_696:cond_false;Loc_696:jump,,无候选,,,0610111825,あの小癪（こしゃく）なユリアなど足元にも及ばぬ腕前なのですから。,T4136,Function_48,loc_F7C5,loc_F78E:cond_true;loc_F78E:cond_false,loc_F87A:next
少匹配,……お戯れを。,118,014,mp4010_12,EV_04_58_00,Loc_694,非TK,Loc_696:cond_false;Loc_696:jump,,无候选,,,0140111828,……お戯（たわむ）れを。,T4136,Function_49,Function_49_F896,,loc_F8FB:cond_true;loc_FA03:jump;loc_F8FB:cond_false
少匹配,よし、いいぞ。,108,013,mp4010_12,EV_04_58_00,Loc_694,非TK,Loc_696:cond_false;Loc_696:jump,,无候选,,,0130111843,よし、いいぞ。,,,,,
少匹配,……王国の夜明けは近い。,108,013,mp4010_12,EV_04_58_00,Loc_694,非TK,Loc_696:cond_false;Loc_696:jump,,无候选,,,0130111844,……王国の夜明けは近い。,,,,,
少匹配,たとえ逆賊の汚名を受けても……必ずやこの手で明日を切り拓くのみ。,108,013,mp4010_12,EV_04_58_00,Loc_694,非TK,Loc_696:cond_false;Loc_696:jump,,无候选,,,0130111845,たとえ逆賊の汚名を受けても……必ずやこの手で明日を切り拓くのみ。,,,,,
少匹配,隣国、カルバード共和国出身。武術家ジン以下１名のチーム！,14,,mp4010_12,MayaEvent04_16_00,Loc_721,非TK,Loc_720:cond_false;Loc_720:next,Loc_722:cond_false;Loc_722:next,无候选,,,2200100939,隣国、カルバード共和国出身。武術家ジン以下１名のチーム！,T4104,Function_2,loc_1873,loc_17CA:jump;loc_1859:next,
少匹配,……相変わらずのお調子者だな。,112,011,mp4010_13,EV_04_01_01,_entry,非TK,,,无候选,,,0110100054,……相変わらずのお調子者だな。,T4112,Function_2,Function_2_12B,,
少匹配,どうか教えてくださいませっ❤,3,004,mp4010_13,EV_04_01_01,_entry,非TK,,,无候选,,,0040100075,どうか教えてくださいませっ❤,,,,,
少匹配,何となく雰囲気が四輪の塔の内部に似ていませんか？,116,015,mp4010_14,TK_WEISMAN,Loc_71,TK,Loc_70:cond_false,Loc_74:cond_false;Loc_75:cond_false;Loc_76:jump,无候选,,,0150141689,何となく雰囲気が四輪（しりん）の塔の内部に似ていませんか？,T4135,Function_3,loc_1581,loc_14D7:cond_true;loc_14D7:cond_false,loc_1712:next
少匹配,考古学には想像力を働かせることも重要なんですよ。,116,015,mp4010_14,TK_WEISMAN,Loc_71,TK,Loc_70:cond_false,Loc_74:cond_false;Loc_75:cond_false;Loc_76:jump,多候选,0150141686,0150141686|0150141690,0150141690,考古学には想像力を働かせることも重要なんですよ。,T4135,Function_3,loc_1581,loc_14D7:cond_true;loc_14D7:cond_false,loc_1712:next
少匹配,ルーアンにある大水道橋《エア＝レッテン》……,116,015,mp4010_14,TK_WEISMAN,Loc_74,TK,Loc_71:cond_false,Loc_77:cond_false;Loc_78:cond_false;Loc_79:jump,无候选,,,0150141693,ルーアンにある大水道橋《エア・レッテン》……,T4135,Function_3,loc_17DB,loc_1715:cond_true;loc_1715:cond_false,loc_18D5:next
少匹配,そして各地に点在する《四輪の塔》……,116,015,mp4010_14,TK_WEISMAN,Loc_74,TK,Loc_71:cond_false,Loc_77:cond_false;Loc_78:cond_false;Loc_79:jump,无候选,,,0150141695,そして各地に点在する《四輪（しりん）の塔》……,T4135,Function_3,loc_17DB,loc_1715:cond_true;loc_1715:cond_false,loc_18D5:next
少匹配,……フフ。来てくださいましたか。,12083,010,mp4010_15,EV_04_49_01,_entry,非TK,,Loc_122:next,无候选,,,0100111313,……フフ。来てくださいましたか。,T4134,Function_2,Function_2_12F,,loc_197F:cond_true;loc_19BA:jump;loc_197F:cond_false
少匹配,……失礼、王都警備隊です！,20700,,mp4010_15,EV_04_49_01,Loc_123,非TK,Loc_122:next,,无候选,,,4190111394,……失礼、王都警備隊です！,T4134,Function_2,Function_2_12F,,loc_197F:cond_true;loc_19BA:jump;loc_197F:cond_false
少匹配,現在、テロ対策の一環として、主要施設の見回りをしております。,20700,,mp4010_15,EV_04_49_01,Loc_123,非TK,Loc_122:next,,无候选,,,4190111395,現在、テロ対策の一環として、主要施設の見回りをしております。,T4134,Function_2,Function_2_12F,,loc_197F:cond_true;loc_19BA:jump;loc_197F:cond_false
少匹配,夜分遅くに申しわけありませんが中を検めても構わないでしょうか？,20700,,mp4010_15,EV_04_49_01,Loc_123,非TK,Loc_122:next,,无候选,,,4190111396,夜分遅くに申しわけありませんが中を改めても構わないでしょうか？,T4134,Function_2,Function_2_12F,,loc_197F:cond_true;loc_19BA:jump;loc_197F:cond_false
少匹配,どうぞ、ゆっくりして行ってください。,12078,238,mp4010_16,TK_BARAL,Loc_24,TK,Loc_23:cond_false,Loc_5:cond_false;Loc_5:next,无候选,,,0630121115,どうぞ、ゆっくりして行ってくださいな。,T4270,Function_11,Function_11_1717,,
少匹配,あ、エステルちゃんたちだ～。,123,028,mp4010_16,TK_DROSI,_entry,TK,,Loc_76:jump,多候选,0280111976,0280111976|0280111973,0280111973,あ、エステルちゃんたちだ〜。,T4130_2,Function_11,loc_2DC2,loc_2D2B:cond_true;loc_2D2B:cond_false,loc_2E4D:next
少匹配,は～、辛かったけどすっごく美味しかったぁ㈱,0,001,mp4010_16,EV_04_35_02,_entry,非TK,,,无候选,,,0010110522,は〜、辛かったけどすっごく美味しかったぁ❤,T4137,Function_30,Function_30_8EE2,,
少匹配,トロッとしたヒレ肉とホクホクしたジャガイモが何ともいえずマッチしてて……,0,001,mp4010_16,EV_04_35_02,_entry,非TK,,,无候选,,,0010110523,トロッとしたヒレ肉とホクホクしたジャガイモが何ともいえずマッチしてて……,,,,,
少匹配,首席だって、首席。,0,001,mp4010_17,EV_04_43_00,Loc_161,非TK,Loc_157:jump;_entry:next,Loc_154:cond_false;Loc_155:cond_false;Loc_156:cond_false;Loc_156:next,无候选,,,0010110971,主席だって、主席。,T4137,Function_10,loc_5406,loc_53DC:switch,loc_57AE:cond_true;loc_57AE:cond_false;loc_57AE:next
少匹配,あの仮面のヤツって……リベールの人間じゃないんだ。,0,001,mp4010_17,EV_04_43_00,Loc_158,非TK,Loc_155:cond_false,Loc_157:cond_false;Loc_160:cond_false;Loc_160:next,无候选,,,0270110988,あの仮面のヤツって……　　　　　　　　　　　　　リベールの人間じゃないんだ。,T4130,Function_10,loc_5A9C,loc_53DC:switch,loc_5D87:cond_true;loc_5D87:cond_false;loc_5D87:next
少匹配,しかも元傭兵で経歴不明ってどーいうことよ？,0,001,mp4010_17,EV_04_43_00,Loc_158,非TK,Loc_155:cond_false,Loc_157:cond_false;Loc_160:cond_false;Loc_160:next,无候选,,,0270110989,しかも元傭兵で経歴不明ってどーいうことよ？,T4130,Function_10,loc_5A9C,loc_53DC:switch,loc_5D87:cond_true;loc_5D87:cond_false;loc_5D87:next
少匹配,……判らない。,1,002,mp4010_17,EV_04_43_00,Loc_158,非TK,Loc_155:cond_false,Loc_157:cond_false;Loc_160:cond_false;Loc_160:next,无候选,,,0010110990,……判らない。,T4130,Function_10,loc_5A9C,loc_53DC:switch,loc_5D87:cond_true;loc_5D87:cond_false;loc_5D87:next
少匹配,『猟兵団』といえば最高ランクの傭兵部隊にのみ与えられる称号のはずだけど……,1,002,mp4010_17,EV_04_43_00,Loc_158,非TK,Loc_155:cond_false,Loc_157:cond_false;Loc_160:cond_false;Loc_160:next,无候选,,,0010110991,『猟兵団（イェーガー）』といえば最高ランクの傭兵部隊にのみ与えられる称号のはずだけど……,T4130,Function_10,loc_5A9C,loc_53DC:switch,loc_5D87:cond_true;loc_5D87:cond_false;loc_5D87:next
少匹配,戦闘のエキスパートとして大佐が引き抜いたのかしら？,0,001,mp4010_17,EV_04_43_00,Loc_158,非TK,Loc_155:cond_false,Loc_157:cond_false;Loc_160:cond_false;Loc_160:next,无候选,,,0020110993,戦闘のエキスパートとして大佐が引き抜いたのかしら？,T4130,Function_10,loc_5A9C,loc_53DC:switch,loc_5D87:cond_true;loc_5D87:cond_false;loc_5D87:next
少匹配,うん……そうかもしれないね。,1,002,mp4010_17,EV_04_43_00,Loc_158,非TK,Loc_155:cond_false,Loc_157:cond_false;Loc_160:cond_false;Loc_160:next,无候选,,,0010110994,うん……そうかもしれないね。,T4130,Function_10,loc_5A9C,loc_53DC:switch,loc_5D87:cond_true;loc_5D87:cond_false;loc_5D87:next
少匹配,『ジェスター猟兵団』……どこかで聞いたことがあるような。,1,002,mp4010_17,EV_04_43_00,Loc_158,非TK,Loc_155:cond_false,Loc_157:cond_false;Loc_160:cond_false;Loc_160:next,无候选,,,0010110995,『ジェスター猟兵団』……どこかで聞いたことがあるような。,T4130,Function_10,loc_5A9C,loc_53DC:switch,loc_5D87:cond_true;loc_5D87:cond_false;loc_5D87:next
少匹配,メイベル殿、ずいぶんお疲れのようですね。,121,065,mp4020_01,TK_MAYBELL,Loc_61,TK,Loc_59:cond_false,Loc_62:cond_false;Loc_63:cond_false;Loc_64:jump,无候选,,,0650120239,メイベル殿、ずいぶんお疲れのようですね。,T4262,Function_11,loc_3262,loc_31ED:cond_true;loc_31ED:cond_false,loc_3477:next
少匹配,それは良くありませんね。,121,065,mp4020_01,TK_MAYBELL,Loc_61,TK,Loc_59:cond_false,Loc_62:cond_false;Loc_63:cond_false;Loc_64:jump,无候选,,,0650120242,それは良くありませんね。,T4262,Function_11,loc_3262,loc_31ED:cond_true;loc_31ED:cond_false,loc_3477:next
少匹配,ふう、今から頭痛がしてまいりましたわ。,125,036,mp4020_01,TK_MAYBELL,Loc_62,TK,Loc_61:cond_false,Loc_65:cond_false;Loc_66:cond_false;Loc_67:jump,多候选,0360120249,0360120249|0360120252,0360120252,ふう、今から頭痛がしてまいりましたわ。,T4262,Function_11,loc_355E,loc_34D9:cond_true;loc_34D9:cond_false,loc_35FA:next
少匹配,マードック殿もお変わりなく。,121,065,mp4020_01,TK_MORDOG,Loc_93,TK,Loc_89:cond_false,Loc_94:cond_false;Loc_95:cond_false;Loc_96:jump,无候选,,,0650120353,マードック殿もお変わりなく。,T4261,Function_12,loc_2741,loc_26CC:cond_true;loc_26CC:cond_false,loc_2928:next
少匹配,『星の在り処』だろう？,3,004,mp4020_01,TK_OLIVERT,_entry,TK,,Loc_110:jump,无候选,,,0040141301,『星の在り処（あか）』だろう？,T4261,Function_7,Function_7_17A4,,loc_1AB1:cond_true;loc_1B3B:jump;loc_1AB1:cond_false
少匹配,フッ、おめでとう。さすがはボクの仔猫ちゃんたちだ。,3,004,mp4020_01,TK_OLIVERT,Loc_108,TK,,Loc_112:cond_false;Loc_113:cond_false;Loc_114:jump,无候选,,,0040140669,フッ、おめでとう。さすがはボクの仔猫（プシキャット）ちゃんたちだ。,T4221,Function_3,loc_994,Function_3_5D1:cond_true;Function_3_5D1:cond_false,loc_ECB:cond_true;loc_11F1:jump;loc_ECB:cond_false
少匹配,これぞ男の美学というヤツだね。,3,004,mp4020_01,TK_OLIVERT,Loc_108,TK,,Loc_112:cond_false;Loc_113:cond_false;Loc_114:jump,无候选,,,0040140683,これぞ男の美学（ダンディズム）というヤツだね。,T4221,Function_3,loc_994,Function_3_5D1:cond_true;Function_3_5D1:cond_false,loc_ECB:cond_true;loc_11F1:jump;loc_ECB:cond_false
少匹配,ヨシュアお兄ちゃんの！？,6,007,mp4020_01,TK_TITA,_entry,TK,,Loc_120:jump,无候选,,,0070141252,ヨシュアお兄ちゃん！？,T4261,Function_4,loc_D94,Function_4_D3E:jump;loc_D63:jump;loc_D79:jump;loc_D8F:next,loc_F59:cond_true;loc_F9C:jump;loc_F59:cond_false
少匹配,今度は、調べている最中に掠われないように気を付けてよ？,0,001,mp4020_01,TK_RUSSELL,_entry,TK,,Loc_122:jump,无候选,,,0010141269,今度は、調べている最中に掠（さら）われないように気を付けてよ？,T4261,Function_3,Function_3_90D,,loc_CB6:cond_true;loc_D3A:jump;loc_CB6:cond_false
少匹配,ようこそ、グランセル城へ。,114,061,mp4020_01,EV_04_60_00,_entry,非TK,,,无候选,,,0610120056,ようこそ、グランセル城へ。,T4250,Function_3,Function_3_458,,
少匹配,ジン選手御一行でいらっしゃいますわね？,114,061,mp4020_01,EV_04_60_00,_entry,非TK,,,无候选,,,0610120057,ジン選手御一行でいらっしゃいますわね？,T4250,Function_3,Function_3_458,,
少匹配,あの巨大なシャンデリアもつくづく豪華絢爛ね～。,0,001,mp4020_01,EV_04_60_00,_entry,非TK,,,无候选,,,0010120120,あの巨大なシャンデリアもつくづく豪華絢爛（ごうかけんらん）ね〜。,T4250,Function_3,Function_3_458,,
少匹配,たぶん、それぞれのお部屋で寛いでいらっしゃるかと思います。,12097,230,mp4020_01,EV_04_60_00,_entry,非TK,,,无候选,,,2300120159,たぶん、それぞれのお部屋で寛（くつろ）いでいらっしゃるかと思います。,T4262,Function_12,Function_12_37BE,,
少匹配,（ねえ、伽ってなに？）,0,001,mp4020_01,EV_04_73_00,Loc_242,非TK,Loc_239:jump;Loc_241:jump;Loc_243:next,Loc_244:cond_false;Loc_245:jump,无候选,,,0010121410,（ねえ、伽（トギ）ってなに？）,T4261,Function_15,loc_4C18,loc_4706:jump;loc_4B58:jump;loc_4BB9:cond_true;loc_4BB9:cond_false;loc_4BB9:next,loc_5149:cond_true;loc_52BB:jump;loc_5149:cond_false
少匹配,困ったことがあったら遠慮なく私に相談するがいい。,120,064,mp4020_01,EV_04_73_00,Loc_245,非TK,Loc_242:jump;Loc_244:jump;Loc_246:next,,无候选,,,0640121427,困ったことがあったら遠慮なく私に相談するがいい。,T4261,Function_15,loc_5203,loc_5149:cond_true;loc_5149:cond_false,loc_52BB:cond_true;loc_52BB:cond_false;loc_52BB:next
少匹配,次期国王みずから親身に相談に乗ってやろう。,120,064,mp4020_01,EV_04_73_00,Loc_245,非TK,Loc_242:jump;Loc_244:jump;Loc_246:next,,无候选,,,0640121428,次期国王みずから親身に相談に乗ってやろう。,T4261,Function_13,loc_442A,loc_3FB1:jump;loc_43BF:jump;loc_43F5:cond_true;loc_43F5:cond_false;loc_43F5:next,
少匹配,わはは、愛いやつじゃ。,120,064,mp4020_01,EV_04_73_00,Loc_245,非TK,Loc_242:jump;Loc_244:jump;Loc_246:next,,无候选,,,0640121436,わはは、愛（う）いやつじゃ。,T4261,Function_15,loc_52BB,loc_4C18:jump;loc_5149:jump;loc_5203:cond_true;loc_5203:cond_false;loc_5203:next,
少匹配,公爵が大佐に唆されてる状況にハラハラしてるんじゃないかしら。,0,001,mp4020_01,EV_04_73_00,Loc_245,非TK,Loc_242:jump;Loc_244:jump;Loc_246:next,,无候选,,,0010121451,公爵が大佐に唆（そそのか）されてる状況にハラハラしてるんじゃないかしら。,T4261,Function_15,loc_52BB,loc_4C18:jump;loc_5149:jump;loc_5203:cond_true;loc_5203:cond_false;loc_5203:next,
少匹配,……こんな時間に何をしてらっしゃるのかしら？,114,061,mp4020_01,EV_04_74_00,Loc_256,非TK,Loc_254:jump;Loc_255:next,Loc_257:cond_false;Loc_258:jump,无候选,,,0610121479,……こんな時間に何をしてらっしゃるのかしら？,T4250,Function_6,Function_6_1AB9,,
少匹配,こんな所にいやがったかあ～！,7,008,mp4020_01,EV_04_74_00,Loc_262,非TK,Loc_260:jump;Loc_261:jump;Loc_263:jump;Loc_264:jump;Loc_265:cond_false;Loc_265:next,,无候选,,,0080121527,こんな所にいやがったかあ〜！,T4250,Function_8,loc_3078,loc_2551:switch;loc_2982:jump;loc_2AD5:jump;loc_2BD6:jump;loc_2D6A:jump;loc_2F0A:jump,
少匹配,特殊な結晶回路を組み込んだ鍵を使わないと動かせないみたいだ。,1,002,mp4020_01,EV_04_106_00,_entry,非TK,,Loc_271:cond_false;Loc_271:next,无候选,,,0020131475,特殊な結晶回路（クオーツ）を組み込んだ鍵を使わないと動かせないみたいだ。,T4241,Function_2,Function_2_278,,loc_15B8:cond_true;loc_15B8:cond_false
少匹配,いや、それには及びませんぞ。,131,054,mp4020_01,EV_04_106_00,_entry,非TK,,Loc_271:cond_false;Loc_271:next,无候选,,,0540131481,いや、それには及びませんぞ。,T4241,Function_2,Function_2_278,,loc_15B8:cond_true;loc_15B8:cond_false
少匹配,お、おじいちゃあ～ん。どこに行っちゃったのぉ！？,6,007,mp4020_01,EV_04_106_00,_entry,非TK,,Loc_271:cond_false;Loc_271:next,无候选,,,0070131490,お、おじいちゃあ〜ん。どこに行っちゃったのぉ！？,T4241,Function_2,Function_2_278,,loc_15B8:cond_true;loc_15B8:cond_false
少匹配,こら、チョロチョロと動き回ってるんじゃねえよ。,5,005,mp4020_01,EV_04_106_00,_entry,非TK,,Loc_271:cond_false;Loc_271:next,无候选,,,0050131491,こら、チョロチョロと動き回ってるんじゃねえよ。,T4241,Function_2,Function_2_278,,loc_15B8:cond_true;loc_15B8:cond_false
少匹配,爺さんもそうだが落ち着きのない一家だな。,5,005,mp4020_01,EV_04_106_00,_entry,非TK,,Loc_271:cond_false;Loc_271:next,无候选,,,0050131492,爺さんもそうだが落ち着きのない一家だな。,T4241,Function_2,Function_2_278,,loc_15B8:cond_true;loc_15B8:cond_false
少匹配,だ、だってアガットさん……,6,007,mp4020_01,EV_04_106_00,_entry,非TK,,Loc_271:cond_false;Loc_271:next,无候选,,,0070131493,だ、だってアガットさん……,T4241,Function_2,Function_2_278,,loc_15B8:cond_true;loc_15B8:cond_false
少匹配,た、大変です！,20850,,mp4020_01,EV_04_106_00,Loc_271,非TK,_entry:cond_false;_entry:next,,无候选,,,2690131565,た、大変です！,T4281,Function_2,Function_2_276,,
少匹配,王都の大門に正規軍の一個師団が到着！,20850,,mp4020_01,EV_04_106_00,Loc_271,非TK,_entry:cond_false;_entry:next,,无候选,,,2690131567,王都の大門に正規軍の一個師団が到着！,T4241,Function_2,loc_15B8,Function_2_278:cond_true;Function_2_278:cond_false,
少匹配,情報部の士官によって率いられている模様です！,20850,,mp4020_01,EV_04_106_00,Loc_271,非TK,_entry:cond_false;_entry:next,,无候选,,,2690131568,情報部の士官によって率いられている模様です！,T4281,Function_2,Function_2_276,,
少匹配,さらに湖上から３隻の軍用警備艇が接近中！,20851,,mp4020_01,EV_04_106_00,Loc_271,非TK,_entry:cond_false;_entry:next,,无候选,,,2690131570,さらに湖上から３隻の軍用警備艇が接近中！,T4241,Function_2,loc_15B8,Function_2_278:cond_true;Function_2_278:cond_false,
少匹配,い、いかがいたしましょうか！？,20851,,mp4020_01,EV_04_106_00,Loc_271,非TK,_entry:cond_false;_entry:next,,无候选,,,2690131571,い、いかがいたしましょうか！？,T4281,Function_2,Function_2_276,,
少匹配,これはこれはヒルダ夫人……なにか我々にご用ですかな？,12248,434,mp4020_01,ST_IN_SS_STATION,_entry,非TK,,Loc_282:jump,无候选,,,4340120509,これはこれはヒルダ夫人……なにか我々にご用ですかな？,T4250,Function_10,Function_10_3475,,loc_3606:cond_true;loc_354C:cond_true;loc_35FB:jump;loc_354C:cond_false
少匹配,この先は情報部の詰所ですぞ。軽々しく近づくのはご遠慮願いたい。,12248,434,mp4020_01,ST_IN_SS_STATION,_entry,非TK,,Loc_282:jump,无候选,,,4340120510,この先は情報部の詰所ですぞ。軽々しく近づくのはご遠慮願いたい。,T4250,Function_10,Function_10_3475,,loc_3606:cond_true;loc_354C:cond_true;loc_35FB:jump;loc_354C:cond_false
少匹配,この先は情報部の詰所だ。民間人の立入は禁止されている。,12248,434,mp4020_01,ST_IN_SS_STATION,Loc_281,非TK,,Loc_282:next,无候选,,,4340120511,この先は情報部の詰所だ。民間人の立入は禁止されている。,T4250,Function_10,loc_354C,Function_10_3475:cond_true;Function_10_3475:cond_false,loc_35FB:next
少匹配,逮捕されたくなければ近寄らないことだな。,12248,434,mp4020_01,ST_IN_SS_STATION,Loc_281,非TK,,Loc_282:next,无候选,,,4340120512,逮捕されたくなければ近寄らないことだな。,T4250,Function_10,loc_354C,Function_10_3475:cond_true;Function_10_3475:cond_false,loc_35FB:next
少匹配,おや、ヒルダ夫人。こんな時間に外出ですかな？,12247,,mp4020_01,ST_OUT_CASTLE,_entry,非TK,,Loc_284:jump,无候选,,,4320120192,おや、ヒルダ夫人。こんな時間に外出ですかな？,T4250,Function_11,loc_36D4,loc_3614:cond_true;loc_3614:cond_false,loc_37C5:cond_true;loc_389A:jump;loc_37C5:cond_false
少匹配,ご承知の通り、保安上の理由から城門の開閉は制限されています。,12246,,mp4020_01,ST_OUT_CASTLE,_entry,非TK,,Loc_284:jump,无候选,,,4330120193,ご承知の通り、保安上の理由から城門の開閉は制限されています。,T4250,Function_11,loc_36D4,loc_3614:cond_true;loc_3614:cond_false,loc_37C5:cond_true;loc_389A:jump;loc_37C5:cond_false
少匹配,安易に通行を許可するわけにはいきませんよ。,12246,,mp4020_01,ST_OUT_CASTLE,_entry,非TK,,Loc_284:jump,无候选,,,4330120194,安易に通行を許可するわけにはいきませんよ。,T4250,Function_11,loc_36D4,loc_3614:cond_true;loc_3614:cond_false,loc_37C5:cond_true;loc_389A:jump;loc_37C5:cond_false
少匹配,保安上の理由から城門の開閉は制限されています。,12247,,mp4020_01,ST_OUT_CASTLE,Loc_283,非TK,,Loc_284:next,无候选,,,4330120195,保安上の理由から城門の開閉は制限されています。,T4250,Function_11,loc_37C5,loc_36D4:cond_true;loc_36D4:cond_false,loc_389A:next
少匹配,おや、ヒルダ夫人。このような場所でいったい何を？,12249,434,mp4020_01,ST_IN_CONTROLL_ROOM,_entry,非TK,,Loc_286:jump,无候选,,,4340120525,おや、ヒルダ夫人。このような場所でいったい何を？,T4280,Function_4,Function_4_78A,,loc_934:cond_true;loc_86F:cond_true;loc_8EE:jump;loc_86F:cond_false
少匹配,ご承知の通り、この先は一般人の立入が禁止されています。,12249,434,mp4020_01,ST_IN_CONTROLL_ROOM,_entry,非TK,,Loc_286:jump,无候选,,,4340120526,ご承知の通り、この先は一般人の立入が禁止されています。,T4280,Function_4,Function_4_78A,,loc_934:cond_true;loc_86F:cond_true;loc_8EE:jump;loc_86F:cond_false
少匹配,用がお済みなら、早々に立ち去られた方がよろしいですぞ。,12249,434,mp4020_01,ST_IN_CONTROLL_ROOM,_entry,非TK,,Loc_286:jump,无候选,,,4340120527,用がお済みなら、早々に立ち去られた方がよろしいですぞ。,T4280,Function_4,Function_4_78A,,loc_934:cond_true;loc_86F:cond_true;loc_8EE:jump;loc_86F:cond_false
少匹配,ここは立入禁止になっている。,12249,434,mp4020_01,ST_IN_CONTROLL_ROOM,Loc_285,非TK,,Loc_286:next,无候选,,,4340120528,ここは立入禁止になっている。,T4280,Function_4,loc_86F,Function_4_78A:cond_true;Function_4_78A:cond_false,loc_8EE:next
少匹配,今回のリシャール大佐のような事件は２度と起きてはならない。,107,010,mp4020_02,TK_YURIA,_entry,TK,,Loc_25:jump,多候选,0100141322,0100141322|0100141320,0100141320,今回のリシャール大佐のような事件は２度と起きてはならない。,T4270,Function_8,loc_E16,loc_D4B:cond_true;loc_D4B:cond_false,loc_F19:next
少匹配,……ご苦労さまでした。,119,063,mp4020_02,EV_04_71_00,_entry,非TK,,Loc_54:next,无候选,,,0630121097,……ご苦労さまでした。,T4270,Function_11,Function_11_1717,,
少匹配,どうぞ、入って頂いて。,119,063,mp4020_02,EV_04_71_00,_entry,非TK,,Loc_54:next,无候选,,,0630121098,どうぞ、入って頂いて。,T4270,Function_11,Function_11_1717,,
少匹配,デュナン小父様……もう、終わりにしてください。,4,006,mp4020_02,EV_04_104_00,_entry,非TK,,,无候选,,,0060131205,デュナン小父（おじ）様……もう、終わりにしてください。,T4230,Function_8,Function_8_449F,,loc_4DA8:switch;loc_4DAB:switch
少匹配,……こ、公爵閣下！？,110,066,mp4020_02,EV_04_104_01,Loc_49,非TK,Loc_48:cond_false;Loc_48:next,Loc_50:cond_false;Loc_51:jump,无候选,,,0660131244,……こ、公爵閣下！？,T4230,Function_8,loc_57F9,loc_4E90:switch,loc_5E33:jump
少匹配,で、殿下……,107,010,mp4020_02,EV_04_104_01,Loc_49,非TK,Loc_48:cond_false;Loc_48:next,Loc_50:cond_false;Loc_51:jump,无候选,,,0100130903|0660131255,で、殿下……|で、殿下……,T4311,Function_11,Function_11_1ECC,,
少匹配,例の隠し水路の場所を確認した方が良さそうだね。,3,004,mp4030,EV_04_94_00,Loc_39,非TK,Loc_37:jump;Loc_38:next,Loc_40:cond_false;Loc_41:jump,无候选,,,0040131016,例の隠し水路の場所を確認した方が良さそうだね。,C4202,Function_3,Function_3_44C,,
少匹配,そうですね……ちょっと待っててください。,1,002,mp4030,EV_04_94_00,Loc_39,非TK,Loc_37:jump;Loc_38:next,Loc_40:cond_false;Loc_41:jump,无候选,,,0020131017,そうですね……ちょっと待っててください。,C4202,Function_3,Function_3_44C,,
少匹配,中央の「＝」が付いている所が隠し水路の入口ってわけだな。,7,008,mp4030,EV_04_94_00,Loc_45,非TK,Loc_43:jump;Loc_44:next,,无候选,,,0080131019,中央の「＝」が付いている所が隠し水路の入口ってわけだな。,C4202,Function_3,Function_3_44C,,
少匹配,まずは、この場所に行ってあたりの壁を調べてみましょう。,1,002,mp4030,EV_04_94_00,Loc_45,非TK,Loc_43:jump;Loc_44:next,,无候选,,,0020131021,まずは、この場所に行ってあたりの壁を調べてみましょう。,C4202,Function_3,Function_3_44C,,
少匹配,大佐がこうまでして欲しがる《輝く環》って一体……,2,003,mp4040,TK_SCHERA,_entry,TK,,Loc_22:next,无候选,,,0030140068,大佐がこうまでして欲しがる《輝く環（オーリオール）》って一体……,C4300,Function_3,Function_3_5AA,,
少匹配,こ、ここは……,20850,,mp4040,EV_04_74_02,Loc_81,非TK,Loc_80:next,Loc_82:next,无候选,,,2620121640,こ、ここは……,C4300,Function_12,Function_12_B5E,,
少匹配,こ、こんな場所が存在していたなんて……,20851,,mp4040,EV_04_74_02,Loc_81,非TK,Loc_80:next,Loc_82:next,无候选,,,2630121641,こ、こんな場所が存在していたなんて……,C4300,Function_12,Function_12_B5E,,
少匹配,おおっ！,20850,,mp4040,EV_04_74_02,Loc_81,非TK,Loc_80:next,Loc_82:next,无候选,,,2620121645,おおっ！,C4300,Function_12,Function_12_B5E,,
少匹配,き、機械の化物！？,20851,,mp4040,EV_04_74_02,Loc_81,非TK,Loc_80:next,Loc_82:next,无候选,,,2630121646,き、機械の化物！？,C4300,Function_12,Function_12_B5E,,
少匹配,ほう……古代の人形兵器か。,108,013,mp4040,EV_04_74_02,Loc_81,非TK,Loc_80:next,Loc_82:next,无候选,,,0130121647,ほう……古代の人形兵器（オーバーマペット）か。,C4300,Function_12,Function_12_B5E,,
少匹配,す、凄い……,20850,,mp4040,EV_04_74_02,Loc_81,非TK,Loc_80:next,Loc_82:next,无候选,,,2620121648,す、凄い……,C4300,Function_12,Function_12_B5E,,
少匹配,あんな化物を一刀で……,20850,,mp4040,EV_04_74_02,Loc_81,非TK,Loc_80:next,Loc_82:next,无候选,,,4300121649,あんな化物を一刀で……,C4300,Function_12,Function_12_B5E,,
少匹配,我ら特務兵、一丸となって大佐のために尽くす所存です！,20852,,mp4040,EV_04_74_02,Loc_83,非TK,Loc_82:next,,无候选,,,2660121662,我ら特務兵、一丸となって大佐のために尽くす所存です！,C4300,Function_12,Function_12_B5E,,
少匹配,リベールの栄光のために！,20850,,mp4040,EV_04_74_02,Loc_83,非TK,Loc_82:next,,无候选,,,2620121663|2630121664,リベールの栄光のために！|リベールの栄光のために！,C4300,Function_12,Function_12_B5E,,
少匹配,やはりノコノコとやって来ましたわね……,114,061,mp4042,EV_04_108_00,Loc_29,非TK,Loc_32:cond_false;Loc_30:jump,Loc_33:cond_false;Loc_34:jump,无候选,,,0610140070,やはりノコノコとやって来ましたわね……,C4301,Function_11,Function_11_8EE,,
少匹配,……警告します……,20700,,mp4044,EV_04_111_02,Loc_112,非TK,Loc_111:cond_false;Loc_111:next,Loc_113:cond_false;Loc_113:next,无候选,,,2360140278,……警告します……,C4303,Function_6,loc_3402,loc_33EF:cond_true;loc_33EF:cond_false,loc_3F55:cond_true;loc_3F55:cond_false;loc_3F55:next
少匹配,全要員に警告します……,20700,,mp4044,EV_04_111_02,Loc_112,非TK,Loc_111:cond_false;Loc_111:next,Loc_113:cond_false;Loc_113:next,无候选,,,2360140279,全要員に警告します……,C4303,Function_6,loc_3402,loc_33EF:cond_true;loc_33EF:cond_false,loc_3F55:cond_true;loc_3F55:cond_false;loc_3F55:next
少匹配,《オーリオール》封印機構における第一結界の消滅を確認しました。,20700,,mp4044,EV_04_111_02,Loc_112,非TK,Loc_111:cond_false;Loc_111:next,Loc_113:cond_false;Loc_113:next,无候选,,,2360140282,《オーリオール》封印機構における第１結界の消滅を確認しました。,C4303,Function_6,loc_3402,loc_33EF:cond_true;loc_33EF:cond_false,loc_3F55:cond_true;loc_3F55:cond_false;loc_3F55:next
少匹配,《デバイスタワー》の起動を確認……,20700,,mp4044,EV_04_111_02,Loc_112,非TK,Loc_111:cond_false;Loc_111:next,Loc_113:cond_false;Loc_113:next,无候选,,,2360140284,《デバイスタワー》の起動を確認……,C4303,Function_6,loc_3402,loc_33EF:cond_true;loc_33EF:cond_false,loc_3F55:cond_true;loc_3F55:cond_false;loc_3F55:next
少匹配,第一結界の消滅により《環》からの干渉波、微量ながら発生……,20700,,mp4044,EV_04_111_02,Loc_118,非TK,Loc_117:cond_false;Loc_117:next,Loc_119:cond_false;Loc_119:next,无候选,,,2360140290,第１結界の消滅により《環》からの干渉波、微量ながら発生……,C4303,Function_6,loc_3402,loc_33EF:cond_true;loc_33EF:cond_false,loc_3F55:cond_true;loc_3F55:cond_false;loc_3F55:next
少匹配,《環の守護者》の封印解除を確認……,20700,,mp4044,EV_04_111_02,Loc_124,非TK,Loc_123:cond_false;Loc_123:next,Loc_128:next,无候选,,,2360140291,《環の守護者》の封印解除を確認……,C4303,Function_6,loc_3402,loc_33EF:cond_true;loc_33EF:cond_false,loc_3F55:cond_true;loc_3F55:cond_false;loc_3F55:next
少匹配,全要員は、可及的速やかに封印区画から撤退してください……,20700,,mp4044,EV_04_111_02,Loc_124,非TK,Loc_123:cond_false;Loc_123:next,Loc_128:next,无候选,,,2360140292,全要員は、可及的速やかに封印区画から撤退してください……,C4303,Function_6,loc_3402,loc_33EF:cond_true;loc_33EF:cond_false,loc_3F55:cond_true;loc_3F55:cond_false;loc_3F55:next
少匹配,ヨ、ヨシュア……！,14,,mp4044,MayaEvent04_112_00,Loc_257,非TK,Loc_256:cond_false;Loc_256:next,Loc_258:cond_false;Loc_258:next,无候选,,,0010140329,ヨ、ヨシュア……！,C4303,Function_9,loc_5489,loc_4EB0:jump;loc_5324:jump;loc_5394:jump;loc_53D3:jump;loc_5414:jump;loc_544C:cond_true;loc_544C:cond_false;loc_544C:next,loc_71A0:cond_true;loc_7BC4:jump;loc_71A0:cond_false
少匹配,エステルっ……！,14,,mp4044,MayaEvent04_112_00,Loc_257,非TK,Loc_256:cond_false;Loc_256:next,Loc_258:cond_false;Loc_258:next,无候选,,,0020140330,エステルっ……！,C4303,Function_9,loc_5489,loc_4EB0:jump;loc_5324:jump;loc_5394:jump;loc_53D3:jump;loc_5414:jump;loc_544C:cond_true;loc_544C:cond_false;loc_544C:next,loc_71A0:cond_true;loc_7BC4:jump;loc_71A0:cond_false
少匹配,……させんっ！,14,,mp4044,MayaEvent04_112_00,Loc_257,非TK,Loc_256:cond_false;Loc_256:next,Loc_258:cond_false;Loc_258:next,无候选,,,0130140332,……させんっ！,C4303,Function_9,loc_5489,loc_4EB0:jump;loc_5324:jump;loc_5394:jump;loc_53D3:jump;loc_5414:jump;loc_544C:cond_true;loc_544C:cond_false;loc_544C:next,loc_71A0:cond_true;loc_7BC4:jump;loc_71A0:cond_false
少匹配,た、大佐……！？,14,,mp4044,MayaEvent04_112_00,Loc_257,非TK,Loc_256:cond_false;Loc_256:next,Loc_258:cond_false;Loc_258:next,无候选,,,0020140333,た、大佐……！？,C4303,Function_9,loc_5489,loc_4EB0:jump;loc_5324:jump;loc_5394:jump;loc_53D3:jump;loc_5414:jump;loc_544C:cond_true;loc_544C:cond_false;loc_544C:next,loc_71A0:cond_true;loc_7BC4:jump;loc_71A0:cond_false
少匹配,こいつは私が何とかする！,14,,mp4044,MayaEvent04_112_00,Loc_257,非TK,Loc_256:cond_false;Loc_256:next,Loc_258:cond_false;Loc_258:next,无候选,,,0130140334,こいつは私が何とかする！,C4303,Function_9,loc_5489,loc_4EB0:jump;loc_5324:jump;loc_5394:jump;loc_53D3:jump;loc_5414:jump;loc_544C:cond_true;loc_544C:cond_false;loc_544C:next,loc_71A0:cond_true;loc_7BC4:jump;loc_71A0:cond_false
少匹配,早くここから逃げたまえ！,14,,mp4044,MayaEvent04_112_00,Loc_257,非TK,Loc_256:cond_false;Loc_256:next,Loc_258:cond_false;Loc_258:next,无候选,,,0130140335,早くここから逃げたまえ！,C4303,Function_9,loc_5489,loc_4EB0:jump;loc_5324:jump;loc_5394:jump;loc_53D3:jump;loc_5414:jump;loc_544C:cond_true;loc_544C:cond_false;loc_544C:next,loc_71A0:cond_true;loc_7BC4:jump;loc_71A0:cond_false
少匹配,で、でも……！,14,,mp4044,MayaEvent04_112_00,Loc_257,非TK,Loc_256:cond_false;Loc_256:next,Loc_258:cond_false;Loc_258:next,无候选,,,0010140336,で、でも……！,C4303,Function_9,loc_5489,loc_4EB0:jump;loc_5324:jump;loc_5394:jump;loc_53D3:jump;loc_5414:jump;loc_544C:cond_true;loc_544C:cond_false;loc_544C:next,loc_71A0:cond_true;loc_7BC4:jump;loc_71A0:cond_false
少匹配,君たちは今しがたこいつと死闘したばかりだ！,14,,mp4044,MayaEvent04_112_00,Loc_257,非TK,Loc_256:cond_false;Loc_256:next,Loc_258:cond_false;Loc_258:next,无候选,,,0130140337,君たちは今しがたこいつと死闘したばかりだ！,C4303,Function_9,loc_5489,loc_4EB0:jump;loc_5324:jump;loc_5394:jump;loc_53D3:jump;loc_5414:jump;loc_544C:cond_true;loc_544C:cond_false;loc_544C:next,loc_71A0:cond_true;loc_7BC4:jump;loc_71A0:cond_false
少匹配,私の方はもう動けるようになった！,14,,mp4044,MayaEvent04_112_00,Loc_257,非TK,Loc_256:cond_false;Loc_256:next,Loc_258:cond_false;Loc_258:next,无候选,,,0130140338,私の方はもう動けるようになった！,C4303,Function_9,loc_5489,loc_4EB0:jump;loc_5324:jump;loc_5394:jump;loc_53D3:jump;loc_5414:jump;loc_544C:cond_true;loc_544C:cond_false;loc_544C:next,loc_71A0:cond_true;loc_7BC4:jump;loc_71A0:cond_false
少匹配,時間を稼ぐことくらいはできる！,14,,mp4044,MayaEvent04_112_00,Loc_257,非TK,Loc_256:cond_false;Loc_256:next,Loc_258:cond_false;Loc_258:next,无候选,,,0130140339,時間を稼ぐことくらいはできる！,C4303,Function_9,loc_5489,loc_4EB0:jump;loc_5324:jump;loc_5394:jump;loc_53D3:jump;loc_5414:jump;loc_544C:cond_true;loc_544C:cond_false;loc_544C:next,loc_71A0:cond_true;loc_7BC4:jump;loc_71A0:cond_false
少匹配,さすが、父さんの剣技を継いだだけはあるね……,14,,mp4044,MayaEvent04_112_00,Loc_257,非TK,Loc_256:cond_false;Loc_256:next,Loc_258:cond_false;Loc_258:next,无候选,,,0020140341,さすが、父さんの剣技を継いだだけはあるね……,C4303,Function_9,loc_5489,loc_4EB0:jump;loc_5324:jump;loc_5394:jump;loc_53D3:jump;loc_5414:jump;loc_544C:cond_true;loc_544C:cond_false;loc_544C:next,loc_71A0:cond_true;loc_7BC4:jump;loc_71A0:cond_false
少匹配,う、うおおおおおっ！？,14,,mp4044,MayaEvent04_112_00,Loc_257,非TK,Loc_256:cond_false;Loc_256:next,Loc_258:cond_false;Loc_258:next,无候选,,,0130140343,う、うおおおおおっ！？,C4303,Function_9,loc_5489,loc_4EB0:jump;loc_5324:jump;loc_5394:jump;loc_53D3:jump;loc_5414:jump;loc_544C:cond_true;loc_544C:cond_false;loc_544C:next,loc_71A0:cond_true;loc_7BC4:jump;loc_71A0:cond_false
少匹配,た、大佐！？,14,,mp4044,MayaEvent04_112_00,Loc_257,非TK,Loc_256:cond_false;Loc_256:next,Loc_258:cond_false;Loc_258:next,无候选,,,0010140344,た、大佐！？,C4303,Function_9,loc_5489,loc_4EB0:jump;loc_5324:jump;loc_5394:jump;loc_53D3:jump;loc_5414:jump;loc_544C:cond_true;loc_544C:cond_false;loc_544C:next,loc_71A0:cond_true;loc_7BC4:jump;loc_71A0:cond_false
少匹配,く……どうしたら！？,14,,mp4044,MayaEvent04_112_00,Loc_257,非TK,Loc_256:cond_false;Loc_256:next,Loc_258:cond_false;Loc_258:next,无候选,,,0020140345,く……どうしたら！？,C4303,Function_9,loc_5489,loc_4EB0:jump;loc_5324:jump;loc_5394:jump;loc_53D3:jump;loc_5414:jump;loc_544C:cond_true;loc_544C:cond_false;loc_544C:next,loc_71A0:cond_true;loc_7BC4:jump;loc_71A0:cond_false
少匹配,い、いいから行きたまえ！,14,,mp4044,MayaEvent04_112_00,Loc_257,非TK,Loc_256:cond_false;Loc_256:next,Loc_258:cond_false;Loc_258:next,无候选,,,0130140346,い、いいから行きたまえ！,C4303,Function_9,loc_5489,loc_4EB0:jump;loc_5324:jump;loc_5394:jump;loc_53D3:jump;loc_5414:jump;loc_544C:cond_true;loc_544C:cond_false;loc_544C:next,loc_71A0:cond_true;loc_7BC4:jump;loc_71A0:cond_false
少匹配,君たちとの勝負に敗れた時……私の命運は……尽きていたのだ！,14,,mp4044,MayaEvent04_112_00,Loc_257,非TK,Loc_256:cond_false;Loc_256:next,Loc_258:cond_false;Loc_258:next,无候选,,,0130140347,君たちとの勝負に敗れた時……私の命運は……尽きていたのだ！,C4303,Function_9,loc_5489,loc_4EB0:jump;loc_5324:jump;loc_5394:jump;loc_53D3:jump;loc_5414:jump;loc_544C:cond_true;loc_544C:cond_false;loc_544C:next,loc_71A0:cond_true;loc_7BC4:jump;loc_71A0:cond_false
少匹配,だから……気にすることはない……,14,,mp4044,MayaEvent04_112_00,Loc_257,非TK,Loc_256:cond_false;Loc_256:next,Loc_258:cond_false;Loc_258:next,无候选,,,0130140349,だから……気にすることはない……,C4303,Function_9,loc_5489,loc_4EB0:jump;loc_5324:jump;loc_5394:jump;loc_53D3:jump;loc_5414:jump;loc_544C:cond_true;loc_544C:cond_false;loc_544C:next,loc_71A0:cond_true;loc_7BC4:jump;loc_71A0:cond_false
少匹配,私の計画は失敗に終わったが……,14,,mp4044,MayaEvent04_112_00,Loc_257,非TK,Loc_256:cond_false;Loc_256:next,Loc_258:cond_false;Loc_258:next,无候选,,,0130140350,私の計画は失敗に終わったが……,C4303,Function_9,loc_5489,loc_4EB0:jump;loc_5324:jump;loc_5394:jump;loc_53D3:jump;loc_5414:jump;loc_544C:cond_true;loc_544C:cond_false;loc_544C:next,loc_71A0:cond_true;loc_7BC4:jump;loc_71A0:cond_false
少匹配,諦めなければ必ずや勝機は見える。,14,,mp4044,MayaEvent04_112_00,Loc_257,非TK,Loc_256:cond_false;Loc_256:next,Loc_258:cond_false;Loc_258:next,无候选,,,0160140353,諦めなければ必ずや勝機は見える。,C4303,Function_9,loc_5489,loc_4EB0:jump;loc_5324:jump;loc_5394:jump;loc_53D3:jump;loc_5414:jump;loc_544C:cond_true;loc_544C:cond_false;loc_544C:next,loc_71A0:cond_true;loc_7BC4:jump;loc_71A0:cond_false
少匹配,そう教えたことを忘れたか？,14,,mp4044,MayaEvent04_112_00,Loc_257,非TK,Loc_256:cond_false;Loc_256:next,Loc_258:cond_false;Loc_258:next,无候选,,,0160140354,そう教えたことを忘れたか？,C4303,Function_9,loc_5489,loc_4EB0:jump;loc_5324:jump;loc_5394:jump;loc_53D3:jump;loc_5414:jump;loc_544C:cond_true;loc_544C:cond_false;loc_544C:next,loc_71A0:cond_true;loc_7BC4:jump;loc_71A0:cond_false
少匹配,せいッ！,14,,mp4044,MayaEvent04_112_00,Loc_257,非TK,Loc_256:cond_false;Loc_256:next,Loc_258:cond_false;Loc_258:next,无候选,,,0160140355,せいッ！,C4303,Function_9,loc_5489,loc_4EB0:jump;loc_5324:jump;loc_5394:jump;loc_53D3:jump;loc_5414:jump;loc_544C:cond_true;loc_544C:cond_false;loc_544C:next,loc_71A0:cond_true;loc_7BC4:jump;loc_71A0:cond_false
少匹配,な、なんだ貴様らは！？,20850,,mp4061_01,EV_04_84_01,Loc_128,非TK,Loc_127:next,,无候选,,,2620130596,な、なんだ貴様らは！？,T4312,Function_2,Function_2_4CB,,loc_808:switch;loc_80B:switch
少匹配,な……なんだお前たち！？,20850,,mp4061_01,EV_04_85_00,Loc_64,非TK,Loc_62:jump;Loc_63:next,Loc_65:cond_false;Loc_66:jump,无候选,,,2620130604,な……なんだお前たち！？,T4303,Function_3,Function_3_6B3,,loc_92B:switch;loc_92E:switch
少匹配,不審者め、そこを動くな！,20851,,mp4061_01,EV_04_85_00,Loc_68,非TK,Loc_135:jump;Loc_67:next,Loc_73:next,无候选,,,2620130605,不審者め、そこを動くな！,T4301,Function_4,Function_4_A63,,loc_D97:switch;loc_D9A:switch
少匹配,は～、あせった。いきなり襲ってくるんだもん。,0,001,mp4061_01,EV_04_85_01,Loc_85,非TK,Loc_83:jump;Loc_84:next,Loc_86:cond_false;Loc_87:jump,无候选,,,0010130608,は〜、あせった。いきなり襲ってくるんだもん。,T4301,Function_4,loc_D9A,Function_4_A63:switch;loc_D97:next,
少匹配,まだ、かなりの数が離宮内に残っているみたいだ。,1,002,mp4061_01,EV_04_85_01,Loc_85,非TK,Loc_83:jump;Loc_84:next,Loc_86:cond_false;Loc_87:jump,无候选,,,0020130609,まだ、かなりの数が離宮内に残っているみたいだ。,T4301,Function_4,loc_D9A,Function_4_A63:switch;loc_D97:next,
少匹配,定期的に中庭の廊下を巡回しているみたいだね。,1,002,mp4061_01,EV_04_85_01,Loc_85,非TK,Loc_83:jump;Loc_84:next,Loc_86:cond_false;Loc_87:jump,无候选,,,0020130610,定期的に中庭の廊下を巡回しているみたいだね。,T4303,Function_3,loc_92E,Function_3_6B3:switch;loc_92B:next,
少匹配,仕方ない、見つかったら黙らせるしかなさそうだな。,7,008,mp4061_01,EV_04_85_01,Loc_87,非TK,Loc_85:jump;Loc_86:next,,无候选,,,0080130611,仕方ない、見つかったら黙らせるしかなさそうだな。,T4301,Function_4,loc_D9A,Function_4_A63:switch;loc_D97:next,
少匹配,あ、あなたたちは……？,12105,233,mp4061_01,EV_04_86_00,_entry,非TK,,,无候选,,,2330130620,あ、あなたたちは……？,T4313,Function_3,Function_3_680,,loc_955:switch;loc_958:switch
少匹配,わわっ……けっこう集まってるわね。,0,001,mp4061_01,EV_04_86_00,_entry,非TK,,,无候选,,,0010130621,わわっ……けっこう集まってるわね。,T4311,Function_5,Function_5_958,,loc_C8C:switch;loc_C8F:switch
少匹配,ん～……なんだ、お前たちは……,20850,,mp4061_01,EV_04_86_00,_entry,非TK,,,无候选,,,2660130622,ん〜……なんだ、お前たちは……,T4311,Function_5,Function_5_958,,loc_C8C:switch;loc_C8F:switch
少匹配,うい～……見かけない顔だなあ？,20850,,mp4061_01,EV_04_86_00,_entry,非TK,,,无候选,,,2630130623,うい〜……見かけない顔だなあ？,T4311,Function_5,Function_5_958,,loc_C8C:switch;loc_C8F:switch
少匹配,こんばんは。遊撃士協会の者です。,1,002,mp4061_01,EV_04_86_00,_entry,非TK,,,无候选,,,0020130624,こんばんは。遊撃士協会の者です。,T4311,Function_5,Function_5_958,,loc_C8C:switch;loc_C8F:switch
少匹配,まあ、そのまま気持ちよく眠っててくれや。,7,008,mp4061_01,EV_04_86_00,_entry,非TK,,,无候选,,,0080130626,まあ、そのまま気持ちよく眠っててくれや。,T4313,Function_3,Function_3_680,,loc_955:switch;loc_958:switch
少匹配,ふう、一丁あがりっと。,0,001,mp4061_01,EV_04_86_01,_entry,非TK,,Loc_90:cond_false;Loc_91:jump,无候选,,,0010130627,ふう、一丁あがりっと。,T4311,Function_5,loc_C8F,Function_5_958:switch;loc_C8C:next,loc_163D:cond_true;loc_18E8:jump;loc_163D:cond_false
少匹配,酔ってたからあまり歯ごたえがなかったな。,7,008,mp4061_01,EV_04_86_01,_entry,非TK,,Loc_90:cond_false;Loc_91:jump,无候选,,,0080130628,酔ってたからあまり歯ごたえがなかったな。,T4311,Function_5,loc_C8F,Function_5_958:switch;loc_C8C:next,loc_163D:cond_true;loc_18E8:jump;loc_163D:cond_false
少匹配,ここは、城にもあった酒を出す談話室みたいですね。,1,002,mp4061_01,EV_04_86_01,_entry,非TK,,Loc_90:cond_false;Loc_91:jump,无候选,,,0020130629,ここは、城にもあった酒を出す談話室みたいですね。,T4311,Function_5,loc_C8F,Function_5_958:switch;loc_C8C:next,loc_163D:cond_true;loc_18E8:jump;loc_163D:cond_false
少匹配,い、命ばかりはお助けを……！,12105,233,mp4061_01,EV_04_86_01,_entry,非TK,,Loc_90:cond_false;Loc_91:jump,无候选,,,2330130630,い、命ばかりはお助けを……！,T4313,Function_3,loc_958,Function_3_680:switch;loc_955:next,loc_11AE:cond_true;loc_1443:jump;loc_11AE:cond_false
少匹配,ぼ、ぼ、僕はっ、彼らの仲間じゃありませんっ！,12105,233,mp4061_01,EV_04_86_01,_entry,非TK,,Loc_90:cond_false;Loc_91:jump,无候选,,,2330130631,ぼ、ぼ、僕はっ、彼らの仲間じゃありませんっ！,T4313,Function_3,loc_958,Function_3_680:switch;loc_955:next,loc_11AE:cond_true;loc_1443:jump;loc_11AE:cond_false
少匹配,わかってるってば。離宮に勤めている人でしょ？,0,001,mp4061_01,EV_04_86_01,_entry,非TK,,Loc_90:cond_false;Loc_91:jump,无候选,,,0010130632,わかってるってば。離宮に勤めている人でしょ？,T4311,Function_5,loc_C8F,Function_5_958:switch;loc_C8C:next,loc_163D:cond_true;loc_18E8:jump;loc_163D:cond_false
少匹配,女王陛下のご依頼で捕まった方々を助けに来ました。,1,002,mp4061_01,EV_04_86_01,_entry,非TK,,Loc_90:cond_false;Loc_91:jump,无候选,,,0020130633,女王陛下のご依頼で捕まった方々を助けに来ました。,T4313,Function_3,loc_958,Function_3_680:switch;loc_955:next,loc_11AE:cond_true;loc_1443:jump;loc_11AE:cond_false
少匹配,え……ほ、本当かい？,12105,233,mp4061_01,EV_04_86_01,_entry,非TK,,Loc_90:cond_false;Loc_91:jump,无候选,,,2330130634,え……ほ、本当かい？,T4313,Function_3,loc_958,Function_3_680:switch;loc_955:next,loc_11AE:cond_true;loc_1443:jump;loc_11AE:cond_false
少匹配,本当に僕たちを助けにきてくれたのかい！？,12105,233,mp4061_01,EV_04_86_01,_entry,非TK,,Loc_90:cond_false;Loc_91:jump,无候选,,,2330130635,本当に僕たちを助けにきてくれたのかい！？,T4313,Function_3,loc_958,Function_3_680:switch;loc_955:next,loc_11AE:cond_true;loc_1443:jump;loc_11AE:cond_false
少匹配,うん、だからもう安心して。,0,001,mp4061_01,EV_04_86_01,_entry,非TK,,Loc_90:cond_false;Loc_91:jump,无候选,,,0010130636,うん、だからもう安心して。,T4311,Function_5,loc_C8F,Function_5_958:switch;loc_C8C:next,loc_163D:cond_true;loc_18E8:jump;loc_163D:cond_false
少匹配,はあ……よかった……,12105,233,mp4061_01,EV_04_86_01,_entry,非TK,,Loc_90:cond_false;Loc_91:jump,无候选,,,2330130637,はあ……よかった……,T4311,Function_5,loc_C8F,Function_5_958:switch;loc_C8C:next,loc_163D:cond_true;loc_18E8:jump;loc_163D:cond_false
少匹配,友達の記者が捕まってから生きた心地がしなかったんだ。,12105,233,mp4061_01,EV_04_86_01,_entry,非TK,,Loc_90:cond_false;Loc_91:jump,无候选,,,2330130638,友達の記者が捕まってから生きた心地がしなかったんだ。,T4311,Function_5,loc_C8F,Function_5_958:switch;loc_C8C:next,loc_163D:cond_true;loc_18E8:jump;loc_163D:cond_false
少匹配,あいつ、無事だろうな……,12105,233,mp4061_01,EV_04_86_01,_entry,非TK,,Loc_90:cond_false;Loc_91:jump,无候选,,,2330130639,あいつ、無事だろうな……,T4311,Function_5,loc_C8F,Function_5_958:switch;loc_C8C:next,loc_163D:cond_true;loc_18E8:jump;loc_163D:cond_false
少匹配,友達の記者……,0,001,mp4061_01,EV_04_86_01,_entry,非TK,,Loc_90:cond_false;Loc_91:jump,无候选,,,0010130640,友達の記者……,T4311,Function_5,loc_C8F,Function_5_958:switch;loc_C8C:next,loc_163D:cond_true;loc_18E8:jump;loc_163D:cond_false
少匹配,あ、ナイアルの友達ってひょっとしてあなたのこと？,0,001,mp4061_01,EV_04_86_01,_entry,非TK,,Loc_90:cond_false;Loc_91:jump,无候选,,,0010130641,あ、ナイアルの友達ってひょっとしてあなたのこと？,T4311,Function_5,loc_C8F,Function_5_958:switch;loc_C8C:next,loc_163D:cond_true;loc_18E8:jump;loc_163D:cond_false
少匹配,そうか、確かにあの時ナイアルに連絡したのは僕さ。,12105,233,mp4061_01,EV_04_86_01,_entry,非TK,,Loc_90:cond_false;Loc_91:jump,无候选,,,2330130643,そうか、確かにあの時ナイアルに連絡したのは僕さ。,T4311,Function_5,loc_C8F,Function_5_958:switch;loc_C8C:next,loc_163D:cond_true;loc_18E8:jump;loc_163D:cond_false
少匹配,彼、ここに保護された姫様にインタビューしたがってね……,12105,233,mp4061_01,EV_04_86_01,_entry,非TK,,Loc_90:cond_false;Loc_91:jump,无候选,,,2330130644,彼、ここに保護された姫様にインタビューしたがってね……,T4311,Function_5,loc_C8F,Function_5_958:switch;loc_C8C:next,loc_163D:cond_true;loc_18E8:jump;loc_163D:cond_false
少匹配,あまりに熱心だから断れなくて中に入れる手引きをしたんだよ。,12105,233,mp4061_01,EV_04_86_01,_entry,非TK,,Loc_90:cond_false;Loc_91:jump,无候选,,,2330130645,あまりに熱心だから断れなくて中に入れる手引きをしたんだよ。,T4311,Function_5,loc_C8F,Function_5_958:switch;loc_C8C:next,loc_163D:cond_true;loc_18E8:jump;loc_163D:cond_false
少匹配,それでバレて捕まったわけか。,7,008,mp4061_01,EV_04_86_01,_entry,非TK,,Loc_90:cond_false;Loc_91:jump,无候选,,,0080130646,それでバレて捕まったわけか。,T4313,Function_3,loc_958,Function_3_680:switch;loc_955:next,loc_11AE:cond_true;loc_1443:jump;loc_11AE:cond_false
少匹配,ああ、恥ずかしながらその時になって真相に気づいたよ。,12105,233,mp4061_01,EV_04_86_01,_entry,非TK,,Loc_90:cond_false;Loc_91:jump,无候选,,,2330130647,ああ、恥ずかしながらその時になって真相に気づいたよ。,T4311,Function_5,loc_C8F,Function_5_958:switch;loc_C8C:next,loc_163D:cond_true;loc_18E8:jump;loc_163D:cond_false
少匹配,姫様、テロリストに狙われたからここに保護されたって聞いたんだけど……,12105,233,mp4061_01,EV_04_86_01,_entry,非TK,,Loc_90:cond_false;Loc_91:jump,无候选,,,2330130648,姫様、テロリストに狙われたからここに保護されたって聞いたんだけど……,T4311,Function_5,loc_C8F,Function_5_958:switch;loc_C8C:next,loc_163D:cond_true;loc_18E8:jump;loc_163D:cond_false
少匹配,実際には、情報部の連中に監禁されていたんだって……,12105,233,mp4061_01,EV_04_86_01,_entry,非TK,,Loc_90:cond_false;Loc_91:jump,无候选,,,2330130649,実際には、情報部の連中に監禁されていたんだって……,T4311,Function_5,loc_C8F,Function_5_958:switch;loc_C8C:next,loc_163D:cond_true;loc_18E8:jump;loc_163D:cond_false
少匹配,姫様が来たことに浮かれてそんな事にも気付かなかったんだ……,12105,233,mp4061_01,EV_04_86_01,_entry,非TK,,Loc_90:cond_false;Loc_91:jump,无候选,,,2330130650,姫様が来たことに浮かれてそんな事にも気付かなかったんだ……,T4311,Function_5,loc_C8F,Function_5_958:switch;loc_C8C:next,loc_163D:cond_true;loc_18E8:jump;loc_163D:cond_false
少匹配,まったく執事失格だよ……,12105,233,mp4061_01,EV_04_86_01,_entry,非TK,,Loc_90:cond_false;Loc_91:jump,无候选,,,2330130651,まったく執事失格だよ……,T4311,Function_5,loc_C8F,Function_5_958:switch;loc_C8C:next,loc_163D:cond_true;loc_18E8:jump;loc_163D:cond_false
少匹配,まあまあ。そんなに気を落とさないでよ。,0,001,mp4061_01,EV_04_86_01,_entry,非TK,,Loc_90:cond_false;Loc_91:jump,无候选,,,0010130652,まあまあ。そんなに気を落とさないでよ。,T4311,Function_5,loc_C8F,Function_5_958:switch;loc_C8C:next,loc_163D:cond_true;loc_18E8:jump;loc_163D:cond_false
少匹配,それで、捕まった方々がどこにいるのか分かりますか？,1,002,mp4061_01,EV_04_86_01,_entry,非TK,,Loc_90:cond_false;Loc_91:jump,无候选,,,0020130653,それで、捕まった方々がどこにいるのか分かりますか？,T4311,Function_5,loc_C8F,Function_5_958:switch;loc_C8C:next,loc_163D:cond_true;loc_18E8:jump;loc_163D:cond_false
少匹配,ああ、建物の一番奥にある《紋章の間》に集められている。,12105,233,mp4061_01,EV_04_86_01,_entry,非TK,,Loc_90:cond_false;Loc_91:jump,无候选,,,2330130654,ああ、建物の一番奥にある《紋章の間》に集められている。,T4311,Function_5,loc_C8F,Function_5_958:switch;loc_C8C:next,loc_163D:cond_true;loc_18E8:jump;loc_163D:cond_false
少匹配,条約の調印にも使われる由緒正しい大広間なんだ。,12105,233,mp4061_01,EV_04_86_01,_entry,非TK,,Loc_90:cond_false;Loc_91:jump,无候选,,,2330130655,条約の調印にも使われる由緒正しい大広間なんだ。,T4311,Function_5,loc_C8F,Function_5_958:switch;loc_C8C:next,loc_163D:cond_true;loc_18E8:jump;loc_163D:cond_false
少匹配,奥にある《紋章の間》ね。,0,001,mp4061_01,EV_04_86_01,_entry,非TK,,Loc_90:cond_false;Loc_91:jump,无候选,,,0010130656,奥にある《紋章の間》ね。,T4311,Function_5,loc_C8F,Function_5_958:switch;loc_C8C:next,loc_163D:cond_true;loc_18E8:jump;loc_163D:cond_false
少匹配,よし、さっそく行ってみるか。,7,008,mp4061_01,EV_04_86_01,_entry,非TK,,Loc_90:cond_false;Loc_91:jump,无候选,,,0080130657,よし、さっそく行ってみるか。,T4313,Function_3,loc_958,Function_3_680:switch;loc_955:next,loc_11AE:cond_true;loc_1443:jump;loc_11AE:cond_false
少匹配,奥にある広間って……ひょっとしてあそこじゃない？,0,001,mp4061_01,EV_04_86_01,Loc_90,非TK,_entry:cond_false,Loc_91:next,无候选,,,0010130658,奥にある広間って……ひょっとしてあそこじゃない？,T4311,Function_5,loc_163D,loc_C8F:cond_true;loc_C8F:cond_false,loc_18E8:next
少匹配,ああ、奥にある鍵がかかった扉だな。,7,008,mp4061_01,EV_04_86_01,Loc_90,非TK,_entry:cond_false,Loc_91:next,无候选,,,0080130659,ああ、奥にある鍵がかかった扉だな。,T4311,Function_5,loc_163D,loc_C8F:cond_true;loc_C8F:cond_false,loc_18E8:next
少匹配,そうか、あそこには鍵がかけられていたっけ……,12105,233,mp4061_01,EV_04_86_01,Loc_90,非TK,_entry:cond_false,Loc_91:next,无候选,,,2330130660,そうか、あそこには鍵がかけられていたっけ……,T4311,Function_5,loc_163D,loc_C8F:cond_true;loc_C8F:cond_false,loc_18E8:next
少匹配,あの鍵は、情報部の中隊長が管理していたはずだけど……,12105,233,mp4061_01,EV_04_86_01,Loc_90,非TK,_entry:cond_false,Loc_91:next,无候选,,,2330130672,あの鍵は、情報部の中隊長が管理していたはずだけど……,T4311,Function_4,loc_627,loc_596:cond_true;loc_596:cond_false,loc_8CD:cond_true;loc_954:jump;loc_8CD:cond_false
少匹配,テロリストが現れたとかで出かけちゃったみたいなんだ。,12105,233,mp4061_01,EV_04_86_01,Loc_90,非TK,_entry:cond_false,Loc_91:next,无候选,,,2330130673,テロリストが現れたとかで出かけちゃったみたいなんだ。,T4313,Function_3,loc_11AE,loc_958:cond_true;loc_958:cond_false,loc_1443:next
少匹配,それじゃあ、ユリアさんたちが待ち伏せている方に行ったのか……,1,002,mp4061_01,EV_04_86_01,Loc_90,非TK,_entry:cond_false,Loc_91:next,无候选,,,0020130664,それじゃあ、ユリアさんたちが待ち伏せている方に行ったのか……,T4311,Function_5,loc_163D,loc_C8F:cond_true;loc_C8F:cond_false,loc_18E8:next
少匹配,むう、まずいな。戻っているヒマはないぞ……,7,008,mp4061_01,EV_04_86_01,Loc_90,非TK,_entry:cond_false,Loc_91:next,无候选,,,0080130665,むう、まずいな。戻っているヒマはないぞ……,T4311,Function_5,loc_163D,loc_C8F:cond_true;loc_C8F:cond_false,loc_18E8:next
少匹配,ちょっと待った……,12105,233,mp4061_01,EV_04_86_01,Loc_90,非TK,_entry:cond_false,Loc_91:next,无候选,,,2330130677,ちょっと待った……,T4313,Function_3,loc_11AE,loc_958:cond_true;loc_958:cond_false,loc_1443:next
少匹配,確か、展示室のどこかに隠してあったと思ったけど……,12105,233,mp4061_01,TK_RAYMOND,Loc_52,TK,,Loc_54:cond_false;Loc_53:jump,无候选,,,2330130679,確か、展示室のどこかに隠してあったと思ったけど……,T4313,Function_3,loc_11AE,loc_958:cond_true;loc_958:cond_false,loc_1443:next
少匹配,展示室ね！,0,001,mp4061_01,EV_04_86_01,Loc_90,非TK,_entry:cond_false,Loc_91:next,无候选,,,0010130669,展示室ね！,T4311,Function_5,loc_163D,loc_C8F:cond_true;loc_C8F:cond_false,loc_18E8:next
少匹配,急いで探してみよう。,1,002,mp4061_01,EV_04_86_01,Loc_90,非TK,_entry:cond_false,Loc_91:next,无候选,,,0020130670,急いで探してみよう。,T4311,Function_5,loc_163D,loc_C8F:cond_true;loc_C8F:cond_false,loc_18E8:next
少匹配,あ、これね！,0,001,mp4061_01,EV_04_88_00,_entry,非TK,,,无候选,,,0010130689,あ、これね！,T4311,Function_6,Function_6_1996,,loc_1AC4:cond_true;loc_1B19:jump;loc_1AC4:cond_false
少匹配,これで奥にある扉を開くことができそうだね。,1,002,mp4061_01,EV_04_88_00,_entry,非TK,,,无候选,,,0020130690,これで奥にある扉を開くことができそうだね。,T4313,Function_4,Function_4_1446,,loc_156D:cond_true;loc_1599:jump;loc_156D:cond_false
少匹配,なんだ貴様ら……,20850,,mp4061_01,EV_04_90_00,Loc_138,非TK,Loc_137:next,,无候选,,,2620130691,なんだ貴様ら……,T4310,Function_4,loc_D6F,Function_4_D67:cond_true;Function_4_D67:cond_false,loc_111D:switch;loc_1120:switch
少匹配,どこかで見かけたような……,20851,,mp4061_01,EV_04_90_00,Loc_138,非TK,Loc_137:next,,无候选,,,2630130692,どこかで見かけたような……,T4310,Function_4,loc_D6F,Function_4_D67:cond_true;Function_4_D67:cond_false,loc_111D:switch;loc_1120:switch
少匹配,こいつら！武術大会で優勝した……,20850,,mp4061_01,EV_04_90_00,Loc_138,非TK,Loc_137:next,,无候选,,,2630130693,こいつら！武術大会で優勝した……,T4310,Function_4,loc_D6F,Function_4_D67:cond_true;Function_4_D67:cond_false,loc_111D:switch;loc_1120:switch
少匹配,遊撃士協会の連中か！？,20851,,mp4061_01,EV_04_90_00,Loc_138,非TK,Loc_137:next,,无候选,,,2620130694,遊撃士協会の連中か！？,T4310,Function_4,loc_D6F,Function_4_D67:cond_true;Function_4_D67:cond_false,loc_111D:switch;loc_1120:switch
少匹配,素直に通してくれれば見逃してあげてもいいんだけど？,0,001,mp4061_01,EV_04_90_00,Loc_138,非TK,Loc_137:next,,无候选,,,0010130696,素直に通してくれれば見逃してあげてもいいんだけど？,T4310,Function_4,loc_D6F,Function_4_D67:cond_true;Function_4_D67:cond_false,loc_111D:switch;loc_1120:switch
少匹配,な、舐めるなァ！,20851,,mp4061_01,EV_04_90_00,Loc_138,非TK,Loc_137:next,,无候选,,,2620130697,な、舐めるなァ！,T4310,Function_4,loc_D6F,Function_4_D67:cond_true;Function_4_D67:cond_false,loc_111D:switch;loc_1120:switch
少匹配,我らが鉄壁の守り、破れるものなら破ってみろ！,20851,,mp4061_01,EV_04_90_00,Loc_138,非TK,Loc_137:next,,无候选,,,2630130698,我らが鉄壁の守り、破れるものなら破ってみろ！,T4310,Function_4,loc_D6F,Function_4_D67:cond_true;Function_4_D67:cond_false,loc_111D:switch;loc_1120:switch
少匹配,お、お前ら……！？,122,027,mp4061_01,EV_04_91_00,_entry,非TK,,,无候选,,,0270130705,お、お前ら……！？,T4310,Function_6,Function_6_142A,,
少匹配,やっほー、助けに来たわよ！,0,001,mp4061_01,EV_04_91_00,_entry,非TK,,,无候选,,,0010130706,やっほー、助けに来たわよ！,T4310,Function_6,Function_6_142A,,
少匹配,ナイアルさん。無事だったみたいですね。,1,002,mp4061_01,EV_04_91_00,_entry,非TK,,,无候选,,,0020130707,ナイアルさん。無事だったみたいですね。,T4312,Function_5,Function_5_1021,,
少匹配,助けに来たって、マジか！？,122,027,mp4061_01,EV_04_91_00,_entry,非TK,,,无候选,,,0270130708,助けに来たって、マジか！？,T4310,Function_6,Function_6_142A,,
少匹配,こんな所で会えるなんて……,4,006,mp4061_01,EV_04_91_00,_entry,非TK,,,无候选,,,0060130710,こんな所で会えるなんて……,T4312,Function_5,Function_5_1021,,
少匹配,あ、あなたがお姫様なんだ。,0,001,mp4061_01,EV_04_91_00,_entry,非TK,,,无候选,,,0010130712,あ、あなたがお姫様なんだ。,T4310,Function_6,Function_6_142A,,
少匹配,初めまして、あたしたち遊撃士協会の……,0,001,mp4061_01,EV_04_91_00,_entry,非TK,,,无候选,,,0010130713,初めまして、あたしたち遊撃士協会の……,T4310,Function_6,Function_6_142A,,
少匹配,初めまして、じゃないですよ。,4,006,mp4061_01,EV_04_91_00,_entry,非TK,,,无候选,,,0060130714,初めまして、じゃないですよ。,T4310,Function_6,Function_6_142A,,
少匹配,エステルさん、ヨシュアさん。やっと約束通り再会できましたね。,4,006,mp4061_01,EV_04_91_00,_entry,非TK,,,无候选,,,0060130715,エステルさん、ヨシュアさん。やっと約束通り再会できましたね。,T4310,Function_6,Function_6_142A,,
少匹配,ああっ、クローゼじゃない！,0,001,mp4061_01,EV_04_91_00,_entry,非TK,,,无候选,,,0010130718,ああっ、クローゼじゃない！,T4310,Function_6,Function_6_142A,,
少匹配,もう、エステルさんったら。,4,006,mp4061_01,EV_04_91_00,_entry,非TK,,,无候选,,,0060130719,もう、エステルさんったら。,T4310,Function_6,Function_6_142A,,
少匹配,すぐに気付いてくれないなんてヒドイです。,4,006,mp4061_01,EV_04_91_00,_entry,非TK,,,无候选,,,0060130720,すぐに気付いてくれないなんてヒドイです。,T4312,Function_5,Function_5_1021,,
少匹配,そ、そんなこと言われてもドレス着て、髪伸ばしてるし……,0,001,mp4061_01,EV_04_91_00,_entry,非TK,,,无候选,,,0010130721,そ、そんなこと言われてもドレス着て、髪伸ばしてるし……,T4310,Function_6,Function_6_142A,,
少匹配,一体全体、どうしちゃったの？,0,001,mp4061_01,EV_04_91_00,_entry,非TK,,,无候选,,,0010130722,一体全体、どうしちゃったの？,T4310,Function_6,Function_6_142A,,
少匹配,……ごめんね、クローゼ。,1,002,mp4061_01,EV_04_91_00,_entry,非TK,,,无候选,,,0020130723,……ごめんね、クローゼ。,T4310,Function_6,Function_6_142A,,
少匹配,エステルって、あまり人を疑うことを知らないから。,1,002,mp4061_01,EV_04_91_00,_entry,非TK,,,无候选,,,0020130724,エステルって、あまり人を疑うことを知らないから。,T4312,Function_5,Function_5_1021,,
少匹配,ちょっと！それってどーいう意味よ！,0,001,mp4061_01,EV_04_91_00,_entry,非TK,,,无候选,,,0010130725,ちょっと！それってどーいう意味よ！,T4310,Function_6,Function_6_142A,,
少匹配,ふふ、それがエステルさんのいいところだと思いますから。,4,006,mp4061_01,EV_04_91_00,_entry,非TK,,,无候选,,,0060130726,ふふ、それがエステルさんのいいところだと思いますから。,T4310,Function_6,Function_6_142A,,
少匹配,それよりも、ヨシュアさん。,4,006,mp4061_01,EV_04_91_00,_entry,非TK,,,无候选,,,0060130727,それよりも、ヨシュアさん。,T4310,Function_6,Function_6_142A,,
少匹配,まだ私を……その名で呼んでくれるんですね。,4,006,mp4061_01,EV_04_91_00,_entry,非TK,,,无候选,,,0060130728,まだ私を……その名で呼んでくれるんですね。,T4312,Function_5,Function_5_1021,,
少匹配,うん、君がそう望んでいるような気がしたから。,1,002,mp4061_01,EV_04_91_00,_entry,非TK,,,无候选,,,0020130729,うん、君がそう望んでいるような気がしたから。,T4310,Function_6,Function_6_142A,,
少匹配,本名の方が良かったかな？,1,002,mp4061_01,EV_04_91_00,_entry,非TK,,,无候选,,,0020130730,本名の方が良かったかな？,T4312,Function_5,Function_5_1021,,
少匹配,とんでもありません……ありがとう、すごく嬉しいです。,4,006,mp4061_01,EV_04_91_00,_entry,非TK,,,无候选,,,0060130731,とんでもありません……ありがとう、すごく嬉しいです。,T4310,Function_6,Function_6_142A,,
少匹配,ところで、どうしてクローゼがここにいるわけ？,0,001,mp4061_01,EV_04_91_00,_entry,非TK,,,无候选,,,0010130733,ところで、どうしてクローゼがここにいるわけ？,T4312,Function_5,Function_5_1021,,
少匹配,それに、例のお姫様がどこにもいないんですけど……,0,001,mp4061_01,EV_04_91_00,_entry,非TK,,,无候选,,,0010130734,それに、例のお姫様がどこにもいないんですけど……,T4312,Function_5,Function_5_1021,,
少匹配,あのな、目の前にいるだろ。,122,027,mp4061_01,EV_04_91_00,_entry,非TK,,,无候选,,,0270130735,あのな、目の前にいるだろ。,T4310,Function_6,Function_6_142A,,
少匹配,その方が、陛下の孫娘のクローディア姫殿下だっての。,122,027,mp4061_01,EV_04_91_00,_entry,非TK,,,无候选,,,0270130736,その方が、陛下の孫娘のクローディア姫殿下だっての。,T4310,Function_6,Function_6_142A,,
少匹配,ええええええっ！？,0,001,mp4061_01,EV_04_91_00,_entry,非TK,,,无候选,,,0010130738,ええええええっ！？,T4310,Function_6,Function_6_142A,,
少匹配,ごめんなさい、黙っていて……,4,006,mp4061_01,EV_04_91_00,_entry,非TK,,,无候选,,,0060130739,ごめんなさい、黙っていて……,T4310,Function_6,Function_6_142A,,
少匹配,本当は、エステルさんたちと王都で再会した時に打ち明けるつもりだったんですけど……,4,006,mp4061_01,EV_04_91_00,_entry,非TK,,,无候选,,,0060130740,本当は、エステルさんたちと王都で再会した時に打ち明けるつもりだったんですけど……,T4310,Function_6,Function_6_142A,,
少匹配,リシャール大佐に捕まってしまって……,4,006,mp4061_01,EV_04_91_00,_entry,非TK,,,无候选,,,0060130741,リシャール大佐に捕まってしまって……,T4310,Function_6,Function_6_142A,,
少匹配,え、でも、なんで？,0,001,mp4061_01,EV_04_91_00,_entry,非TK,,,无候选,,,0010130742,え、でも、なんで？,T4310,Function_6,Function_6_142A,,
少匹配,なんでお姫様が正体隠して普通の学校なんかに……！？,0,001,mp4061_01,EV_04_91_00,_entry,非TK,,,无候选,,,0010130743,なんでお姫様が正体隠して普通の学校なんかに……！？,T4312,Function_5,Function_5_1021,,
少匹配,そ、それにあたし、クローゼのことをどう呼んだらいいのか……,0,001,mp4061_01,EV_04_91_00,_entry,非TK,,,无候选,,,0010130744,そ、それにあたし、クローゼのことをどう呼んだらいいのか……,T4312,Function_5,Function_5_1021,,
少匹配,どうかそのままクローゼと呼んでください。,4,006,mp4061_01,EV_04_91_00,_entry,非TK,,,无候选,,,0060130745,どうかそのままクローゼと呼んでください。,T4310,Function_6,Function_6_142A,,
少匹配,本名の最初と最後を合わせた愛称なんです。,4,006,mp4061_01,EV_04_91_00,_entry,非TK,,,无候选,,,0060130747,本名の最初と最後を合わせた愛称なんです。,T4310,Function_6,Function_6_142A,,
少匹配,えっと、それじゃあその髪は？,0,001,mp4061_01,EV_04_91_00,_entry,非TK,,,无候选,,,0010130749,えっと、それじゃあその髪は？,T4312,Function_5,Function_5_1021,,
少匹配,あ、これはヘアピースです。,4,006,mp4061_01,EV_04_91_00,_entry,非TK,,,无候选,,,0060130750,あ、これはヘアピースです。,T4310,Function_6,Function_6_142A,,
少匹配,さすがに同じ髪型だと、学園生活に支障をきたしそうだったので……,4,006,mp4061_01,EV_04_91_00,_entry,非TK,,,无候选,,,0060130751,さすがに同じ髪型だと、学園生活に支障をきたしそうだったので……,T4312,Function_5,Function_5_1021,,
少匹配,まったく迂闊でしたよ……,122,027,mp4061_01,EV_04_91_00,_entry,非TK,,,无候选,,,0270130752,まったく迂闊でしたよ……,T4310,Function_6,Function_6_142A,,
少匹配,そのお姿は、写真で拝見していたのに市長邸の事件で会った時にはサッパリ気付きませんでしたからねぇ。,122,027,mp4061_01,EV_04_91_00,_entry,非TK,,,无候选,,,0270130753,そのお姿は、写真で拝見していたのに市長邸の事件で会った時にはサッパリ気付きませんでしたからねぇ。,T4312,Function_5,Function_5_1021,,
少匹配,うふふ、ごめんなさい。,4,006,mp4061_01,EV_04_91_00,_entry,非TK,,,无候选,,,0060130754,うふふ、ごめんなさい。,T4310,Function_6,Function_6_142A,,
少匹配,デュナン小父（おじ）様や、ダルモア市長も気付かなかったみたいですし意外と効果はあったみたいですね。,4,006,mp4061_01,EV_04_91_00,_entry,非TK,,,无候选,,,0060130755,デュナン小父（おじ）様や、ダルモア市長も気付かなかったみたいですし意外と効果はあったみたいですね。,T4310,Function_6,Function_6_142A,,
少匹配,そっか、考えてみればあの公爵も親戚なのよね。,0,001,mp4061_01,EV_04_91_00,_entry,非TK,,,无候选,,,0010130756,そっか、考えてみればあの公爵も親戚なのよね。,T4310,Function_6,Function_6_142A,,
少匹配,とと、そうだ。肝心なことを忘れてたわ。,0,001,mp4061_01,EV_04_91_00,_entry,非TK,,,无候选,,,0010130757,とと、そうだ。肝心なことを忘れてたわ。,T4310,Function_6,Function_6_142A,,
少匹配,エステルさん、ヨシュアさん。それにジンさんと仰いましたね。,4,006,mp4061_01,EV_04_91_00,_entry,非TK,,,无候选,,,0060130759,エステルさん、ヨシュアさん。それにジンさんと仰いましたね。,T4310,Function_6,Function_6_142A,,
少匹配,助けに来てくださって本当にありがとうございました。,4,006,mp4061_01,EV_04_91_00,_entry,非TK,,,无候选,,,0060130760,助けに来てくださって本当にありがとうございました。,T4310,Function_6,Function_6_142A,,
少匹配,あはは、気にしないでよ。,0,001,mp4061_01,EV_04_91_00,_entry,非TK,,,无候选,,,0010130761,あはは、気にしないでよ。,T4310,Function_6,Function_6_142A,,
少匹配,捕まってたのがクローゼだと知ってたら頼まれなくても助けに来たし。,0,001,mp4061_01,EV_04_91_00,_entry,非TK,,,无候选,,,0010130762,捕まってたのがクローゼだと知ってたら頼まれなくても助けに来たし。,T4312,Function_5,Function_5_1021,,
少匹配,確かにその通りだね。,1,002,mp4061_01,EV_04_91_00,_entry,非TK,,,无候选,,,0020130764,確かにその通りだね。,T4310,Function_6,Function_6_142A,,
少匹配,それに、僕たちよりも陛下に感謝した方がいいと思う。,1,002,mp4061_01,EV_04_91_00,_entry,非TK,,,无候选,,,0020130765,それに、僕たちよりも陛下に感謝した方がいいと思う。,T4310,Function_6,Function_6_142A,,
少匹配,自分の身をかえりみずに君の救出を依頼したんだから。,1,002,mp4061_01,EV_04_91_00,_entry,非TK,,,无候选,,,0020130766,自分の身をかえりみずに君の救出を依頼したんだから。,T4310,Function_6,Function_6_142A,,
少匹配,確かに、姫殿下さえ無事ならば大佐の要求を拒否する事ができる……,7,008,mp4061_01,EV_04_91_00,_entry,非TK,,,无候选,,,0080130767,確かに、姫殿下さえ無事ならば大佐の要求を拒否する事ができる……,T4310,Function_6,Function_6_142A,,
少匹配,死すら覚悟されているかもしれませんな。,7,008,mp4061_01,EV_04_91_00,_entry,非TK,,,无候选,,,0080130768,死すら覚悟されているかもしれませんな。,T4310,Function_6,Function_6_142A,,
少匹配,はい……お祖母さまはそういう方です。,4,006,mp4061_01,EV_04_91_00,_entry,非TK,,,无候选,,,0060130769,はい……お祖母さまはそういう方です。,T4310,Function_6,Function_6_142A,,
少匹配,何とか手を打たないと今度はお祖母さまの身が……,4,006,mp4061_01,EV_04_91_00,_entry,非TK,,,无候选,,,0060130770,何とか手を打たないと今度はお祖母さまの身が……,T4312,Function_5,Function_5_1021,,
少匹配,茶番はそのくらいにしてもらおうか……,20850,,mp4061_01,EV_04_91_00,_entry,非TK,,,无候选,,,2680130771,茶番はそのくらいにしてもらおうか……,T4310,Function_6,Function_6_142A,,
少匹配,お、お姫さまぁ～……,12068,234,mp4061_01,EV_04_91_00,_entry,非TK,,,无候选,,,2340130772,お、お姫さまぁ〜……,T4310,Function_6,Function_6_142A,,
少匹配,リアンヌちゃん！？,4,006,mp4061_01,EV_04_91_00,_entry,非TK,,,无候选,,,0060130773,リアンヌちゃん！？,T4310,Function_6,Function_6_142A,,
少匹配,な、なんで女の子が！？,0,001,mp4061_01,EV_04_91_00,_entry,非TK,,,无候选,,,0010130774,な、なんで女の子が！？,T4310,Function_6,Function_6_142A,,
少匹配,モルガン将軍のお孫さんです……,4,006,mp4061_01,EV_04_91_00,_entry,非TK,,,无候选,,,0060130775,モルガン将軍のお孫さんです……,T4310,Function_6,Function_6_142A,,
少匹配,ハーケン門に監禁された将軍を動かすために連れてこられたらしくて……,4,006,mp4061_01,EV_04_91_00,_entry,非TK,,,无候选,,,0060130776,ハーケン門に監禁された将軍を動かすために連れてこられたらしくて……,T4312,Function_5,Function_5_1021,,
少匹配,女王陛下に対する君と同じということか……,1,002,mp4061_01,EV_04_91_00,_entry,非TK,,,无候选,,,0020130777,女王陛下に対する君と同じということか……,T4310,Function_6,Function_6_142A,,
少匹配,言っておくがただの脅しと思うなよ……,20850,,mp4061_01,EV_04_91_00,_entry,非TK,,,无候选,,,2680130778,言っておくがただの脅しと思うなよ……,T4310,Function_6,Function_6_142A,,
少匹配,我ら情報部員、理想のためなら鬼にも修羅にもなれる！,20850,,mp4061_01,EV_04_91_00,_entry,非TK,,,无候选,,,2680130779,我ら情報部員、理想のためなら鬼にも修羅にもなれる！,T4310,Function_6,Function_6_142A,,
少匹配,そ、そんなことで威張ってるんじゃないわよ！,0,001,mp4061_01,EV_04_91_00,_entry,非TK,,,无候选,,,0010130780,そ、そんなことで威張ってるんじゃないわよ！,T4310,Function_6,Function_6_142A,,
少匹配,中隊長、取引をしましょう。,4,006,mp4061_01,EV_04_91_00,_entry,非TK,,,无候选,,,0060130781,中隊長、取引をしましょう。,T4310,Function_6,Function_6_142A,,
少匹配,その子の代わりに私を人質にしてください。,4,006,mp4061_01,EV_04_91_00,_entry,非TK,,,无候选,,,0060130782,その子の代わりに私を人質にしてください。,T4312,Function_5,Function_5_1021,,
少匹配,おっと……その手には乗りませんぞ。,20850,,mp4061_01,EV_04_91_00,_entry,非TK,,,无候选,,,2680130783,おっと……その手には乗りませんぞ。,T4310,Function_6,Function_6_142A,,
少匹配,さすがに我々といえど王族を手にかける勇気はない。,20850,,mp4061_01,EV_04_91_00,_entry,非TK,,,无候选,,,2680130784,さすがに我々といえど王族を手にかける勇気はない。,T4310,Function_6,Function_6_142A,,
少匹配,それと比べると、モルガン将軍の孫娘というのはちょうどよろしい。,20850,,mp4061_01,EV_04_91_00,_entry,非TK,,,无候选,,,2680130785,それと較べると、モルガン将軍の孫娘というのはちょうどよろしい。,T4310,Function_6,Function_6_142A,,
少匹配,人質としての価値もあるし傷つけても問題無さそうだ。,20850,,mp4061_01,EV_04_91_00,_entry,非TK,,,无候选,,,2680130786,人質としての価値もあるし傷つけても問題無さそうだ。,T4310,Function_6,Function_6_142A,,
少匹配,……あなた方は……,4,006,mp4061_01,EV_04_91_00,_entry,非TK,,,无候选,,,0060130787,……あなた方は……,T4310,Function_6,Function_6_142A,,
少匹配,……さいてー。,0,001,mp4061_01,EV_04_91_00,_entry,非TK,,,无候选,,,0010130788,……さいてー。,T4310,Function_6,Function_6_142A,,
少匹配,やれやれ、腐った連中だぜ。,7,008,mp4061_01,EV_04_91_00,_entry,非TK,,,无候选,,,0080130789,やれやれ、腐った連中だぜ。,T4310,Function_6,Function_6_142A,,
少匹配,フン、何とでもほざくがいい。,20850,,mp4061_01,EV_04_91_00,_entry,非TK,,,无候选,,,2680130790,フン、何とでもほざくがいい。,T4310,Function_6,Function_6_142A,,
少匹配,そろそろキルシェ通りから巡回部隊が帰還する頃合いだ。,20850,,mp4061_01,EV_04_91_00,_entry,非TK,,,无候选,,,2680130791,そろそろキルシェ通りから巡回部隊が帰還する頃合いだ。,T4310,Function_6,Function_6_142A,,
少匹配,親衛隊、遊撃士もろともここで一網打尽にしてくれるわ！,20850,,mp4061_01,EV_04_91_00,_entry,非TK,,,无候选,,,2680130792,親衛隊、遊撃士もろともここで一網打尽にしてくれるわ！,T4310,Function_6,Function_6_142A,,
少匹配,あー、それは無理ってもんね。,2,003,mp4061_01,EV_04_91_00,_entry,非TK,,,无候选,,,0030130793,あー、それは無理ってもんね。,T4310,Function_6,Function_6_142A,,
少匹配,ここに来る時にあたしたちが倒しちゃったから。,2,003,mp4061_01,EV_04_91_00,_entry,非TK,,,无候选,,,0030130794,ここに来る時にあたしたちが倒しちゃったから。,T4310,Function_6,Function_6_142A,,
少匹配,ぎゃっ！,20851,,mp4061_01,EV_04_91_00,_entry,非TK,,,无候选,,,2620130795,ぎゃっ！,T4310,Function_6,Function_6_142A,,
少匹配,な……！？,20850,,mp4061_01,EV_04_91_00,_entry,非TK,,,无候选,,,2680130796,な……！？,T4310,Function_6,Function_6_142A,,
少匹配,ひぐっ……うう……,12068,234,mp4061_01,EV_04_91_00,_entry,非TK,,,无候选,,,2340130797,ひぐっ……うう……,T4310,Function_6,Function_6_142A,,
少匹配,うわわああああああん！,12068,234,mp4061_01,EV_04_91_00,_entry,非TK,,,无候选,,,2340130798,うわわああああああん！,T4310,Function_6,Function_6_142A,,
少匹配,よしよし、もう大丈夫よ。,2,003,mp4061_01,EV_04_91_00,_entry,非TK,,,无候选,,,0030130799,よしよし、もう大丈夫よ。,T4310,Function_6,Function_6_142A,,
少匹配,エステル、ヨシュア。ずいぶん久しぶりじゃない。,2,003,mp4061_01,EV_04_91_00,_entry,非TK,,,无候选,,,0030130800,エステル、ヨシュア。　　　　　　　　ずいぶん久しぶりじゃない。,T4310,Function_6,Function_6_142A,,
少匹配,シェ、シェラ姉！？,0,001,mp4061_01,EV_04_91_00,_entry,非TK,,,无候选,,,0010130801,シェ、シェラ姉！？,T4310,Function_6,Function_6_142A,,
少匹配,来てくれたんですか……,1,002,mp4061_01,EV_04_91_00,_entry,非TK,,,无候选,,,0020130802,来てくれたんですか……,T4310,Function_6,Function_6_142A,,
少匹配,な、なにを悠長に挨拶しておるかああっ！,20850,,mp4061_01,EV_04_91_00,_entry,非TK,,,无候选,,,2680130803,な、なにを悠長に挨拶しておるかああっ！,T4310,Function_6,Function_6_142A,,
少匹配,やれやれ、無粋の極みだね。,3,004,mp4061_01,EV_04_91_00,_entry,非TK,,,无候选,,,0040130804,やれやれ、無粋の極みだね。,T4310,Function_6,Function_6_142A,,
少匹配,ぐぎゃっ！,20850,,mp4061_01,EV_04_91_00,_entry,非TK,,,无候选,,,2680130806,ぐぎゃっ！,T4312,Function_5,Function_5_1021,,
少匹配,今のはオマケよ。,2,003,mp4061_01,EV_04_91_00,_entry,非TK,,,无候选,,,0030130807,今のはオマケよ。,T4310,Function_6,Function_6_142A,,
少匹配,エ、エゲツな～。,0,001,mp4061_01,EV_04_91_00,_entry,非TK,,,无候选,,,0010130808,エ、エゲツな〜。,T4310,Function_6,Function_6_142A,,
少匹配,って、今撃ったのって……,0,001,mp4061_01,EV_04_91_00,_entry,非TK,,,无候选,,,0010130809,って、今撃ったのって……,T4310,Function_6,Function_6_142A,,
少匹配,……オリビエさんですか？,1,002,mp4061_01,EV_04_91_00,_entry,非TK,,,无候选,,,0020130810,……オリビエさんですか？,T4310,Function_6,Function_6_142A,,
少匹配,いやいや。真打ち登場といった所かな。,3,004,mp4061_01,EV_04_91_00,_entry,非TK,,,无候选,,,0040130812,いやいや。　　　　　　　　　　　　　真打ち登場といった所かな。,T4310,Function_6,Function_6_142A,,
少匹配,はは、つくづく突拍子もない兄ちゃんだな。,7,008,mp4061_01,EV_04_91_00,_entry,非TK,,,无候选,,,0080130813,はは、つくづく突拍子もない兄ちゃんだな。,T4310,Function_6,Function_6_142A,,
少匹配,それに、シェラザード。ずいぶん久しぶりじゃないか。,7,008,mp4061_01,EV_04_91_00,_entry,非TK,,,无候选,,,0080130814,それに、シェラザード。ずいぶん久しぶりじゃないか。,T4310,Function_6,Function_6_142A,,
少匹配,どうも、ご無沙汰してます。,2,003,mp4061_01,EV_04_91_00,_entry,非TK,,,无候选,,,0030130815,どうも、ご無沙汰してます。,T4310,Function_6,Function_6_142A,,
少匹配,まさかジンさんがリベールに来てるなんてね。,2,003,mp4061_01,EV_04_91_00,_entry,非TK,,,无候选,,,0030130816,まさかジンさんがリベールに来てるなんてね。,T4310,Function_6,Function_6_142A,,
少匹配,あなたがエステルたちに付いているって聞いたからあんまり心配してなかったわ。,2,003,mp4061_01,EV_04_91_00,_entry,非TK,,,无候选,,,0030130817,あなたがエステルたちに付いているって聞いたからあんまり心配してなかったわ。,T4312,Function_5,Function_5_1021,,
少匹配,はは、そりゃさすがに買いかぶりすぎってもんだぜ。,7,008,mp4061_01,EV_04_91_00,_entry,非TK,,,无候选,,,0080130818,はは、そりゃさすがに買いかぶりすぎってもんだぜ。,T4310,Function_6,Function_6_142A,,
少匹配,しかしお前さん……ずいぶん色っぽくなったなぁ。,7,008,mp4061_01,EV_04_91_00,_entry,非TK,,,无候选,,,0080130819,しかしお前さん……ずいぶん色っぽくなったなぁ。,T4310,Function_6,Function_6_142A,,
少匹配,正直、見違えたぞ。,7,008,mp4061_01,EV_04_91_00,_entry,非TK,,,无候选,,,0080130820,正直、見違えたぞ。,T4312,Function_5,Function_5_1021,,
少匹配,あ、あら、そうかしら？,2,003,mp4061_01,EV_04_91_00,_entry,非TK,,,无候选,,,0030130821,あ、あら、そうかしら？,T4310,Function_6,Function_6_142A,,
少匹配,むむむ。そこはかとなくジェラシー。,3,004,mp4061_01,EV_04_91_00,_entry,非TK,,,无候选,,,0040130822,むむむ。そこはかとなくジェラシー。,T4310,Function_6,Function_6_142A,,
少匹配,ボクのことを散々もて遊んでおいてゴミのように捨てるのねっ。,3,004,mp4061_01,EV_04_91_00,_entry,非TK,,,无候选,,,0040130823,ボクのことを散々もて遊んでおいてゴミのように捨てるのねっ。,T4310,Function_6,Function_6_142A,,
少匹配,ああ、オリビエ。アイナが会いたがってたわよ。,2,003,mp4061_01,EV_04_91_00,_entry,非TK,,,无候选,,,0030130824,ああ、オリビエ。アイナが会いたがってたわよ。,T4310,Function_6,Function_6_142A,,
少匹配,また一緒に呑もうだってさ。,2,003,mp4061_01,EV_04_91_00,_entry,非TK,,,无候选,,,0030130825,また一緒に呑もうだってさ。,T4312,Function_5,Function_5_1021,,
少匹配,ごめんなさい。ボクが悪うございました。,3,004,mp4061_01,EV_04_91_00,_entry,非TK,,,无候选,,,0040130826,ごめんなさい。ボクが悪うございました。,T4310,Function_6,Function_6_142A,,
少匹配,まったくもう……みんな相変わらずなんだから。,0,001,mp4061_01,EV_04_91_00,_entry,非TK,,,无候选,,,0010130827,まったくもう……みんな相変わらずなんだから。,T4310,Function_6,Function_6_142A,,
少匹配,でもシェラさん。よく王都に来れましたね。,1,002,mp4061_01,EV_04_91_00,_entry,非TK,,,无候选,,,0020130828,でもシェラさん。よく王都に来れましたね。,T4310,Function_6,Function_6_142A,,
少匹配,王国軍に関所が封鎖されてませんでしたか？,1,002,mp4061_01,EV_04_91_00,_entry,非TK,,,无候选,,,0020130829,王国軍に関所が封鎖されてませんでしたか？,T4312,Function_5,Function_5_1021,,
少匹配,ええ、だからヴァレリア湖をボートを使って移動したわ。,2,003,mp4061_01,EV_04_91_00,_entry,非TK,,,无候选,,,0030130830,ええ、だからヴァレリア湖をボートを使って移動したわ。,T4310,Function_6,Function_6_142A,,
少匹配,で、王都の波止場に上陸したわけ。,2,003,mp4061_01,EV_04_91_00,_entry,非TK,,,无候选,,,0030130831,で、王都の波止場に上陸したわけ。,T4312,Function_5,Function_5_1021,,
少匹配,なるほど、考えましたね……,1,002,mp4061_01,EV_04_91_00,_entry,非TK,,,无候选,,,0020130832,なるほど、考えましたね……,T4312,Function_5,Function_5_1021,,
少匹配,でも、どうしてまたスチャラカ演奏家と一緒なの？,0,001,mp4061_01,EV_04_91_00,_entry,非TK,,,无候选,,,0010130833,でも、どうしてまたスチャラカ演奏家と一緒なの？,T4310,Function_6,Function_6_142A,,
少匹配,王都のギルドでばったり出くわしちゃってね。,2,003,mp4061_01,EV_04_91_00,_entry,非TK,,,无候选,,,0030130834,王都のギルドでばったり出くわしちゃってね。,T4310,Function_6,Function_6_142A,,
少匹配,スッポンみたいに離れないから仕方なく連れて来たのよ……,2,003,mp4061_01,EV_04_91_00,_entry,非TK,,,无候选,,,0030130835,スッポンみたいに離れないから仕方なく連れて来たのよ……,T4312,Function_5,Function_5_1021,,
少匹配,ハッハッハッ。,3,004,mp4061_01,EV_04_91_00,_entry,非TK,,,无候选,,,0040130836,ハッハッハッ。,T4310,Function_6,Function_6_142A,,
少匹配,こんな面白そうなことをボクが放っておくわけないだろう。,3,004,mp4061_01,EV_04_91_00,_entry,非TK,,,无候选,,,0040130837,こんな面白そうなことをボクが放っておくわけないだろう。,T4312,Function_5,Function_5_1021,,
少匹配,ところで、そちらのお嬢さんが……,3,004,mp4061_01,EV_04_91_00,_entry,非TK,,,无候选,,,0040130838,ところで、そちらのお嬢さんが……,T4310,Function_6,Function_6_142A,,
少匹配,あ、紹介するわね。,0,001,mp4061_01,EV_04_91_00,_entry,非TK,,,无候选,,,0010130839,あ、紹介するわね。,T4310,Function_6,Function_6_142A,,
少匹配,女王様のお孫さんにあたるクローディア姫殿下よ。,0,001,mp4061_01,EV_04_91_00,_entry,非TK,,,无候选,,,0010130840,女王様のお孫さんにあたるクローディア姫殿下よ。,T4312,Function_5,Function_5_1021,,
少匹配,あたしとヨシュアの友達なの。,0,001,mp4061_01,EV_04_91_00,_entry,非TK,,,无候选,,,0010130841,あたしとヨシュアの友達なの。,T4312,Function_5,Function_5_1021,,
少匹配,初めまして、お２人とも。,4,006,mp4061_01,EV_04_91_00,_entry,非TK,,,无候选,,,0060130842,初めまして、お２人とも。,T4310,Function_6,Function_6_142A,,
少匹配,助けにきて下さって本当にありがとうございます。,4,006,mp4061_01,EV_04_91_00,_entry,非TK,,,无候选,,,0060130843,助けにきて下さって本当にありがとうございます。,T4312,Function_5,Function_5_1021,,
少匹配,お気になさらずに。これも遊撃士としての務めです。,2,003,mp4061_01,EV_04_91_00,_entry,非TK,,,无候选,,,0030130844,お気になさらずに。これも遊撃士としての務めです。,T4310,Function_6,Function_6_142A,,
少匹配,フッ、美しき姫君を救うのは紳士としての誉れと言うからねぇ。,3,004,mp4061_01,EV_04_91_00,_entry,非TK,,,无候选,,,0040130845,フッ、美しき姫君を救うのは紳士としての誉れと言うからねぇ。,T4310,Function_6,Function_6_142A,,
少匹配,お会いできて光栄だ、プリンセス。,3,004,mp4061_01,EV_04_91_00,_entry,非TK,,,无候选,,,0040130846,お会いできて光栄だ、プリンセス。,T4310,Function_6,Function_6_142A,,
少匹配,クローゼ、ご無事でしたか！,107,010,mp4061_01,EV_04_91_00,_entry,非TK,,,无候选,,,0100130847,クローゼ、ご無事でしたか！,T4310,Function_6,Function_6_142A,,
少匹配,ユリアさん、ジーク！,4,006,mp4061_01,EV_04_91_00,_entry,非TK,,,无候选,,,0060130848,ユリアさん、ジーク！,T4310,Function_6,Function_6_142A,,
少匹配,ピュイピュイ！,152,044,mp4061_01,EV_04_91_00,_entry,非TK,,,无候选,,,0440130850,ピュイピュイ！,T4310,Function_6,Function_6_142A,,
少匹配,ピュウ──イ！,152,044,mp4061_01,EV_04_91_00,_entry,非TK,,,无候选,,,0440130851,ピュウ──イ！,T4310,Function_6,Function_6_142A,,
少匹配,ふふ、よかった。また会うことができて。,4,006,mp4061_01,EV_04_91_00,_entry,非TK,,,无候选,,,0060130852,ふふ、よかった。また会うことができて。,T4310,Function_6,Function_6_142A,,
少匹配,殿下、よくご無事で……,107,010,mp4061_01,EV_04_91_00,_entry,非TK,,,无候选,,,0100130853,殿下、よくご無事で……,T4310,Function_6,Function_6_142A,,
少匹配,本当に……本当に良かった……,107,010,mp4061_01,EV_04_91_00,_entry,非TK,,,无候选,,,0100130854,本当に……本当に良かった……,T4312,Function_5,Function_5_1021,,
少匹配,ユリアさんも……元気そうで良かったです。,4,006,mp4061_01,EV_04_91_00,_entry,非TK,,,无候选,,,0060130855,ユリアさんも……元気そうで良かったです。,T4310,Function_6,Function_6_142A,,
少匹配,本当に……申しわけありませんでした。,107,010,mp4061_01,EV_04_91_02,_entry,非TK,,,无候选,,,0100130858,本当に……申しわけありませんでした。,T4311,Function_11,Function_11_1ECC,,
少匹配,私が不甲斐なかったばかりにこのような苦労をおかけして……,107,010,mp4061_01,EV_04_91_02,_entry,非TK,,,无候选,,,0100130859,私が不甲斐なかったばかりにこのような苦労をおかけして……,T4313,Function_6,Function_6_163E,,
少匹配,出来ることなら、至らぬ我が身をこの手で引き裂いてやりたかった……,107,010,mp4061_01,EV_04_91_02,_entry,非TK,,,无候选,,,0100130860,出来ることなら、至らぬ我が身をこの手で引き裂いてやりたかった……,T4313,Function_6,Function_6_163E,,
少匹配,そんなこと言わないでください。,4,006,mp4061_01,EV_04_91_02,_entry,非TK,,,无候选,,,0060130861,そんなこと言わないでください。,T4311,Function_11,Function_11_1ECC,,
少匹配,お互い、こうして無事に再会できただけでも嬉しいです。,4,006,mp4061_01,EV_04_91_02,_entry,非TK,,,无候选,,,0060130862,お互い、こうして無事に再会できただけでも嬉しいです。,T4311,Function_11,Function_11_1ECC,,
少匹配,助けにきてくれて……本当にありがとうございました。,4,006,mp4061_01,EV_04_91_02,_entry,非TK,,,无候选,,,0060130863,助けにきてくれて……本当にありがとうございました。,T4313,Function_6,Function_6_163E,,
少匹配,殿下……,107,010,mp4061_01,EV_04_91_02,_entry,非TK,,,无候选,,,0100130864,殿下……,T4311,Function_11,Function_11_1ECC,,
少匹配,えっと、感動してるところをちょっと悪いんですけど……,0,001,mp4061_01,EV_04_91_02,_entry,非TK,,,无候选,,,0010130865,えっと、感動してるところをちょっと悪いんですけど……,T4311,Function_11,Function_11_1ECC,,
少匹配,なんでジークがここにいるの？,0,001,mp4061_01,EV_04_91_02,_entry,非TK,,,无候选,,,0010130866,なんでジークがここにいるの？,T4311,Function_11,Function_11_1ECC,,
少匹配,はは、ジークは殿下の護衛であると同時に親衛隊の伝令係でもあるんだ。,107,010,mp4061_01,EV_04_91_02,_entry,非TK,,,无候选,,,0100130868,はは、ジークは殿下の護衛であると同時に親衛隊の伝令係でもあるんだ。,T4313,Function_6,Function_6_163E,,
少匹配,君たちのホテルにも手紙を届けさせただろう？,107,010,mp4061_01,EV_04_91_02,_entry,非TK,,,无候选,,,0100130869,君たちのホテルにも手紙を届けさせただろう？,T4313,Function_6,Function_6_163E,,
少匹配,あ……あの夜の！,0,001,mp4061_01,EV_04_91_02,_entry,非TK,,,无候选,,,0010130870,あ……あの夜の！,T4311,Function_11,Function_11_1ECC,,
少匹配,やっぱりそうだったんですか。,1,002,mp4061_01,EV_04_91_02,_entry,非TK,,,无候选,,,0020130871,やっぱりそうだったんですか。,T4311,Function_11,Function_11_1ECC,,
少匹配,それでは、女王陛下の依頼をユリアさんが知っていたのも……,1,002,mp4061_01,EV_04_91_02,_entry,非TK,,,无候选,,,0020130872,それでは、女王陛下の依頼をユリアさんが知っていたのも……,T4313,Function_6,Function_6_163E,,
少匹配,ああ、女王宮の陛下から直接、ジークを介して教えていただいた。,107,010,mp4061_01,EV_04_91_02,_entry,非TK,,,无候选,,,0100130873,ああ、女王宮の陛下から直接、ジークを介して教えていただいた。,T4311,Function_11,Function_11_1ECC,,
少匹配,だが、殿下がいたあの広間にはジークの侵入できる窓が無くてね。,107,010,mp4061_01,EV_04_91_02,_entry,非TK,,,无候选,,,0100130874,だが、殿下がいたあの広間にはジークの侵入できる窓が無くてね。,T4311,Function_11,Function_11_1ECC,,
少匹配,連絡できなくて本当に心配したよ。,107,010,mp4061_01,EV_04_91_02,_entry,非TK,,,无候选,,,0100130875,連絡できなくて本当に心配したよ。,T4313,Function_6,Function_6_163E,,
少匹配,まったくもう……驚かせてくれるじゃない。,0,001,mp4061_01,EV_04_91_02,_entry,非TK,,,无候选,,,0010130876,まったくもう……驚かせてくれるじゃない。,T4311,Function_11,Function_11_1ECC,,
少匹配,こら、ジーク。黙って手紙を置いていくなんてちょっと薄情なんじゃないの？,0,001,mp4061_01,EV_04_91_02,_entry,非TK,,,无候选,,,0010130877,こら、ジーク。黙って手紙を置いていくなんてちょっと薄情なんじゃないの？,T4311,Function_11,Function_11_1ECC,,
少匹配,ピュイ～……,152,044,mp4061_01,EV_04_91_02,_entry,非TK,,,无候选,,,0440130878,ピュイ〜……,T4311,Function_11,Function_11_1ECC,,
少匹配,ふふ……『ごめんよ』ですって。,4,006,mp4061_01,EV_04_91_02,_entry,非TK,,,无候选,,,0060130879,ふふ……『ごめんよ』ですって。,T4311,Function_11,Function_11_1ECC,,
少匹配,あはは、まあいいか。,0,001,mp4061_01,EV_04_91_02,_entry,非TK,,,无候选,,,0010130880,あはは、まあいいか。,T4311,Function_11,Function_11_1ECC,,
少匹配,ところで、特務兵たちはもうほとんどやっつけたの？,0,001,mp4061_01,EV_04_91_02,_entry,非TK,,,无候选,,,0010130881,ところで、特務兵たちはもうほとんどやっつけたの？,T4311,Function_11,Function_11_1ECC,,
少匹配,離宮に詰めていた部隊はほぼ拘束することができた。,107,010,mp4061_01,EV_04_91_02,_entry,非TK,,,无候选,,,0100130882,離宮に詰めていた部隊はほぼ拘束することができた。,T4311,Function_11,Function_11_1ECC,,
少匹配,しかし、グランセル城内にはまだ相当数が残っているはずだ。,107,010,mp4061_01,EV_04_91_02,_entry,非TK,,,无候选,,,0100130883,しかし、グランセル城内にはまだ相当数が残っているはずだ。,T4313,Function_6,Function_6_163E,,
少匹配,各地の王国軍も、いまだに情報部のコントロール下にある。,2,003,mp4061_01,EV_04_91_02,_entry,非TK,,,无候选,,,0030130884,各地の王国軍も、いまだに情報部のコントロール下にある。,T4311,Function_11,Function_11_1ECC,,
少匹配,下手をしたら、反乱軍としてこの場所を鎮圧されかねないわ。,2,003,mp4061_01,EV_04_91_02,_entry,非TK,,,无候选,,,0030130885,下手をしたら、反乱軍としてこの場所を鎮圧されかねないわ。,T4311,Function_11,Function_11_1ECC,,
少匹配,うわ……そこまでは考えてなかったわね。,0,001,mp4061_01,EV_04_91_02,_entry,非TK,,,无候选,,,0010130886,うわ……そこまでは考えてなかったわね。,T4311,Function_11,Function_11_1ECC,,
少匹配,クローゼだけでも、別の場所に避難させた方がいいかもしれません。,1,002,mp4061_01,EV_04_91_02,_entry,非TK,,,无候选,,,0020130888,クローゼだけでも、別の場所に避難させた方がいいかもしれません。,T4311,Function_11,Function_11_1ECC,,
少匹配,ならば、帝国か共和国の大使館に保護を求めてはどうかな？,3,004,mp4061_01,EV_04_91_02,_entry,非TK,,,无候选,,,0040130890,ならば、帝国か共和国の大使館に保護を求めてはどうかな？,T4313,Function_6,Function_6_163E,,
少匹配,大使館内は治外法権……簡単に手出しできないからね。,3,004,mp4061_01,EV_04_91_02,_entry,非TK,,,无候选,,,0040130891,大使館内は治外法権……簡単に手出しできないからね。,T4311,Function_11,Function_11_1ECC,,
少匹配,さっきの作戦で鹵獲（ろかく）した飛行艇で亡命する手もあるな。,7,008,mp4061_01,EV_04_91_02,_entry,非TK,,,无候选,,,0080130892,さっきの作戦で鹵獲（ろかく）した飛行艇で亡命する手もあるな。,T4311,Function_11,Function_11_1ECC,,
少匹配,根本的な解決にはならんが時間を稼ぐのにはちょうどいい。,7,008,mp4061_01,EV_04_91_02,_entry,非TK,,,无候选,,,0080130893,根本的な解決にはならんが時間を稼ぐのにはちょうどいい。,T4313,Function_6,Function_6_163E,,
少匹配,そうだな……どうお逃がしするべきか……,107,010,mp4061_01,EV_04_91_02,_entry,非TK,,,无候选,,,0100130894,そうだな……どうお逃がしするべきか……,T4311,Function_11,Function_11_1ECC,,
少匹配,あの……みなさん。,4,006,mp4061_01,EV_04_91_02,_entry,非TK,,,无候选,,,0060130896,あの……みなさん。,T4311,Function_11,Function_11_1ECC,,
少匹配,この状況で、私が遊撃士の皆さんに依頼をすることは可能でしょうか？,4,006,mp4061_01,EV_04_91_02,_entry,非TK,,,无候选,,,0060130897,この状況で、私が遊撃士の皆さんに依頼をすることは可能でしょうか？,T4311,Function_11,Function_11_1ECC,,
少匹配,人質救出のミッションは完了したから大丈夫だと思うよ。,1,002,mp4061_01,EV_04_91_02,_entry,非TK,,,无候选,,,0020130899,人質救出のミッションは完了したから大丈夫だと思うよ。,T4311,Function_11,Function_11_1ECC,,
少匹配,もちろん、依頼内容にもよるけどね。,1,002,mp4061_01,EV_04_91_02,_entry,非TK,,,无候选,,,0020130900,もちろん、依頼内容にもよるけどね。,T4313,Function_6,Function_6_163E,,
少匹配,でしたら……無理を承知でお願いします。,4,006,mp4061_01,EV_04_91_02,_entry,非TK,,,无候选,,,0060130901,でしたら……無理を承知でお願いします。,T4311,Function_11,Function_11_1ECC,,
少匹配,王城の解放と、陛下の救出を手伝っていただけないでしょうか？,4,006,mp4061_01,EV_04_91_02,_entry,非TK,,,无候选,,,0060130902,王城の解放と、陛下の救出を手伝っていただけないでしょうか？,T4311,Function_11,Function_11_1ECC,,
少匹配,そっか……そうよね。,0,001,mp4061_01,EV_04_91_02,_entry,非TK,,,无候选,,,0010130904,そっか……そうよね。,T4311,Function_11,Function_11_1ECC,,
少匹配,今度は女王様を助けないと！,0,001,mp4061_01,EV_04_91_02,_entry,非TK,,,无候选,,,0010130905,今度は女王様を助けないと！,T4313,Function_6,Function_6_163E,,
少匹配,正直言って、その話にはなるんじゃないかと思ったぜ。,7,008,mp4061_01,EV_04_91_02,_entry,非TK,,,无候选,,,0080130906,正直言って、その話にはなるんじゃないかと思ったぜ。,T4311,Function_11,Function_11_1ECC,,
少匹配,だが、姫殿下……その依頼はかなりの難物だ。,7,008,mp4061_01,EV_04_91_02,_entry,非TK,,,无候选,,,0080130907,だが、姫殿下……その依頼はかなりの難物だ。,T4311,Function_11,Function_11_1ECC,,
少匹配,ここにいる戦力を全員集めても正面から落とすのは不可能だわ。,2,003,mp4061_01,EV_04_91_02,_entry,非TK,,,无候选,,,0030130909,ここにいる戦力を全員集めても正面から落とすのは不可能だわ。,T4313,Function_6,Function_6_163E,,
少匹配,あの特務艇を使えば可能性はあると思いますが……,1,002,mp4061_01,EV_04_91_02,_entry,非TK,,,无候选,,,0020130910,あの特務艇を使えば可能性はあると思いますが……,T4311,Function_11,Function_11_1ECC,,
少匹配,ただ、よほど上手い仕掛けが必要になりそうですね。,1,002,mp4061_01,EV_04_91_02,_entry,非TK,,,无候选,,,0020130911,ただ、よほど上手い仕掛けが必要になりそうですね。,T4313,Function_6,Function_6_163E,,
少匹配,……私に考えがあります。,4,006,mp4061_01,EV_04_91_02,_entry,非TK,,,无候选,,,0060130912,……私に考えがあります。,T4311,Function_11,Function_11_1ECC,,
少匹配,皆さん、これを見て頂けますか？,4,006,mp4061_01,EV_04_91_02,_entry,非TK,,,无候选,,,0060130913,皆さん、これを見て頂けますか？,T4311,Function_11,Function_11_1ECC,,
少匹配,これって……どこの地図？,0,001,mp4061_01,EV_04_91_02,_entry,非TK,,,无候选,,,0010130914,これって……どこの地図？,T4311,Function_11,Function_11_1ECC,,
少匹配,王都の地下水路の内部構成を記した古文書です。,4,006,mp4061_01,EV_04_91_02,_entry,非TK,,,无候选,,,0060130915,王都の地下水路の内部構成を記した古文書です。,T4311,Function_11,Function_11_1ECC,,
少匹配,これに、王城地下に通じる隠し水路の存在が記されています。,4,006,mp4061_01,EV_04_91_02,_entry,非TK,,,无候选,,,0060130916,これに、王城地下に通じる隠し水路の存在が記されています。,T4313,Function_6,Function_6_163E,,
少匹配,これよりグランセル城解放と女王陛下の救出作戦を説明する。,107,010,mp4061_01,EV_04_93_00,_entry,非TK,,,无候选,,,0100130943,これよりグランセル城解放と女王陛下の救出作戦を説明する。,T4312,Function_6,Function_6_39CE,,
少匹配,まずは、ヨシュア殿以下、３名のチームが地下水路よりグランセル城地下へと侵入。,107,010,mp4061_01,EV_04_93_00,_entry,非TK,,,无候选,,,0100130944,まずは、ヨシュア殿以下、３名のチームが地下水路よりグランセル城地下へと侵入。,T4312,Function_6,Function_6_39CE,,
少匹配,親衛隊の詰所へと急行し城門の開閉装置を起動する。,107,010,mp4061_01,EV_04_93_00,_entry,非TK,,,无候选,,,0100130945,親衛隊の詰所へと急行し城門の開閉装置を起動する。,T4312,Function_6,Function_6_39CE,,
少匹配,ま、でかい花火の点火役ってところだな。,7,008,mp4061_01,EV_04_93_00,_entry,非TK,,,无候选,,,0080130947,ま、でかい花火の点火役ってところだな。,T4312,Function_6,Function_6_39CE,,
少匹配,フフ……いずれにせよ最終幕の幕開けには違いない。,3,004,mp4061_01,EV_04_93_00,_entry,非TK,,,无候选,,,0040130948,フフ……いずれにせよ最終幕の幕開けには違いない。,T4312,Function_6,Function_6_39CE,,
少匹配,城門が開くのと同時に親衛隊全員と、遊撃士４名が市街から城内へと突入。,107,010,mp4061_01,EV_04_93_00,_entry,非TK,,,无候选,,,0100130949,城門が開くのと同時に親衛隊全員と、遊撃士４名が市街から城内へと突入。,T4312,Function_6,Function_6_39CE,,
少匹配,なるべく派手に戦闘を行い敵の動きを城内へと集中させる。,107,010,mp4061_01,EV_04_93_00,_entry,非TK,,,无候选,,,0100130950,なるべく派手に戦闘を行い敵の動きを城内へと集中させる。,T4312,Function_6,Function_6_39CE,,
少匹配,ああ、任せてもらおう。,100,033,mp4061_01,EV_04_93_00,_entry,非TK,,,无候选,,,0330130951,ああ、任せてもらおう。,T4312,Function_6,Function_6_39CE,,
少匹配,よっしゃ、腕が鳴るぜえ！,103,031,mp4061_01,EV_04_93_00,_entry,非TK,,,无候选,,,0310130952,よっしゃ、腕が鳴るぜえ！,T4312,Function_6,Function_6_39CE,,
少匹配,そして最後に……,107,010,mp4061_01,EV_04_93_00,_entry,非TK,,,无候选,,,0100130953,そして最後に……,T4312,Function_6,Function_6_39CE,,
少匹配,……殿下、やはり考え直して頂けませんか？,107,010,mp4061_01,EV_04_93_00,_entry,非TK,,,无候选,,,0100130954,……殿下、やはり考え直して頂けませんか？,T4312,Function_6,Function_6_39CE,,
少匹配,ごめんなさい……お祖母様は私が助けたいんです。,4,006,mp4061_01,EV_04_93_00,_entry,非TK,,,无候选,,,0060130955,ごめんなさい……お祖母様は私が助けたいんです。,T4312,Function_6,Function_6_39CE,,
少匹配,それに私は一応、飛行艇の操縦ができますから……,4,006,mp4061_01,EV_04_93_00,_entry,非TK,,,无候选,,,0060130956,それに私は一応、飛行艇の操縦ができますから……,T4312,Function_6,Function_6_39CE,,
少匹配,どうか作戦に役立ててください。,4,006,mp4061_01,EV_04_93_00,_entry,非TK,,,无候选,,,0060130957,どうか作戦に役立ててください。,T4312,Function_6,Function_6_39CE,,
少匹配,こんな事なら、操縦方法などお教えするのではなかったか……,107,010,mp4061_01,EV_04_93_00,_entry,非TK,,,无候选,,,0100130959,こんな事なら、操縦方法などお教えするのではなかったか……,T4312,Function_6,Function_6_39CE,,
少匹配,まあまあ、ユリアさん。,0,001,mp4061_01,EV_04_93_00,_entry,非TK,,,无候选,,,0010130960,まあまあ、ユリアさん。,T4312,Function_6,Function_6_39CE,,
少匹配,クローゼのことならあたしたちに任せておいて。,0,001,mp4061_01,EV_04_93_00,_entry,非TK,,,无候选,,,0010130961,クローゼのことならあたしたちに任せておいて。,T4312,Function_6,Function_6_39CE,,
少匹配,《銀閃》の名に賭けて必ずやお守りすることを誓うわ。,2,003,mp4061_01,EV_04_93_00,_entry,非TK,,,无候选,,,0030130962,《銀閃》の名に賭けて必ずやお守りすることを誓うわ。,T4312,Function_6,Function_6_39CE,,
少匹配,わかった……どうかお願いする。,107,010,mp4061_01,EV_04_93_00,_entry,非TK,,,无候选,,,0100130963,わかった……どうかお願いする。,T4312,Function_6,Function_6_39CE,,
少匹配,城内に敵戦力が集中した直後、エステル殿以下３名のチームが特務飛行艇で空中庭園に強行着陸。,107,010,mp4061_01,EV_04_93_00,_entry,非TK,,,无候选,,,0100130964,城内に敵戦力が集中した直後、エステル殿以下３名のチームが特務飛行艇で空中庭園に強行着陸。,T4312,Function_6,Function_6_39CE,,
少匹配,しかる後、女王宮に突入してアリシア女王陛下をお助けする。,107,010,mp4061_01,EV_04_93_00,_entry,非TK,,,无候选,,,0100130965,しかる後、女王宮に突入してアリシア女王陛下をお助けする。,T4312,Function_6,Function_6_39CE,,
少匹配,作戦決行は正午の鐘と同時──それまでに待機位置についてくれ。,107,010,mp4061_01,EV_04_93_00,_entry,非TK,,,无候选,,,0100130967,作戦決行は正午の鐘と同時──それまでに待機位置についてくれ。,T4312,Function_6,Function_6_39CE,,
少匹配,それでは各員、行動開始せよ！,107,010,mp4061_01,EV_04_93_00,_entry,非TK,,,无候选,,,0100130968,それでは各員、行動開始せよ！,T4312,Function_6,Function_6_39CE,,
少匹配,……以上が王国北方で起こった空賊事件の顛末さ。,3,004,mp8000,EV_02_00_00,_entry,非TK,,,无候选,,,0040040001,……以上が王国北方で起こった空賊事件の顛末（てんまつ）さ。,E0000,Function_5,Function_5_1605,,
少匹配,……携帯用の小型通信器ね。,2,003,mp8000,EV_02_00_00,_entry,非TK,,,无候选,,,0030040017,……携帯用の小型通信器ね。,E0000,Function_5,Function_5_1605,,
少匹配,ずいぶん洒落たものを持ち歩いているじゃないの。,2,003,mp8000,EV_02_00_00,_entry,非TK,,,无候选,,,0030040018,ずいぶん洒落たものを持ち歩いているじゃないの。,E0000,Function_5,Function_5_1605,,
少匹配,アーティファクト……七耀教会が管理している聖遺物か。,2,003,mp8000,EV_02_00_00,_entry,非TK,,,无候选,,,0030040045,アーティファクト……七耀教会が管理している聖遺物（せいいぶつ）か。,E0000,Function_5,Function_5_1605,,
少匹配,当飛行船はまもなくレイストン要塞に到着します。,20700,,mp8020_01,EV_03_71_01,_entry,非TK,,,无候选,,,2700090751,当飛行船はまもなくレイストン要塞に到着します。,E0012,Function_12,Function_12_16B1,,
少匹配,遊撃士の方々は至急、船倉エリアに集まってください。,20700,,mp8020_01,EV_03_71_01,_entry,非TK,,,无候选,,,2700090752,遊撃士の方々は至急、船倉エリアに集まってください。,E0012,Function_12,Function_12_16B1,,
